OpenROAD edf00dff99f6c40d67a30c0e22a8191c5d2ed9d6 
Features included (+) or not (-): +Charts +GPU +GUI +Python
This program is licensed under the BSD-3 license. See the LICENSE file for details.
Components of this program may be licensed under more restrictive licenses which must be honored.
[INFO ORD-0030] Using 14 thread(s).
[INFO DRT-0149] Reading tech and libs.
[WARNING DRT-0349] LEF58_ENCLOSURE with no CUTCLASS is not supported. Skipping for layer mcon
[WARNING DRT-0349] LEF58_ENCLOSURE with no CUTCLASS is not supported. Skipping for layer mcon
[WARNING DRT-0349] LEF58_ENCLOSURE with no CUTCLASS is not supported. Skipping for layer via
[WARNING DRT-0349] LEF58_ENCLOSURE with no CUTCLASS is not supported. Skipping for layer via
[WARNING DRT-0349] LEF58_ENCLOSURE with no CUTCLASS is not supported. Skipping for layer via2
[WARNING DRT-0349] LEF58_ENCLOSURE with no CUTCLASS is not supported. Skipping for layer via2
[WARNING DRT-0349] LEF58_ENCLOSURE with no CUTCLASS is not supported. Skipping for layer via3
[WARNING DRT-0349] LEF58_ENCLOSURE with no CUTCLASS is not supported. Skipping for layer via3
[WARNING DRT-0349] LEF58_ENCLOSURE with no CUTCLASS is not supported. Skipping for layer via4
[WARNING DRT-0349] LEF58_ENCLOSURE with no CUTCLASS is not supported. Skipping for layer via4

Units:                1000
Number of layers:     13
Number of macros:     437
Number of vias:       30
Number of viarulegen: 25

[INFO DRT-0150] Reading design.
[WARNING DRT-0120] Large net cpu/genblk2.pcpi_div/_0663_ has 136 pins which may impact routing performance. Consider optimization.

Design:                   picosoc
Die area:                 ( 0 0 ) ( 1400000 1400000 )
Number of track patterns: 12
Number of DEF vias:       0
Number of components:     103722
Number of terminals:      123
Number of snets:          2
Number of nets:           78227

[INFO DRT-0167] List of default vias:
  Layer via
    default via: M1M2_PR
  Layer via2
    default via: M2M3_PR
  Layer via3
    default via: M3M4_PR
  Layer via4
    default via: M4M5_PR
[INFO DRT-0162] Library cell analysis.
[INFO DRT-0163] Instance analysis.
  Complete 100000 instances.
[INFO DRT-0164] Number of unique instances = 422.
[INFO DRT-0168] Init region query.
[INFO DRT-0018]   Complete 100000 insts.
[INFO DRT-0024]   Complete FR_MASTERSLICE.
[INFO DRT-0024]   Complete licon.
[INFO DRT-0024]   Complete li1.
[INFO DRT-0024]   Complete mcon.
[INFO DRT-0024]   Complete met1.
[INFO DRT-0024]   Complete via.
[INFO DRT-0024]   Complete met2.
[INFO DRT-0024]   Complete via2.
[INFO DRT-0024]   Complete met3.
[INFO DRT-0024]   Complete via3.
[INFO DRT-0024]   Complete met4.
[INFO DRT-0024]   Complete via4.
[INFO DRT-0024]   Complete met5.
[INFO DRT-0033] FR_MASTERSLICE shape region query size = 0.
[INFO DRT-0033] licon shape region query size = 0.
[INFO DRT-0033] li1 shape region query size = 2694670.
[INFO DRT-0033] mcon shape region query size = 0.
[INFO DRT-0033] met1 shape region query size = 381190.
[INFO DRT-0033] via shape region query size = 66420.
[INFO DRT-0033] met2 shape region query size = 39854.
[INFO DRT-0033] via2 shape region query size = 53136.
[INFO DRT-0033] met3 shape region query size = 39852.
[INFO DRT-0033] via3 shape region query size = 53136.
[INFO DRT-0033] met4 shape region query size = 14781.
[INFO DRT-0033] via4 shape region query size = 1439.
[INFO DRT-0033] met5 shape region query size = 1496.
[INFO DRT-0165] Start pin access.
[INFO DRT-0076]   Complete 1000 pins.
[INFO DRT-0078]   Complete 1778 pins.
[INFO DRT-0079]   Complete 100 unique inst patterns.
[INFO DRT-0079]   Complete 200 unique inst patterns.
[INFO DRT-0079]   Complete 300 unique inst patterns.
[INFO DRT-0079]   Complete 400 unique inst patterns.
[INFO DRT-0081]   Complete 416 unique inst patterns.
[INFO DRT-0082]   Complete 10000 groups.
[INFO DRT-0082]   Complete 20000 groups.
[INFO DRT-0082]   Complete 30000 groups.
[INFO DRT-0082]   Complete 40000 groups.
[INFO DRT-0084]   Complete 45219 groups.
#scanned instances     = 103722
#unique  instances     = 422
#stdCellGenAp          = 13283
#stdCellValidPlanarAp  = 158
#stdCellValidViaAp     = 10226
#stdCellPinNoAp        = 0
#stdCellPinCnt         = 258265
#instTermValidViaApCnt = 0
#macroGenAp            = 0
#macroValidPlanarAp    = 0
#macroValidViaAp       = 0
#macroNoAp             = 0
[INFO DRT-0166] Complete pin access.
[INFO DRT-0267] cpu time = 00:10:41, elapsed time = 00:00:46, memory = 1201.89 (MB), peak = 1278.58 (MB)
[INFO DRT-0156] guideIn read 100000 guides.
[INFO DRT-0156] guideIn read 200000 guides.
[INFO DRT-0156] guideIn read 300000 guides.
[INFO DRT-0156] guideIn read 400000 guides.

[INFO DRT-0157] Number of guides:     463683

[INFO DRT-0169] Post process guides.
[INFO DRT-0176] GCELLGRID X 0 DO 202 STEP 6900 ;
[INFO DRT-0177] GCELLGRID Y 0 DO 202 STEP 6900 ;
[INFO DRT-0026]   Complete 100000 origin guides.
[INFO DRT-0026]   Complete 200000 origin guides.
[INFO DRT-0026]   Complete 300000 origin guides.
[INFO DRT-0026]   Complete 400000 origin guides.
[INFO DRT-0028]   Complete FR_MASTERSLICE.
[INFO DRT-0028]   Complete licon.
[INFO DRT-0028]   Complete li1.
[INFO DRT-0028]   Complete mcon.
[INFO DRT-0028]   Complete met1.
[INFO DRT-0028]   Complete via.
[INFO DRT-0028]   Complete met2.
[INFO DRT-0028]   Complete via2.
[INFO DRT-0028]   Complete met3.
[INFO DRT-0028]   Complete via3.
[INFO DRT-0028]   Complete met4.
[INFO DRT-0028]   Complete via4.
[INFO DRT-0028]   Complete met5.
[WARNING DRT-0225] _002_ 3 pin not visited, fall back to feedthrough mode.
[WARNING DRT-0225] _004_ 4 pin not visited, fall back to feedthrough mode.
[WARNING DRT-0225] _050_ 9 pin not visited, fall back to feedthrough mode.
[WARNING DRT-0225] _057_ 33 pin not visited, fall back to feedthrough mode.
[WARNING DRT-0225] mem_addr[16] 2 pin not visited, fall back to feedthrough mode.
[WARNING DRT-0225] mem_wdata[17] 2 pin not visited, fall back to feedthrough mode.
[WARNING DRT-0225] ram_ready 61 pin not visited, fall back to feedthrough mode.
[WARNING DRT-0225] resetn 8 pin not visited, fall back to feedthrough mode.
[WARNING DRT-0225] uart_dat_do[9] 13 pin not visited, fall back to feedthrough mode.
[WARNING DRT-0225] uart_div_do[10] 6 pin not visited, fall back to feedthrough mode.
[WARNING DRT-0225] uart_div_do[16] 3 pin not visited, fall back to feedthrough mode.
[WARNING DRT-0225] uart_div_do[1] 1 pin not visited, fall back to feedthrough mode.
[WARNING DRT-0225] uart_div_do[25] 7 pin not visited, fall back to feedthrough mode.
[WARNING DRT-0225] uart_div_do[29] 3 pin not visited, fall back to feedthrough mode.
[WARNING DRT-0225] uart_div_do[31] 6 pin not visited, fall back to feedthrough mode.
[WARNING DRT-0225] uart_div_do[9] 1 pin not visited, fall back to feedthrough mode.
[WARNING DRT-0225] zero_ 16 pin not visited, fall back to feedthrough mode.
[WARNING DRT-0225] aes_inst/_0468_ 5 pin not visited, fall back to feedthrough mode.
[WARNING DRT-0225] aes_inst/_0469_ 1 pin not visited, fall back to feedthrough mode.
[WARNING DRT-0225] aes_inst/_0495_ 1 pin not visited, fall back to feedthrough mode.
[WARNING DRT-0225] aes_inst/encdec_reg 1 pin not visited, fall back to feedthrough mode.
[WARNING DRT-0225] aes_inst/core/dec_new_block[110] 1 pin not visited, fall back to feedthrough mode.
[WARNING DRT-0225] aes_inst/core/dec_new_block[119] 1 pin not visited, fall back to feedthrough mode.
[WARNING DRT-0225] aes_inst/core/dec_new_block[49] 1 pin not visited, fall back to feedthrough mode.
[WARNING DRT-0225] aes_inst/core/dec_new_block[4] 1 pin not visited, fall back to feedthrough mode.
[WARNING DRT-0225] aes_inst/core/dec_new_block[55] 1 pin not visited, fall back to feedthrough mode.
[WARNING DRT-0225] aes_inst/core/dec_new_block[5] 1 pin not visited, fall back to feedthrough mode.
[WARNING DRT-0225] aes_inst/core/dec_new_block[70] 1 pin not visited, fall back to feedthrough mode.
[WARNING DRT-0225] aes_inst/core/dec_new_block[8] 1 pin not visited, fall back to feedthrough mode.
[WARNING DRT-0225] aes_inst/core/dec_new_block[95] 2 pin not visited, fall back to feedthrough mode.
[WARNING DRT-0225] aes_inst/core/enc_new_block[112] 2 pin not visited, fall back to feedthrough mode.
[WARNING DRT-0225] aes_inst/core/enc_new_block[115] 1 pin not visited, fall back to feedthrough mode.
[WARNING DRT-0225] aes_inst/core/enc_new_block[117] 2 pin not visited, fall back to feedthrough mode.
[WARNING DRT-0225] aes_inst/core/enc_new_block[118] 3 pin not visited, fall back to feedthrough mode.
[WARNING DRT-0225] aes_inst/core/enc_new_block[120] 2 pin not visited, fall back to feedthrough mode.
[WARNING DRT-0225] aes_inst/core/enc_new_block[124] 4 pin not visited, fall back to feedthrough mode.
[WARNING DRT-0225] aes_inst/core/enc_new_block[125] 1 pin not visited, fall back to feedthrough mode.
[WARNING DRT-0225] aes_inst/core/enc_new_block[22] 6 pin not visited, fall back to feedthrough mode.
[INFO DRT-1000] Pin aes_inst/core/enc_block/_1486_/B not in any guide. Attempting to patch guides to cover (at least part of) the pin.
[WARNING DRT-0225] aes_inst/core/enc_new_block[34] 3 pin not visited, fall back to feedthrough mode.
[WARNING DRT-0225] aes_inst/core/enc_new_block[50] 1 pin not visited, fall back to feedthrough mode.
[WARNING DRT-0225] aes_inst/core/enc_new_block[54] 3 pin not visited, fall back to feedthrough mode.
[WARNING DRT-0225] aes_inst/core/enc_new_block[56] 3 pin not visited, fall back to feedthrough mode.
[WARNING DRT-0225] aes_inst/core/enc_new_block[58] 1 pin not visited, fall back to feedthrough mode.
[INFO DRT-1000] Pin aes_inst/core/enc_block/_2358_/B not in any guide. Attempting to patch guides to cover (at least part of) the pin.
[WARNING DRT-0225] aes_inst/core/enc_new_block[60] 3 pin not visited, fall back to feedthrough mode.
[WARNING DRT-0225] aes_inst/core/enc_new_block[64] 1 pin not visited, fall back to feedthrough mode.
[WARNING DRT-0225] aes_inst/core/enc_new_block[75] 2 pin not visited, fall back to feedthrough mode.
[WARNING DRT-0225] aes_inst/core/enc_new_block[88] 1 pin not visited, fall back to feedthrough mode.
[WARNING DRT-0225] aes_inst/core/enc_new_block[96] 4 pin not visited, fall back to feedthrough mode.
[WARNING DRT-0225] aes_inst/core/enc_new_block[98] 3 pin not visited, fall back to feedthrough mode.
[WARNING DRT-0225] aes_inst/core/enc_new_block[99] 2 pin not visited, fall back to feedthrough mode.
[WARNING DRT-0225] aes_inst/core/enc_round_nr[1] 2 pin not visited, fall back to feedthrough mode.
[WARNING DRT-0225] aes_inst/core/keymem_sboxw[11] 2 pin not visited, fall back to feedthrough mode.
[WARNING DRT-0225] aes_inst/core/keymem_sboxw[26] 1 pin not visited, fall back to feedthrough mode.
[WARNING DRT-0225] aes_inst/core/keymem_sboxw[8] 1 pin not visited, fall back to feedthrough mode.
[WARNING DRT-0225] aes_inst/core/muxed_sboxw[10] 15 pin not visited, fall back to feedthrough mode.
[WARNING DRT-0225] aes_inst/core/muxed_sboxw[11] 13 pin not visited, fall back to feedthrough mode.
[WARNING DRT-0225] aes_inst/core/muxed_sboxw[14] 1 pin not visited, fall back to feedthrough mode.
[WARNING DRT-0225] aes_inst/core/muxed_sboxw[25] 18 pin not visited, fall back to feedthrough mode.
[WARNING DRT-0225] aes_inst/core/muxed_sboxw[26] 2 pin not visited, fall back to feedthrough mode.
[WARNING DRT-0225] aes_inst/core/muxed_sboxw[27] 11 pin not visited, fall back to feedthrough mode.
[WARNING DRT-0225] aes_inst/core/muxed_sboxw[28] 1 pin not visited, fall back to feedthrough mode.
[WARNING DRT-0225] aes_inst/core/muxed_sboxw[2] 24 pin not visited, fall back to feedthrough mode.
[WARNING DRT-0225] aes_inst/core/muxed_sboxw[30] 1 pin not visited, fall back to feedthrough mode.
[WARNING DRT-0225] aes_inst/core/muxed_sboxw[31] 1 pin not visited, fall back to feedthrough mode.
[WARNING DRT-0225] aes_inst/core/muxed_sboxw[3] 24 pin not visited, fall back to feedthrough mode.
[WARNING DRT-0225] aes_inst/core/muxed_sboxw[9] 32 pin not visited, fall back to feedthrough mode.
[INFO DRT-1000] Pin aes_inst/core/dec_block/_2401_/X not in any guide. Attempting to patch guides to cover (at least part of) the pin.
[WARNING DRT-0225] aes_inst/core/dec_block/_0162_ 2 pin not visited, fall back to feedthrough mode.
[WARNING DRT-0225] aes_inst/core/dec_block/_0185_ 1 pin not visited, fall back to feedthrough mode.
[WARNING DRT-0225] aes_inst/core/dec_block/_0227_ 2 pin not visited, fall back to feedthrough mode.
[WARNING DRT-0225] aes_inst/core/dec_block/_0248_ 2 pin not visited, fall back to feedthrough mode.
[WARNING DRT-0225] aes_inst/core/dec_block/_0257_ 4 pin not visited, fall back to feedthrough mode.
[WARNING DRT-0225] aes_inst/core/dec_block/_0264_ 3 pin not visited, fall back to feedthrough mode.
[WARNING DRT-0225] aes_inst/core/dec_block/_0291_ 2 pin not visited, fall back to feedthrough mode.
[WARNING DRT-0225] aes_inst/core/dec_block/_0297_ 4 pin not visited, fall back to feedthrough mode.
[INFO DRT-1000] Pin aes_inst/core/dec_block/_2581_/X not in any guide. Attempting to patch guides to cover (at least part of) the pin.
[INFO DRT-1000] Pin aes_inst/core/dec_block/_2585_/X not in any guide. Attempting to patch guides to cover (at least part of) the pin.
[WARNING DRT-0225] aes_inst/core/dec_block/_0322_ 2 pin not visited, fall back to feedthrough mode.
[WARNING DRT-0225] aes_inst/core/dec_block/_0332_ 2 pin not visited, fall back to feedthrough mode.
[INFO DRT-1000] Pin aes_inst/core/dec_block/_2603_/X not in any guide. Attempting to patch guides to cover (at least part of) the pin.
[WARNING DRT-0225] aes_inst/core/dec_block/_0363_ 3 pin not visited, fall back to feedthrough mode.
[WARNING DRT-0225] aes_inst/core/dec_block/_0365_ 1 pin not visited, fall back to feedthrough mode.
[INFO DRT-1000] Pin aes_inst/core/dec_block/_2692_/B not in any guide. Attempting to patch guides to cover (at least part of) the pin.
[WARNING DRT-0225] aes_inst/core/dec_block/_0375_ 4 pin not visited, fall back to feedthrough mode.
[WARNING DRT-0225] aes_inst/core/dec_block/_0376_ 1 pin not visited, fall back to feedthrough mode.
[WARNING DRT-0225] aes_inst/core/dec_block/_0380_ 1 pin not visited, fall back to feedthrough mode.
[WARNING DRT-0225] aes_inst/core/dec_block/_0400_ 2 pin not visited, fall back to feedthrough mode.
[WARNING DRT-0225] aes_inst/core/dec_block/_0413_ 1 pin not visited, fall back to feedthrough mode.
[INFO DRT-1000] Pin aes_inst/core/dec_block/_2872_/B not in any guide. Attempting to patch guides to cover (at least part of) the pin.
[WARNING DRT-0225] aes_inst/core/dec_block/_0452_ 1 pin not visited, fall back to feedthrough mode.
[WARNING DRT-0225] aes_inst/core/dec_block/_0456_ 3 pin not visited, fall back to feedthrough mode.
[WARNING DRT-0225] aes_inst/core/dec_block/_0460_ 1 pin not visited, fall back to feedthrough mode.
[WARNING DRT-0225] aes_inst/core/dec_block/_0480_ 2 pin not visited, fall back to feedthrough mode.
[WARNING DRT-0225] aes_inst/core/dec_block/_0497_ 2 pin not visited, fall back to feedthrough mode.
[WARNING DRT-0225] aes_inst/core/dec_block/_0504_ 6 pin not visited, fall back to feedthrough mode.
[WARNING DRT-0225] aes_inst/core/dec_block/_0506_ 3 pin not visited, fall back to feedthrough mode.
[WARNING DRT-0225] aes_inst/core/dec_block/_0511_ 2 pin not visited, fall back to feedthrough mode.
[WARNING DRT-0225] aes_inst/core/dec_block/_0513_ 2 pin not visited, fall back to feedthrough mode.
[WARNING DRT-0225] aes_inst/core/dec_block/_0516_ 3 pin not visited, fall back to feedthrough mode.
[WARNING DRT-0225] aes_inst/core/dec_block/_0522_ 1 pin not visited, fall back to feedthrough mode.
[WARNING DRT-0225] aes_inst/core/dec_block/_0532_ 1 pin not visited, fall back to feedthrough mode.
[WARNING DRT-0225] aes_inst/core/dec_block/_0534_ 2 pin not visited, fall back to feedthrough mode.
[WARNING DRT-0225] aes_inst/core/dec_block/_0535_ 1 pin not visited, fall back to feedthrough mode.
[WARNING DRT-0225] aes_inst/core/dec_block/_0543_ 1 pin not visited, fall back to feedthrough mode.
[INFO DRT-1000] Pin aes_inst/core/dec_block/_2854_/B not in any guide. Attempting to patch guides to cover (at least part of) the pin.
[WARNING DRT-0225] aes_inst/core/dec_block/_0549_ 4 pin not visited, fall back to feedthrough mode.
[WARNING DRT-0225] aes_inst/core/dec_block/_0552_ 2 pin not visited, fall back to feedthrough mode.
[WARNING DRT-0225] aes_inst/core/dec_block/_0575_ 2 pin not visited, fall back to feedthrough mode.
[WARNING DRT-0225] aes_inst/core/dec_block/_0585_ 2 pin not visited, fall back to feedthrough mode.
[WARNING DRT-0225] aes_inst/core/dec_block/_0591_ 1 pin not visited, fall back to feedthrough mode.
[WARNING DRT-0225] aes_inst/core/dec_block/_0617_ 4 pin not visited, fall back to feedthrough mode.
[WARNING DRT-0225] aes_inst/core/dec_block/_0851_ 2 pin not visited, fall back to feedthrough mode.
[WARNING DRT-0225] aes_inst/core/dec_block/_0924_ 1 pin not visited, fall back to feedthrough mode.
[WARNING DRT-0225] aes_inst/core/dec_block/_0954_ 1 pin not visited, fall back to feedthrough mode.
[WARNING DRT-0225] aes_inst/core/dec_block/_0993_ 1 pin not visited, fall back to feedthrough mode.
[WARNING DRT-0225] aes_inst/core/dec_block/_1000_ 2 pin not visited, fall back to feedthrough mode.
[WARNING DRT-0225] aes_inst/core/dec_block/_1337_ 1 pin not visited, fall back to feedthrough mode.
[WARNING DRT-0225] aes_inst/core/dec_block/_1547_ 1 pin not visited, fall back to feedthrough mode.
[WARNING DRT-0225] aes_inst/core/dec_block/_1651_ 3 pin not visited, fall back to feedthrough mode.
[WARNING DRT-0225] aes_inst/core/dec_block/_1653_ 4 pin not visited, fall back to feedthrough mode.
[WARNING DRT-0225] aes_inst/core/dec_block/_1654_ 4 pin not visited, fall back to feedthrough mode.
[WARNING DRT-0225] aes_inst/core/dec_block/_1731_ 2 pin not visited, fall back to feedthrough mode.
[WARNING DRT-0225] aes_inst/core/dec_block/_1732_ 4 pin not visited, fall back to feedthrough mode.
[WARNING DRT-0225] aes_inst/core/dec_block/_1744_ 6 pin not visited, fall back to feedthrough mode.
[WARNING DRT-0225] aes_inst/core/dec_block/_1745_ 1 pin not visited, fall back to feedthrough mode.
[WARNING DRT-0225] aes_inst/core/dec_block/_1762_ 4 pin not visited, fall back to feedthrough mode.
[INFO DRT-1000] Pin aes_inst/core/dec_block/_2161_/X not in any guide. Attempting to patch guides to cover (at least part of) the pin.
[WARNING DRT-0225] aes_inst/core/dec_block/_1781_ 2 pin not visited, fall back to feedthrough mode.
[WARNING DRT-0225] aes_inst/core/dec_block/_1782_ 1 pin not visited, fall back to feedthrough mode.
[INFO DRT-1000] Pin aes_inst/core/dec_block/_2180_/X not in any guide. Attempting to patch guides to cover (at least part of) the pin.
[INFO DRT-1000] Pin aes_inst/core/dec_block/_2181_/X not in any guide. Attempting to patch guides to cover (at least part of) the pin.
[WARNING DRT-0225] aes_inst/core/dec_block/_1791_ 1 pin not visited, fall back to feedthrough mode.
[WARNING DRT-0225] aes_inst/core/dec_block/_1814_ 1 pin not visited, fall back to feedthrough mode.
[WARNING DRT-0225] aes_inst/core/dec_block/_1827_ 3 pin not visited, fall back to feedthrough mode.
[WARNING DRT-0225] aes_inst/core/dec_block/_1829_ 1 pin not visited, fall back to feedthrough mode.
[WARNING DRT-0225] aes_inst/core/dec_block/_1839_ 1 pin not visited, fall back to feedthrough mode.
[INFO DRT-1000] Pin aes_inst/core/dec_block/_2233_/B not in any guide. Attempting to patch guides to cover (at least part of) the pin.
[WARNING DRT-0225] aes_inst/core/dec_block/_1853_ 1 pin not visited, fall back to feedthrough mode.
[WARNING DRT-0225] aes_inst/core/dec_block/_1859_ 1 pin not visited, fall back to feedthrough mode.
[INFO DRT-1000] Pin aes_inst/core/dec_block/_2259_/X not in any guide. Attempting to patch guides to cover (at least part of) the pin.
[WARNING DRT-0225] aes_inst/core/dec_block/_1866_ 2 pin not visited, fall back to feedthrough mode.
[WARNING DRT-0225] aes_inst/core/dec_block/_1874_ 2 pin not visited, fall back to feedthrough mode.
[WARNING DRT-0225] aes_inst/core/dec_block/_1927_ 3 pin not visited, fall back to feedthrough mode.
[WARNING DRT-0225] aes_inst/core/dec_block/_1928_ 2 pin not visited, fall back to feedthrough mode.
[WARNING DRT-0225] aes_inst/core/dec_block/_1932_ 7 pin not visited, fall back to feedthrough mode.
[WARNING DRT-0225] aes_inst/core/dec_block/_1935_ 2 pin not visited, fall back to feedthrough mode.
[WARNING DRT-0225] aes_inst/core/dec_block/_1941_ 3 pin not visited, fall back to feedthrough mode.
[WARNING DRT-0225] aes_inst/core/dec_block/_1946_ 2 pin not visited, fall back to feedthrough mode.
[WARNING DRT-0225] aes_inst/core/dec_block/_1959_ 1 pin not visited, fall back to feedthrough mode.
[WARNING DRT-0225] aes_inst/core/dec_block/_1967_ 2 pin not visited, fall back to feedthrough mode.
[INFO DRT-1000] Pin aes_inst/core/dec_block/_2393_/X not in any guide. Attempting to patch guides to cover (at least part of) the pin.
[WARNING DRT-0225] aes_inst/core/dec_block/_1994_ 4 pin not visited, fall back to feedthrough mode.
[WARNING DRT-0225] aes_inst/core/dec_block/tmp_sboxw[12] 9 pin not visited, fall back to feedthrough mode.
[WARNING DRT-0225] aes_inst/core/dec_block/tmp_sboxw[13] 3 pin not visited, fall back to feedthrough mode.
[WARNING DRT-0225] aes_inst/core/dec_block/tmp_sboxw[15] 3 pin not visited, fall back to feedthrough mode.
[WARNING DRT-0225] aes_inst/core/dec_block/tmp_sboxw[17] 1 pin not visited, fall back to feedthrough mode.
[WARNING DRT-0225] aes_inst/core/dec_block/tmp_sboxw[28] 11 pin not visited, fall back to feedthrough mode.
[WARNING DRT-0225] aes_inst/core/dec_block/tmp_sboxw[29] 13 pin not visited, fall back to feedthrough mode.
[WARNING DRT-0225] aes_inst/core/dec_block/tmp_sboxw[30] 13 pin not visited, fall back to feedthrough mode.
[WARNING DRT-0225] aes_inst/core/dec_block/tmp_sboxw[31] 23 pin not visited, fall back to feedthrough mode.
[WARNING DRT-0225] aes_inst/core/dec_block/inv_sbox_inst/_0000_ 1 pin not visited, fall back to feedthrough mode.
[WARNING DRT-0225] aes_inst/core/dec_block/inv_sbox_inst/_0022_ 4 pin not visited, fall back to feedthrough mode.
[WARNING DRT-0225] aes_inst/core/dec_block/inv_sbox_inst/_0033_ 8 pin not visited, fall back to feedthrough mode.
[WARNING DRT-0225] aes_inst/core/dec_block/inv_sbox_inst/_0054_ 7 pin not visited, fall back to feedthrough mode.
[WARNING DRT-0225] aes_inst/core/dec_block/inv_sbox_inst/_0108_ 5 pin not visited, fall back to feedthrough mode.
[WARNING DRT-0225] aes_inst/core/dec_block/inv_sbox_inst/_0130_ 1 pin not visited, fall back to feedthrough mode.
[WARNING DRT-0225] aes_inst/core/dec_block/inv_sbox_inst/_0167_ 4 pin not visited, fall back to feedthrough mode.
[WARNING DRT-0225] aes_inst/core/dec_block/inv_sbox_inst/_0169_ 5 pin not visited, fall back to feedthrough mode.
[WARNING DRT-0225] aes_inst/core/dec_block/inv_sbox_inst/_0171_ 2 pin not visited, fall back to feedthrough mode.
[WARNING DRT-0225] aes_inst/core/dec_block/inv_sbox_inst/_0177_ 1 pin not visited, fall back to feedthrough mode.
[WARNING DRT-0225] aes_inst/core/dec_block/inv_sbox_inst/_0182_ 7 pin not visited, fall back to feedthrough mode.
[WARNING DRT-0225] aes_inst/core/dec_block/inv_sbox_inst/_0186_ 1 pin not visited, fall back to feedthrough mode.
[WARNING DRT-0225] aes_inst/core/dec_block/inv_sbox_inst/_0191_ 2 pin not visited, fall back to feedthrough mode.
[WARNING DRT-0225] aes_inst/core/dec_block/inv_sbox_inst/_0195_ 4 pin not visited, fall back to feedthrough mode.
[WARNING DRT-0225] aes_inst/core/dec_block/inv_sbox_inst/_0199_ 3 pin not visited, fall back to feedthrough mode.
[WARNING DRT-0225] aes_inst/core/dec_block/inv_sbox_inst/_0202_ 6 pin not visited, fall back to feedthrough mode.
[WARNING DRT-0225] aes_inst/core/dec_block/inv_sbox_inst/_0212_ 13 pin not visited, fall back to feedthrough mode.
[WARNING DRT-0225] aes_inst/core/dec_block/inv_sbox_inst/_0216_ 3 pin not visited, fall back to feedthrough mode.
[WARNING DRT-0225] aes_inst/core/dec_block/inv_sbox_inst/_0218_ 24 pin not visited, fall back to feedthrough mode.
[WARNING DRT-0225] aes_inst/core/dec_block/inv_sbox_inst/_0224_ 10 pin not visited, fall back to feedthrough mode.
[WARNING DRT-0225] aes_inst/core/dec_block/inv_sbox_inst/_0228_ 4 pin not visited, fall back to feedthrough mode.
[WARNING DRT-0225] aes_inst/core/dec_block/inv_sbox_inst/_0234_ 6 pin not visited, fall back to feedthrough mode.
[WARNING DRT-0225] aes_inst/core/dec_block/inv_sbox_inst/_0235_ 12 pin not visited, fall back to feedthrough mode.
[WARNING DRT-0225] aes_inst/core/dec_block/inv_sbox_inst/_0238_ 13 pin not visited, fall back to feedthrough mode.
[WARNING DRT-0225] aes_inst/core/dec_block/inv_sbox_inst/_0261_ 15 pin not visited, fall back to feedthrough mode.
[WARNING DRT-0225] aes_inst/core/dec_block/inv_sbox_inst/_0265_ 7 pin not visited, fall back to feedthrough mode.
[WARNING DRT-0225] aes_inst/core/dec_block/inv_sbox_inst/_0266_ 3 pin not visited, fall back to feedthrough mode.
[WARNING DRT-0225] aes_inst/core/dec_block/inv_sbox_inst/_0273_ 3 pin not visited, fall back to feedthrough mode.
[WARNING DRT-0225] aes_inst/core/dec_block/inv_sbox_inst/_0274_ 1 pin not visited, fall back to feedthrough mode.
[WARNING DRT-0225] aes_inst/core/dec_block/inv_sbox_inst/_0276_ 5 pin not visited, fall back to feedthrough mode.
[WARNING DRT-0225] aes_inst/core/dec_block/inv_sbox_inst/_0283_ 14 pin not visited, fall back to feedthrough mode.
[WARNING DRT-0225] aes_inst/core/dec_block/inv_sbox_inst/_0286_ 20 pin not visited, fall back to feedthrough mode.
[WARNING DRT-0225] aes_inst/core/dec_block/inv_sbox_inst/_0293_ 10 pin not visited, fall back to feedthrough mode.
[WARNING DRT-0225] aes_inst/core/dec_block/inv_sbox_inst/_0303_ 13 pin not visited, fall back to feedthrough mode.
[WARNING DRT-0225] aes_inst/core/dec_block/inv_sbox_inst/_0304_ 1 pin not visited, fall back to feedthrough mode.
[WARNING DRT-0225] aes_inst/core/dec_block/inv_sbox_inst/_0314_ 1 pin not visited, fall back to feedthrough mode.
[WARNING DRT-0225] aes_inst/core/dec_block/inv_sbox_inst/_0326_ 1 pin not visited, fall back to feedthrough mode.
[WARNING DRT-0225] aes_inst/core/dec_block/inv_sbox_inst/_0369_ 5 pin not visited, fall back to feedthrough mode.
[WARNING DRT-0225] aes_inst/core/dec_block/inv_sbox_inst/_0370_ 2 pin not visited, fall back to feedthrough mode.
[WARNING DRT-0225] aes_inst/core/dec_block/inv_sbox_inst/_0402_ 4 pin not visited, fall back to feedthrough mode.
[WARNING DRT-0225] aes_inst/core/dec_block/inv_sbox_inst/_0407_ 1 pin not visited, fall back to feedthrough mode.
[WARNING DRT-0225] aes_inst/core/dec_block/inv_sbox_inst/_0414_ 1 pin not visited, fall back to feedthrough mode.
[WARNING DRT-0225] aes_inst/core/dec_block/inv_sbox_inst/_0430_ 1 pin not visited, fall back to feedthrough mode.
[WARNING DRT-0225] aes_inst/core/dec_block/inv_sbox_inst/_0435_ 1 pin not visited, fall back to feedthrough mode.
[WARNING DRT-0225] aes_inst/core/dec_block/inv_sbox_inst/_0446_ 8 pin not visited, fall back to feedthrough mode.
[WARNING DRT-0225] aes_inst/core/dec_block/inv_sbox_inst/_0478_ 13 pin not visited, fall back to feedthrough mode.
[WARNING DRT-0225] aes_inst/core/dec_block/inv_sbox_inst/_0500_ 3 pin not visited, fall back to feedthrough mode.
[WARNING DRT-0225] aes_inst/core/dec_block/inv_sbox_inst/_0532_ 3 pin not visited, fall back to feedthrough mode.
[WARNING DRT-0225] aes_inst/core/dec_block/inv_sbox_inst/_0576_ 4 pin not visited, fall back to feedthrough mode.
[WARNING DRT-0225] aes_inst/core/dec_block/inv_sbox_inst/_0608_ 11 pin not visited, fall back to feedthrough mode.
[WARNING DRT-0225] aes_inst/core/dec_block/inv_sbox_inst/_0633_ 1 pin not visited, fall back to feedthrough mode.
[WARNING DRT-0225] aes_inst/core/dec_block/inv_sbox_inst/_0673_ 10 pin not visited, fall back to feedthrough mode.
[WARNING DRT-0225] aes_inst/core/dec_block/inv_sbox_inst/_0684_ 5 pin not visited, fall back to feedthrough mode.
[WARNING DRT-0225] aes_inst/core/dec_block/inv_sbox_inst/_0758_ 2 pin not visited, fall back to feedthrough mode.
[WARNING DRT-0225] aes_inst/core/dec_block/inv_sbox_inst/_0760_ 3 pin not visited, fall back to feedthrough mode.
[WARNING DRT-0225] aes_inst/core/dec_block/inv_sbox_inst/_0762_ 8 pin not visited, fall back to feedthrough mode.
[WARNING DRT-0225] aes_inst/core/dec_block/inv_sbox_inst/_0765_ 2 pin not visited, fall back to feedthrough mode.
[WARNING DRT-0225] aes_inst/core/dec_block/inv_sbox_inst/_0770_ 2 pin not visited, fall back to feedthrough mode.
[WARNING DRT-0225] aes_inst/core/dec_block/inv_sbox_inst/_0774_ 1 pin not visited, fall back to feedthrough mode.
[WARNING DRT-0225] aes_inst/core/dec_block/inv_sbox_inst/_0776_ 1 pin not visited, fall back to feedthrough mode.
[WARNING DRT-0225] aes_inst/core/dec_block/inv_sbox_inst/_0789_ 5 pin not visited, fall back to feedthrough mode.
[WARNING DRT-0225] aes_inst/core/dec_block/inv_sbox_inst/_0792_ 1 pin not visited, fall back to feedthrough mode.
[WARNING DRT-0225] aes_inst/core/dec_block/inv_sbox_inst/_0796_ 1 pin not visited, fall back to feedthrough mode.
[WARNING DRT-0225] aes_inst/core/dec_block/inv_sbox_inst/_0799_ 11 pin not visited, fall back to feedthrough mode.
[WARNING DRT-0225] aes_inst/core/dec_block/inv_sbox_inst/_0803_ 5 pin not visited, fall back to feedthrough mode.
[WARNING DRT-0225] aes_inst/core/dec_block/inv_sbox_inst/_0804_ 6 pin not visited, fall back to feedthrough mode.
[WARNING DRT-0225] aes_inst/core/dec_block/inv_sbox_inst/_0808_ 15 pin not visited, fall back to feedthrough mode.
[WARNING DRT-0225] aes_inst/core/dec_block/inv_sbox_inst/_0809_ 3 pin not visited, fall back to feedthrough mode.
[WARNING DRT-0225] aes_inst/core/dec_block/inv_sbox_inst/_0810_ 6 pin not visited, fall back to feedthrough mode.
[WARNING DRT-0225] aes_inst/core/dec_block/inv_sbox_inst/_0819_ 8 pin not visited, fall back to feedthrough mode.
[WARNING DRT-0225] aes_inst/core/dec_block/inv_sbox_inst/_0839_ 1 pin not visited, fall back to feedthrough mode.
[WARNING DRT-0225] aes_inst/core/dec_block/inv_sbox_inst/_0845_ 12 pin not visited, fall back to feedthrough mode.
[WARNING DRT-0225] aes_inst/core/dec_block/inv_sbox_inst/_0848_ 17 pin not visited, fall back to feedthrough mode.
[WARNING DRT-0225] aes_inst/core/dec_block/inv_sbox_inst/_0859_ 17 pin not visited, fall back to feedthrough mode.
[WARNING DRT-0225] aes_inst/core/dec_block/inv_sbox_inst/_0868_ 1 pin not visited, fall back to feedthrough mode.
[WARNING DRT-0225] aes_inst/core/dec_block/inv_sbox_inst/_0872_ 2 pin not visited, fall back to feedthrough mode.
[WARNING DRT-0225] aes_inst/core/dec_block/inv_sbox_inst/_0880_ 3 pin not visited, fall back to feedthrough mode.
[WARNING DRT-0225] aes_inst/core/dec_block/inv_sbox_inst/_0885_ 17 pin not visited, fall back to feedthrough mode.
[WARNING DRT-0225] aes_inst/core/dec_block/inv_sbox_inst/_0887_ 1 pin not visited, fall back to feedthrough mode.
[WARNING DRT-0225] aes_inst/core/dec_block/inv_sbox_inst/_0916_ 14 pin not visited, fall back to feedthrough mode.
[WARNING DRT-0225] aes_inst/core/dec_block/inv_sbox_inst/_0923_ 11 pin not visited, fall back to feedthrough mode.
[WARNING DRT-0225] aes_inst/core/dec_block/inv_sbox_inst/_0932_ 6 pin not visited, fall back to feedthrough mode.
[WARNING DRT-0225] aes_inst/core/dec_block/inv_sbox_inst/_0939_ 1 pin not visited, fall back to feedthrough mode.
[WARNING DRT-0225] aes_inst/core/dec_block/inv_sbox_inst/_0957_ 1 pin not visited, fall back to feedthrough mode.
[WARNING DRT-0225] aes_inst/core/dec_block/inv_sbox_inst/_0963_ 6 pin not visited, fall back to feedthrough mode.
[WARNING DRT-0225] aes_inst/core/dec_block/inv_sbox_inst/_1073_ 1 pin not visited, fall back to feedthrough mode.
[WARNING DRT-0225] aes_inst/core/dec_block/inv_sbox_inst/_1112_ 2 pin not visited, fall back to feedthrough mode.
[WARNING DRT-0225] aes_inst/core/dec_block/inv_sbox_inst/_1153_ 1 pin not visited, fall back to feedthrough mode.
[WARNING DRT-0225] aes_inst/core/dec_block/inv_sbox_inst/_1375_ 1 pin not visited, fall back to feedthrough mode.
[WARNING DRT-0225] aes_inst/core/dec_block/inv_sbox_inst/_1400_ 5 pin not visited, fall back to feedthrough mode.
[WARNING DRT-0225] aes_inst/core/dec_block/inv_sbox_inst/_1417_ 1 pin not visited, fall back to feedthrough mode.
[WARNING DRT-0225] aes_inst/core/dec_block/inv_sbox_inst/_1504_ 1 pin not visited, fall back to feedthrough mode.
[WARNING DRT-0225] aes_inst/core/dec_block/inv_sbox_inst/_1757_ 8 pin not visited, fall back to feedthrough mode.
[WARNING DRT-0225] aes_inst/core/dec_block/inv_sbox_inst/_1766_ 1 pin not visited, fall back to feedthrough mode.
[WARNING DRT-0225] aes_inst/core/dec_block/inv_sbox_inst/_1768_ 1 pin not visited, fall back to feedthrough mode.
[WARNING DRT-0225] aes_inst/core/dec_block/inv_sbox_inst/_1772_ 7 pin not visited, fall back to feedthrough mode.
[WARNING DRT-0225] aes_inst/core/dec_block/inv_sbox_inst/_1785_ 3 pin not visited, fall back to feedthrough mode.
[WARNING DRT-0225] aes_inst/core/dec_block/inv_sbox_inst/_1786_ 3 pin not visited, fall back to feedthrough mode.
[WARNING DRT-0225] aes_inst/core/dec_block/inv_sbox_inst/_1802_ 15 pin not visited, fall back to feedthrough mode.
[WARNING DRT-0225] aes_inst/core/dec_block/inv_sbox_inst/_1806_ 4 pin not visited, fall back to feedthrough mode.
[WARNING DRT-0225] aes_inst/core/dec_block/inv_sbox_inst/_1811_ 2 pin not visited, fall back to feedthrough mode.
[WARNING DRT-0225] aes_inst/core/dec_block/inv_sbox_inst/_1812_ 4 pin not visited, fall back to feedthrough mode.
[WARNING DRT-0225] aes_inst/core/dec_block/inv_sbox_inst/_1815_ 1 pin not visited, fall back to feedthrough mode.
[WARNING DRT-0225] aes_inst/core/dec_block/inv_sbox_inst/_1817_ 1 pin not visited, fall back to feedthrough mode.
[WARNING DRT-0225] aes_inst/core/dec_block/inv_sbox_inst/_1822_ 10 pin not visited, fall back to feedthrough mode.
[WARNING DRT-0225] aes_inst/core/dec_block/inv_sbox_inst/_1832_ 9 pin not visited, fall back to feedthrough mode.
[WARNING DRT-0225] aes_inst/core/dec_block/inv_sbox_inst/_1853_ 10 pin not visited, fall back to feedthrough mode.
[WARNING DRT-0225] aes_inst/core/dec_block/inv_sbox_inst/_1868_ 4 pin not visited, fall back to feedthrough mode.
[WARNING DRT-0225] aes_inst/core/dec_block/inv_sbox_inst/_1908_ 25 pin not visited, fall back to feedthrough mode.
[WARNING DRT-0225] aes_inst/core/dec_block/inv_sbox_inst/_2005_ 3 pin not visited, fall back to feedthrough mode.
[WARNING DRT-0225] aes_inst/core/dec_block/inv_sbox_inst/_2081_ 7 pin not visited, fall back to feedthrough mode.
[WARNING DRT-0225] aes_inst/core/dec_block/inv_sbox_inst/_2124_ 4 pin not visited, fall back to feedthrough mode.
[WARNING DRT-0225] aes_inst/core/dec_block/inv_sbox_inst/_2142_ 1 pin not visited, fall back to feedthrough mode.
[WARNING DRT-0225] aes_inst/core/enc_block/_0208_ 1 pin not visited, fall back to feedthrough mode.
[INFO DRT-1000] Pin aes_inst/core/enc_block/_1797_/X not in any guide. Attempting to patch guides to cover (at least part of) the pin.
[WARNING DRT-0225] aes_inst/core/enc_block/_0458_ 3 pin not visited, fall back to feedthrough mode.
[WARNING DRT-0225] aes_inst/core/enc_block/_0462_ 1 pin not visited, fall back to feedthrough mode.
[WARNING DRT-0225] aes_inst/core/enc_block/_0709_ 10 pin not visited, fall back to feedthrough mode.
[WARNING DRT-0225] aes_inst/core/enc_block/_0884_ 1 pin not visited, fall back to feedthrough mode.
[WARNING DRT-0225] aes_inst/core/enc_block/_0966_ 6 pin not visited, fall back to feedthrough mode.
[WARNING DRT-0225] aes_inst/core/enc_block/_1034_ 5 pin not visited, fall back to feedthrough mode.
[WARNING DRT-0225] aes_inst/core/enc_block/_1043_ 1 pin not visited, fall back to feedthrough mode.
[WARNING DRT-0225] aes_inst/core/enc_block/_1048_ 5 pin not visited, fall back to feedthrough mode.
[INFO DRT-1000] Pin aes_inst/core/enc_block/_1465_/X not in any guide. Attempting to patch guides to cover (at least part of) the pin.
[WARNING DRT-0225] aes_inst/core/enc_block/_1120_ 2 pin not visited, fall back to feedthrough mode.
[WARNING DRT-0225] aes_inst/core/enc_block/_1154_ 1 pin not visited, fall back to feedthrough mode.
[WARNING DRT-0225] aes_inst/core/enc_block/_1181_ 2 pin not visited, fall back to feedthrough mode.
[WARNING DRT-0225] aes_inst/core/keymem/_04037_ 2 pin not visited, fall back to feedthrough mode.
[WARNING DRT-0225] aes_inst/core/keymem/_04073_ 1 pin not visited, fall back to feedthrough mode.
[WARNING DRT-0225] aes_inst/core/keymem/_04097_ 12 pin not visited, fall back to feedthrough mode.
[WARNING DRT-0225] aes_inst/core/keymem/_04102_ 1 pin not visited, fall back to feedthrough mode.
[WARNING DRT-0225] aes_inst/core/keymem/_04164_ 2 pin not visited, fall back to feedthrough mode.
[WARNING DRT-0225] aes_inst/core/keymem/_04167_ 1 pin not visited, fall back to feedthrough mode.
[WARNING DRT-0225] aes_inst/core/keymem/_04176_ 10 pin not visited, fall back to feedthrough mode.
[WARNING DRT-0225] aes_inst/core/keymem/_04192_ 10 pin not visited, fall back to feedthrough mode.
[WARNING DRT-0225] aes_inst/core/keymem/_04204_ 1 pin not visited, fall back to feedthrough mode.
[WARNING DRT-0225] aes_inst/core/keymem/_04216_ 1 pin not visited, fall back to feedthrough mode.
[WARNING DRT-0225] aes_inst/core/keymem/_04232_ 2 pin not visited, fall back to feedthrough mode.
[WARNING DRT-0225] aes_inst/core/keymem/_04251_ 3 pin not visited, fall back to feedthrough mode.
[WARNING DRT-0225] aes_inst/core/keymem/_04282_ 1 pin not visited, fall back to feedthrough mode.
[WARNING DRT-0225] aes_inst/core/keymem/_04293_ 1 pin not visited, fall back to feedthrough mode.
[WARNING DRT-0225] aes_inst/core/keymem/_04302_ 1 pin not visited, fall back to feedthrough mode.
[WARNING DRT-0225] aes_inst/core/keymem/_04306_ 2 pin not visited, fall back to feedthrough mode.
[WARNING DRT-0225] aes_inst/core/keymem/_04312_ 1 pin not visited, fall back to feedthrough mode.
[WARNING DRT-0225] aes_inst/core/keymem/_04356_ 13 pin not visited, fall back to feedthrough mode.
[WARNING DRT-0225] aes_inst/core/keymem/_04376_ 5 pin not visited, fall back to feedthrough mode.
[WARNING DRT-0225] aes_inst/core/keymem/_04414_ 2 pin not visited, fall back to feedthrough mode.
[WARNING DRT-0225] aes_inst/core/keymem/_04420_ 1 pin not visited, fall back to feedthrough mode.
[WARNING DRT-0225] aes_inst/core/keymem/_04465_ 9 pin not visited, fall back to feedthrough mode.
[WARNING DRT-0225] aes_inst/core/keymem/_04485_ 8 pin not visited, fall back to feedthrough mode.
[WARNING DRT-0225] aes_inst/core/keymem/_04506_ 3 pin not visited, fall back to feedthrough mode.
[WARNING DRT-0225] aes_inst/core/keymem/_04590_ 1 pin not visited, fall back to feedthrough mode.
[WARNING DRT-0225] aes_inst/core/keymem/_04650_ 1 pin not visited, fall back to feedthrough mode.
[WARNING DRT-0225] aes_inst/core/keymem/_04651_ 1 pin not visited, fall back to feedthrough mode.
[WARNING DRT-0225] aes_inst/core/keymem/_04806_ 1 pin not visited, fall back to feedthrough mode.
[WARNING DRT-0225] aes_inst/core/keymem/_04807_ 1 pin not visited, fall back to feedthrough mode.
[WARNING DRT-0225] aes_inst/core/keymem/_04834_ 1 pin not visited, fall back to feedthrough mode.
[WARNING DRT-0225] aes_inst/core/keymem/_04854_ 1 pin not visited, fall back to feedthrough mode.
[WARNING DRT-0225] aes_inst/core/keymem/_04890_ 11 pin not visited, fall back to feedthrough mode.
[WARNING DRT-0225] aes_inst/core/keymem/_04911_ 1 pin not visited, fall back to feedthrough mode.
[WARNING DRT-0225] aes_inst/core/keymem/_04938_ 5 pin not visited, fall back to feedthrough mode.
[WARNING DRT-0225] aes_inst/core/keymem/_04978_ 4 pin not visited, fall back to feedthrough mode.
[WARNING DRT-0225] aes_inst/core/keymem/_04986_ 4 pin not visited, fall back to feedthrough mode.
[WARNING DRT-0225] aes_inst/core/keymem/_04995_ 5 pin not visited, fall back to feedthrough mode.
[WARNING DRT-0225] aes_inst/core/keymem/_05049_ 1 pin not visited, fall back to feedthrough mode.
[WARNING DRT-0225] aes_inst/core/keymem/_05050_ 7 pin not visited, fall back to feedthrough mode.
[WARNING DRT-0225] aes_inst/core/keymem/_05058_ 1 pin not visited, fall back to feedthrough mode.
[WARNING DRT-0225] aes_inst/core/keymem/_05067_ 7 pin not visited, fall back to feedthrough mode.
[WARNING DRT-0225] aes_inst/core/keymem/_05076_ 12 pin not visited, fall back to feedthrough mode.
[WARNING DRT-0225] aes_inst/core/keymem/_05089_ 1 pin not visited, fall back to feedthrough mode.
[WARNING DRT-0225] aes_inst/core/keymem/_05103_ 1 pin not visited, fall back to feedthrough mode.
[WARNING DRT-0225] aes_inst/core/keymem/_05112_ 8 pin not visited, fall back to feedthrough mode.
[WARNING DRT-0225] aes_inst/core/keymem/_05121_ 7 pin not visited, fall back to feedthrough mode.
[WARNING DRT-0225] aes_inst/core/keymem/_05150_ 11 pin not visited, fall back to feedthrough mode.
[WARNING DRT-0225] aes_inst/core/keymem/_05154_ 1 pin not visited, fall back to feedthrough mode.
[WARNING DRT-0225] aes_inst/core/keymem/_05165_ 13 pin not visited, fall back to feedthrough mode.
[WARNING DRT-0225] aes_inst/core/keymem/_05173_ 2 pin not visited, fall back to feedthrough mode.
[WARNING DRT-0225] aes_inst/core/keymem/_05181_ 1 pin not visited, fall back to feedthrough mode.
[WARNING DRT-0225] aes_inst/core/keymem/_05188_ 6 pin not visited, fall back to feedthrough mode.
[WARNING DRT-0225] aes_inst/core/keymem/_05195_ 3 pin not visited, fall back to feedthrough mode.
[WARNING DRT-0225] aes_inst/core/keymem/_05206_ 1 pin not visited, fall back to feedthrough mode.
[WARNING DRT-0225] aes_inst/core/keymem/_05216_ 9 pin not visited, fall back to feedthrough mode.
[WARNING DRT-0225] aes_inst/core/keymem/_05223_ 7 pin not visited, fall back to feedthrough mode.
[WARNING DRT-0225] aes_inst/core/keymem/_05230_ 1 pin not visited, fall back to feedthrough mode.
[WARNING DRT-0225] aes_inst/core/keymem/_05244_ 1 pin not visited, fall back to feedthrough mode.
[WARNING DRT-0225] aes_inst/core/keymem/_05258_ 10 pin not visited, fall back to feedthrough mode.
[WARNING DRT-0225] aes_inst/core/keymem/_05279_ 13 pin not visited, fall back to feedthrough mode.
[WARNING DRT-0225] aes_inst/core/keymem/_05286_ 1 pin not visited, fall back to feedthrough mode.
[WARNING DRT-0225] aes_inst/core/keymem/_05293_ 5 pin not visited, fall back to feedthrough mode.
[WARNING DRT-0225] aes_inst/core/keymem/_05300_ 9 pin not visited, fall back to feedthrough mode.
[WARNING DRT-0225] aes_inst/core/keymem/_05308_ 6 pin not visited, fall back to feedthrough mode.
[WARNING DRT-0225] aes_inst/core/keymem/_05324_ 1 pin not visited, fall back to feedthrough mode.
[WARNING DRT-0225] aes_inst/core/keymem/_05332_ 2 pin not visited, fall back to feedthrough mode.
[WARNING DRT-0225] aes_inst/core/keymem/_05341_ 3 pin not visited, fall back to feedthrough mode.
[WARNING DRT-0225] aes_inst/core/keymem/_05356_ 4 pin not visited, fall back to feedthrough mode.
[WARNING DRT-0225] aes_inst/core/keymem/_05662_ 3 pin not visited, fall back to feedthrough mode.
[WARNING DRT-0225] aes_inst/core/keymem/_06166_ 1 pin not visited, fall back to feedthrough mode.
[WARNING DRT-0225] aes_inst/core/keymem/key_mem\[0\][100] 1 pin not visited, fall back to feedthrough mode.
[WARNING DRT-0225] aes_inst/core/keymem/key_mem\[0\][53] 1 pin not visited, fall back to feedthrough mode.
[WARNING DRT-0225] aes_inst/core/keymem/key_mem\[0\][69] 1 pin not visited, fall back to feedthrough mode.
[WARNING DRT-0225] aes_inst/core/keymem/key_mem\[0\][93] 1 pin not visited, fall back to feedthrough mode.
[WARNING DRT-0225] aes_inst/core/keymem/key_mem\[0\][99] 1 pin not visited, fall back to feedthrough mode.
[WARNING DRT-0225] aes_inst/core/keymem/key_mem\[10\][86] 1 pin not visited, fall back to feedthrough mode.
[WARNING DRT-0225] aes_inst/core/keymem/key_mem\[11\][111] 1 pin not visited, fall back to feedthrough mode.
[WARNING DRT-0225] aes_inst/core/keymem/key_mem\[11\][31] 1 pin not visited, fall back to feedthrough mode.
[WARNING DRT-0225] aes_inst/core/keymem/key_mem\[11\][54] 1 pin not visited, fall back to feedthrough mode.
[WARNING DRT-0225] aes_inst/core/keymem/key_mem\[11\][58] 1 pin not visited, fall back to feedthrough mode.
[WARNING DRT-0225] aes_inst/core/keymem/key_mem\[12\][0] 1 pin not visited, fall back to feedthrough mode.
[WARNING DRT-0225] aes_inst/core/keymem/key_mem\[13\][121] 1 pin not visited, fall back to feedthrough mode.
[WARNING DRT-0225] aes_inst/core/keymem/key_mem\[13\][14] 1 pin not visited, fall back to feedthrough mode.
[WARNING DRT-0225] aes_inst/core/keymem/key_mem\[13\][43] 1 pin not visited, fall back to feedthrough mode.
[WARNING DRT-0225] aes_inst/core/keymem/key_mem\[13\][53] 1 pin not visited, fall back to feedthrough mode.
[WARNING DRT-0225] aes_inst/core/keymem/key_mem\[14\][119] 1 pin not visited, fall back to feedthrough mode.
[WARNING DRT-0225] aes_inst/core/keymem/key_mem\[1\][19] 1 pin not visited, fall back to feedthrough mode.
[WARNING DRT-0225] aes_inst/core/keymem/key_mem\[2\][118] 1 pin not visited, fall back to feedthrough mode.
[WARNING DRT-0225] aes_inst/core/keymem/key_mem\[2\][17] 1 pin not visited, fall back to feedthrough mode.
[WARNING DRT-0225] aes_inst/core/keymem/key_mem\[2\][36] 1 pin not visited, fall back to feedthrough mode.
[WARNING DRT-0225] aes_inst/core/keymem/key_mem\[2\][48] 1 pin not visited, fall back to feedthrough mode.
[WARNING DRT-0225] aes_inst/core/keymem/key_mem\[2\][71] 1 pin not visited, fall back to feedthrough mode.
[WARNING DRT-0225] aes_inst/core/keymem/key_mem\[3\][54] 1 pin not visited, fall back to feedthrough mode.
[WARNING DRT-0225] aes_inst/core/keymem/key_mem\[3\][7] 1 pin not visited, fall back to feedthrough mode.
[WARNING DRT-0225] aes_inst/core/keymem/key_mem\[3\][91] 1 pin not visited, fall back to feedthrough mode.
[WARNING DRT-0225] aes_inst/core/keymem/key_mem\[3\][99] 1 pin not visited, fall back to feedthrough mode.
[WARNING DRT-0225] aes_inst/core/keymem/key_mem\[4\][45] 1 pin not visited, fall back to feedthrough mode.
[WARNING DRT-0225] aes_inst/core/keymem/key_mem\[4\][74] 1 pin not visited, fall back to feedthrough mode.
[WARNING DRT-0225] aes_inst/core/keymem/key_mem\[5\][35] 1 pin not visited, fall back to feedthrough mode.
[WARNING DRT-0225] aes_inst/core/keymem/key_mem\[6\][97] 1 pin not visited, fall back to feedthrough mode.
[WARNING DRT-0225] aes_inst/core/keymem/key_mem\[7\][38] 1 pin not visited, fall back to feedthrough mode.
[WARNING DRT-0225] aes_inst/core/keymem/key_mem\[7\][56] 1 pin not visited, fall back to feedthrough mode.
[WARNING DRT-0225] aes_inst/core/keymem/key_mem\[8\][26] 1 pin not visited, fall back to feedthrough mode.
[WARNING DRT-0225] aes_inst/core/keymem/key_mem\[8\][33] 1 pin not visited, fall back to feedthrough mode.
[WARNING DRT-0225] aes_inst/core/keymem/key_mem\[8\][36] 1 pin not visited, fall back to feedthrough mode.
[WARNING DRT-0225] aes_inst/core/keymem/key_mem\[9\][13] 1 pin not visited, fall back to feedthrough mode.
[WARNING DRT-0225] aes_inst/core/keymem/key_mem\[9\][14] 1 pin not visited, fall back to feedthrough mode.
[WARNING DRT-0225] aes_inst/core/keymem/key_mem\[9\][67] 1 pin not visited, fall back to feedthrough mode.
[WARNING DRT-0225] aes_inst/core/keymem/key_mem\[9\][91] 1 pin not visited, fall back to feedthrough mode.
[WARNING DRT-0225] aes_inst/core/keymem/prev_key0_reg[109] 1 pin not visited, fall back to feedthrough mode.
[WARNING DRT-0225] aes_inst/core/keymem/prev_key0_reg[75] 1 pin not visited, fall back to feedthrough mode.
[WARNING DRT-0225] aes_inst/core/keymem/prev_key0_reg[8] 1 pin not visited, fall back to feedthrough mode.
[WARNING DRT-0225] aes_inst/core/keymem/prev_key1_reg[100] 1 pin not visited, fall back to feedthrough mode.
[WARNING DRT-0225] aes_inst/core/keymem/prev_key1_reg[106] 1 pin not visited, fall back to feedthrough mode.
[WARNING DRT-0225] aes_inst/core/keymem/prev_key1_reg[109] 1 pin not visited, fall back to feedthrough mode.
[WARNING DRT-0225] aes_inst/core/keymem/prev_key1_reg[96] 1 pin not visited, fall back to feedthrough mode.
[WARNING DRT-0225] aes_inst/core/sbox_inst/_0097_ 1 pin not visited, fall back to feedthrough mode.
[WARNING DRT-0225] aes_inst/core/sbox_inst/_0119_ 2 pin not visited, fall back to feedthrough mode.
[WARNING DRT-0225] aes_inst/core/sbox_inst/_0130_ 2 pin not visited, fall back to feedthrough mode.
[WARNING DRT-0225] aes_inst/core/sbox_inst/_0183_ 3 pin not visited, fall back to feedthrough mode.
[WARNING DRT-0225] aes_inst/core/sbox_inst/_0194_ 2 pin not visited, fall back to feedthrough mode.
[INFO DRT-1000] Pin aes_inst/core/sbox_inst/_3283_/X not in any guide. Attempting to patch guides to cover (at least part of) the pin.
[WARNING DRT-0225] aes_inst/core/sbox_inst/_0211_ 7 pin not visited, fall back to feedthrough mode.
[WARNING DRT-0225] aes_inst/core/sbox_inst/_0217_ 2 pin not visited, fall back to feedthrough mode.
[WARNING DRT-0225] aes_inst/core/sbox_inst/_0221_ 13 pin not visited, fall back to feedthrough mode.
[WARNING DRT-0225] aes_inst/core/sbox_inst/_0222_ 3 pin not visited, fall back to feedthrough mode.
[WARNING DRT-0225] aes_inst/core/sbox_inst/_0223_ 4 pin not visited, fall back to feedthrough mode.
[WARNING DRT-0225] aes_inst/core/sbox_inst/_0229_ 2 pin not visited, fall back to feedthrough mode.
[WARNING DRT-0225] aes_inst/core/sbox_inst/_0239_ 1 pin not visited, fall back to feedthrough mode.
[WARNING DRT-0225] aes_inst/core/sbox_inst/_0244_ 21 pin not visited, fall back to feedthrough mode.
[WARNING DRT-0225] aes_inst/core/sbox_inst/_0255_ 3 pin not visited, fall back to feedthrough mode.
[WARNING DRT-0225] aes_inst/core/sbox_inst/_0261_ 3 pin not visited, fall back to feedthrough mode.
[WARNING DRT-0225] aes_inst/core/sbox_inst/_0266_ 8 pin not visited, fall back to feedthrough mode.
[WARNING DRT-0225] aes_inst/core/sbox_inst/_0271_ 1 pin not visited, fall back to feedthrough mode.
[WARNING DRT-0225] aes_inst/core/sbox_inst/_0272_ 17 pin not visited, fall back to feedthrough mode.
[WARNING DRT-0225] aes_inst/core/sbox_inst/_0277_ 2 pin not visited, fall back to feedthrough mode.
[WARNING DRT-0225] aes_inst/core/sbox_inst/_0280_ 3 pin not visited, fall back to feedthrough mode.
[WARNING DRT-0225] aes_inst/core/sbox_inst/_0283_ 3 pin not visited, fall back to feedthrough mode.
[WARNING DRT-0225] aes_inst/core/sbox_inst/_0288_ 11 pin not visited, fall back to feedthrough mode.
[WARNING DRT-0225] aes_inst/core/sbox_inst/_0292_ 2 pin not visited, fall back to feedthrough mode.
[WARNING DRT-0225] aes_inst/core/sbox_inst/_0300_ 15 pin not visited, fall back to feedthrough mode.
[WARNING DRT-0225] aes_inst/core/sbox_inst/_0311_ 1 pin not visited, fall back to feedthrough mode.
[WARNING DRT-0225] aes_inst/core/sbox_inst/_0340_ 1 pin not visited, fall back to feedthrough mode.
[WARNING DRT-0225] aes_inst/core/sbox_inst/_0358_ 4 pin not visited, fall back to feedthrough mode.
[WARNING DRT-0225] aes_inst/core/sbox_inst/_0402_ 3 pin not visited, fall back to feedthrough mode.
[WARNING DRT-0225] aes_inst/core/sbox_inst/_0409_ 1 pin not visited, fall back to feedthrough mode.
[WARNING DRT-0225] aes_inst/core/sbox_inst/_0410_ 1 pin not visited, fall back to feedthrough mode.
[WARNING DRT-0225] aes_inst/core/sbox_inst/_0429_ 1 pin not visited, fall back to feedthrough mode.
[WARNING DRT-0225] aes_inst/core/sbox_inst/_0467_ 1 pin not visited, fall back to feedthrough mode.
[WARNING DRT-0225] aes_inst/core/sbox_inst/_0491_ 1 pin not visited, fall back to feedthrough mode.
[WARNING DRT-0225] aes_inst/core/sbox_inst/_0499_ 8 pin not visited, fall back to feedthrough mode.
[WARNING DRT-0225] aes_inst/core/sbox_inst/_0510_ 16 pin not visited, fall back to feedthrough mode.
[WARNING DRT-0225] aes_inst/core/sbox_inst/_0575_ 1 pin not visited, fall back to feedthrough mode.
[WARNING DRT-0225] aes_inst/core/sbox_inst/_0608_ 4 pin not visited, fall back to feedthrough mode.
[WARNING DRT-0225] aes_inst/core/sbox_inst/_0716_ 8 pin not visited, fall back to feedthrough mode.
[WARNING DRT-0225] aes_inst/core/sbox_inst/_0780_ 1 pin not visited, fall back to feedthrough mode.
[WARNING DRT-0225] aes_inst/core/sbox_inst/_0791_ 9 pin not visited, fall back to feedthrough mode.
[WARNING DRT-0225] aes_inst/core/sbox_inst/_0794_ 3 pin not visited, fall back to feedthrough mode.
[WARNING DRT-0225] aes_inst/core/sbox_inst/_0799_ 6 pin not visited, fall back to feedthrough mode.
[WARNING DRT-0225] aes_inst/core/sbox_inst/_0808_ 9 pin not visited, fall back to feedthrough mode.
[WARNING DRT-0225] aes_inst/core/sbox_inst/_0819_ 14 pin not visited, fall back to feedthrough mode.
[WARNING DRT-0225] aes_inst/core/sbox_inst/_0824_ 9 pin not visited, fall back to feedthrough mode.
[WARNING DRT-0225] aes_inst/core/sbox_inst/_0831_ 1 pin not visited, fall back to feedthrough mode.
[WARNING DRT-0225] aes_inst/core/sbox_inst/_0832_ 14 pin not visited, fall back to feedthrough mode.
[WARNING DRT-0225] aes_inst/core/sbox_inst/_0836_ 1 pin not visited, fall back to feedthrough mode.
[WARNING DRT-0225] aes_inst/core/sbox_inst/_0838_ 2 pin not visited, fall back to feedthrough mode.
[WARNING DRT-0225] aes_inst/core/sbox_inst/_0849_ 1 pin not visited, fall back to feedthrough mode.
[WARNING DRT-0225] aes_inst/core/sbox_inst/_0850_ 2 pin not visited, fall back to feedthrough mode.
[WARNING DRT-0225] aes_inst/core/sbox_inst/_0857_ 2 pin not visited, fall back to feedthrough mode.
[WARNING DRT-0225] aes_inst/core/sbox_inst/_0859_ 14 pin not visited, fall back to feedthrough mode.
[WARNING DRT-0225] aes_inst/core/sbox_inst/_0865_ 13 pin not visited, fall back to feedthrough mode.
[WARNING DRT-0225] aes_inst/core/sbox_inst/_0867_ 13 pin not visited, fall back to feedthrough mode.
[WARNING DRT-0225] aes_inst/core/sbox_inst/_0875_ 9 pin not visited, fall back to feedthrough mode.
[WARNING DRT-0225] aes_inst/core/sbox_inst/_0878_ 1 pin not visited, fall back to feedthrough mode.
[WARNING DRT-0225] aes_inst/core/sbox_inst/_0904_ 1 pin not visited, fall back to feedthrough mode.
[WARNING DRT-0225] aes_inst/core/sbox_inst/_0909_ 1 pin not visited, fall back to feedthrough mode.
[WARNING DRT-0225] aes_inst/core/sbox_inst/_0918_ 15 pin not visited, fall back to feedthrough mode.
[WARNING DRT-0225] aes_inst/core/sbox_inst/_0924_ 15 pin not visited, fall back to feedthrough mode.
[WARNING DRT-0225] aes_inst/core/sbox_inst/_0992_ 1 pin not visited, fall back to feedthrough mode.
[WARNING DRT-0225] aes_inst/core/sbox_inst/_1039_ 1 pin not visited, fall back to feedthrough mode.
[WARNING DRT-0225] aes_inst/core/sbox_inst/_1159_ 2 pin not visited, fall back to feedthrough mode.
[WARNING DRT-0225] aes_inst/core/sbox_inst/_1176_ 1 pin not visited, fall back to feedthrough mode.
[WARNING DRT-0225] aes_inst/core/sbox_inst/_1183_ 5 pin not visited, fall back to feedthrough mode.
[WARNING DRT-0225] aes_inst/core/sbox_inst/_1379_ 1 pin not visited, fall back to feedthrough mode.
[WARNING DRT-0225] aes_inst/core/sbox_inst/_1496_ 3 pin not visited, fall back to feedthrough mode.
[WARNING DRT-0225] aes_inst/core/sbox_inst/_1508_ 1 pin not visited, fall back to feedthrough mode.
[WARNING DRT-0225] aes_inst/core/sbox_inst/_1767_ 1 pin not visited, fall back to feedthrough mode.
[WARNING DRT-0225] aes_inst/core/sbox_inst/_1771_ 7 pin not visited, fall back to feedthrough mode.
[WARNING DRT-0225] aes_inst/core/sbox_inst/_1774_ 1 pin not visited, fall back to feedthrough mode.
[WARNING DRT-0225] aes_inst/core/sbox_inst/_1779_ 9 pin not visited, fall back to feedthrough mode.
[WARNING DRT-0225] aes_inst/core/sbox_inst/_1781_ 4 pin not visited, fall back to feedthrough mode.
[WARNING DRT-0225] aes_inst/core/sbox_inst/_1785_ 12 pin not visited, fall back to feedthrough mode.
[WARNING DRT-0225] aes_inst/core/sbox_inst/_1790_ 5 pin not visited, fall back to feedthrough mode.
[WARNING DRT-0225] aes_inst/core/sbox_inst/_1799_ 1 pin not visited, fall back to feedthrough mode.
[WARNING DRT-0225] aes_inst/core/sbox_inst/_1800_ 6 pin not visited, fall back to feedthrough mode.
[WARNING DRT-0225] aes_inst/core/sbox_inst/_1805_ 5 pin not visited, fall back to feedthrough mode.
[WARNING DRT-0225] aes_inst/core/sbox_inst/_1813_ 2 pin not visited, fall back to feedthrough mode.
[WARNING DRT-0225] aes_inst/core/sbox_inst/_1814_ 4 pin not visited, fall back to feedthrough mode.
[WARNING DRT-0225] aes_inst/core/sbox_inst/_1815_ 5 pin not visited, fall back to feedthrough mode.
[WARNING DRT-0225] aes_inst/core/sbox_inst/_1821_ 7 pin not visited, fall back to feedthrough mode.
[WARNING DRT-0225] aes_inst/core/sbox_inst/_1824_ 1 pin not visited, fall back to feedthrough mode.
[WARNING DRT-0225] aes_inst/core/sbox_inst/_1827_ 3 pin not visited, fall back to feedthrough mode.
[WARNING DRT-0225] aes_inst/core/sbox_inst/_1831_ 10 pin not visited, fall back to feedthrough mode.
[WARNING DRT-0225] aes_inst/core/sbox_inst/_1833_ 4 pin not visited, fall back to feedthrough mode.
[WARNING DRT-0225] aes_inst/core/sbox_inst/_1838_ 6 pin not visited, fall back to feedthrough mode.
[WARNING DRT-0225] aes_inst/core/sbox_inst/_1854_ 1 pin not visited, fall back to feedthrough mode.
[WARNING DRT-0225] aes_inst/core/sbox_inst/_1859_ 2 pin not visited, fall back to feedthrough mode.
[WARNING DRT-0225] aes_inst/core/sbox_inst/_1864_ 1 pin not visited, fall back to feedthrough mode.
[WARNING DRT-0225] aes_inst/core/sbox_inst/_1866_ 3 pin not visited, fall back to feedthrough mode.
[WARNING DRT-0225] aes_inst/core/sbox_inst/_1873_ 7 pin not visited, fall back to feedthrough mode.
[WARNING DRT-0225] aes_inst/core/sbox_inst/_1874_ 10 pin not visited, fall back to feedthrough mode.
[WARNING DRT-0225] aes_inst/core/sbox_inst/_1875_ 1 pin not visited, fall back to feedthrough mode.
[WARNING DRT-0225] aes_inst/core/sbox_inst/_1876_ 3 pin not visited, fall back to feedthrough mode.
[WARNING DRT-0225] aes_inst/core/sbox_inst/_1883_ 2 pin not visited, fall back to feedthrough mode.
[WARNING DRT-0225] aes_inst/core/sbox_inst/_1890_ 5 pin not visited, fall back to feedthrough mode.
[WARNING DRT-0225] aes_inst/core/sbox_inst/_1903_ 2 pin not visited, fall back to feedthrough mode.
[WARNING DRT-0225] aes_inst/core/sbox_inst/_1913_ 2 pin not visited, fall back to feedthrough mode.
[WARNING DRT-0225] aes_inst/core/sbox_inst/_1957_ 1 pin not visited, fall back to feedthrough mode.
[WARNING DRT-0225] aes_inst/core/sbox_inst/_2000_ 11 pin not visited, fall back to feedthrough mode.
[WARNING DRT-0225] aes_inst/core/sbox_inst/_2011_ 5 pin not visited, fall back to feedthrough mode.
[WARNING DRT-0225] cpu/_00679_ 2 pin not visited, fall back to feedthrough mode.
[WARNING DRT-0225] cpu/_00681_ 2 pin not visited, fall back to feedthrough mode.
[WARNING DRT-0225] cpu/_00759_ 6 pin not visited, fall back to feedthrough mode.
[WARNING DRT-0225] cpu/_00764_ 2 pin not visited, fall back to feedthrough mode.
[WARNING DRT-0225] cpu/_00765_ 9 pin not visited, fall back to feedthrough mode.
[WARNING DRT-0225] cpu/_00774_ 2 pin not visited, fall back to feedthrough mode.
[WARNING DRT-0225] cpu/_00777_ 42 pin not visited, fall back to feedthrough mode.
[WARNING DRT-0225] cpu/_00784_ 9 pin not visited, fall back to feedthrough mode.
[WARNING DRT-0225] cpu/_00801_ 3 pin not visited, fall back to feedthrough mode.
[WARNING DRT-0225] cpu/_00812_ 1 pin not visited, fall back to feedthrough mode.
[WARNING DRT-0225] cpu/_00838_ 3 pin not visited, fall back to feedthrough mode.
[WARNING DRT-0225] cpu/_00862_ 3 pin not visited, fall back to feedthrough mode.
[WARNING DRT-0225] cpu/_00882_ 2 pin not visited, fall back to feedthrough mode.
[WARNING DRT-0225] cpu/_00925_ 1 pin not visited, fall back to feedthrough mode.
[WARNING DRT-0225] cpu/_00993_ 3 pin not visited, fall back to feedthrough mode.
[WARNING DRT-0225] cpu/_01023_ 2 pin not visited, fall back to feedthrough mode.
[WARNING DRT-0225] cpu/_01066_ 2 pin not visited, fall back to feedthrough mode.
[WARNING DRT-0225] cpu/_01068_ 2 pin not visited, fall back to feedthrough mode.
[WARNING DRT-0225] cpu/_01069_ 1 pin not visited, fall back to feedthrough mode.
[WARNING DRT-0225] cpu/_01100_ 1 pin not visited, fall back to feedthrough mode.
[WARNING DRT-0225] cpu/_01113_ 1 pin not visited, fall back to feedthrough mode.
[WARNING DRT-0225] cpu/_01175_ 45 pin not visited, fall back to feedthrough mode.
[WARNING DRT-0225] cpu/_01180_ 1 pin not visited, fall back to feedthrough mode.
[WARNING DRT-0225] cpu/_01337_ 1 pin not visited, fall back to feedthrough mode.
[WARNING DRT-0225] cpu/_01340_ 1 pin not visited, fall back to feedthrough mode.
[WARNING DRT-0225] cpu/_01380_ 13 pin not visited, fall back to feedthrough mode.
[WARNING DRT-0225] cpu/_01387_ 1 pin not visited, fall back to feedthrough mode.
[WARNING DRT-0225] cpu/_01402_ 3 pin not visited, fall back to feedthrough mode.
[WARNING DRT-0225] cpu/_01433_ 2 pin not visited, fall back to feedthrough mode.
[WARNING DRT-0225] cpu/_01447_ 15 pin not visited, fall back to feedthrough mode.
[WARNING DRT-0225] cpu/_01469_ 6 pin not visited, fall back to feedthrough mode.
[WARNING DRT-0225] cpu/_01473_ 7 pin not visited, fall back to feedthrough mode.
[WARNING DRT-0225] cpu/_01475_ 3 pin not visited, fall back to feedthrough mode.
[WARNING DRT-0225] cpu/_01478_ 1 pin not visited, fall back to feedthrough mode.
[WARNING DRT-0225] cpu/_01488_ 3 pin not visited, fall back to feedthrough mode.
[WARNING DRT-0225] cpu/_01497_ 1 pin not visited, fall back to feedthrough mode.
[WARNING DRT-0225] cpu/_01506_ 2 pin not visited, fall back to feedthrough mode.
[WARNING DRT-0225] cpu/_01513_ 6 pin not visited, fall back to feedthrough mode.
[WARNING DRT-0225] cpu/_01536_ 2 pin not visited, fall back to feedthrough mode.
[WARNING DRT-0225] cpu/_01541_ 1 pin not visited, fall back to feedthrough mode.
[WARNING DRT-0225] cpu/_01585_ 4 pin not visited, fall back to feedthrough mode.
[WARNING DRT-0225] cpu/_01616_ 1 pin not visited, fall back to feedthrough mode.
[WARNING DRT-0225] cpu/_01636_ 2 pin not visited, fall back to feedthrough mode.
[WARNING DRT-0225] cpu/_01640_ 1 pin not visited, fall back to feedthrough mode.
[WARNING DRT-0225] cpu/_01679_ 1 pin not visited, fall back to feedthrough mode.
[WARNING DRT-0225] cpu/_01687_ 1 pin not visited, fall back to feedthrough mode.
[WARNING DRT-0225] cpu/_01712_ 3 pin not visited, fall back to feedthrough mode.
[WARNING DRT-0225] cpu/_01727_ 2 pin not visited, fall back to feedthrough mode.
[WARNING DRT-0225] cpu/_01792_ 2 pin not visited, fall back to feedthrough mode.
[WARNING DRT-0225] cpu/_01793_ 1 pin not visited, fall back to feedthrough mode.
[WARNING DRT-0225] cpu/_01855_ 1 pin not visited, fall back to feedthrough mode.
[WARNING DRT-0225] cpu/_01865_ 2 pin not visited, fall back to feedthrough mode.
[WARNING DRT-0225] cpu/_01925_ 1 pin not visited, fall back to feedthrough mode.
[WARNING DRT-0225] cpu/_01932_ 16 pin not visited, fall back to feedthrough mode.
[WARNING DRT-0225] cpu/_01939_ 5 pin not visited, fall back to feedthrough mode.
[WARNING DRT-0225] cpu/_01945_ 5 pin not visited, fall back to feedthrough mode.
[WARNING DRT-0225] cpu/_02116_ 1 pin not visited, fall back to feedthrough mode.
[WARNING DRT-0225] cpu/_02366_ 9 pin not visited, fall back to feedthrough mode.
[WARNING DRT-0225] cpu/_02402_ 3 pin not visited, fall back to feedthrough mode.
[WARNING DRT-0225] cpu/_02426_ 1 pin not visited, fall back to feedthrough mode.
[WARNING DRT-0225] cpu/_02529_ 2 pin not visited, fall back to feedthrough mode.
[WARNING DRT-0225] cpu/_02634_ 1 pin not visited, fall back to feedthrough mode.
[WARNING DRT-0225] cpu/_02699_ 1 pin not visited, fall back to feedthrough mode.
[WARNING DRT-0225] cpu/_02704_ 1 pin not visited, fall back to feedthrough mode.
[WARNING DRT-0225] cpu/_02710_ 5 pin not visited, fall back to feedthrough mode.
[WARNING DRT-0225] cpu/_02772_ 1 pin not visited, fall back to feedthrough mode.
[WARNING DRT-0225] cpu/_02789_ 1 pin not visited, fall back to feedthrough mode.
[WARNING DRT-0225] cpu/_02847_ 1 pin not visited, fall back to feedthrough mode.
[WARNING DRT-0225] cpu/_02912_ 1 pin not visited, fall back to feedthrough mode.
[WARNING DRT-0225] cpu/_02919_ 2 pin not visited, fall back to feedthrough mode.
[WARNING DRT-0225] cpu/_02920_ 2 pin not visited, fall back to feedthrough mode.
[WARNING DRT-0225] cpu/_02972_ 3 pin not visited, fall back to feedthrough mode.
[WARNING DRT-0225] cpu/_03013_ 3 pin not visited, fall back to feedthrough mode.
[WARNING DRT-0225] cpu/_03042_ 1 pin not visited, fall back to feedthrough mode.
[WARNING DRT-0225] cpu/_03051_ 3 pin not visited, fall back to feedthrough mode.
[WARNING DRT-0225] cpu/_03438_ 3 pin not visited, fall back to feedthrough mode.
[WARNING DRT-0225] cpu/_03470_ 1 pin not visited, fall back to feedthrough mode.
[WARNING DRT-0225] cpu/_03500_ 1 pin not visited, fall back to feedthrough mode.
[WARNING DRT-0225] cpu/_03526_ 1 pin not visited, fall back to feedthrough mode.
[WARNING DRT-0225] cpu/_03539_ 1 pin not visited, fall back to feedthrough mode.
[WARNING DRT-0225] cpu/_03656_ 1 pin not visited, fall back to feedthrough mode.
[WARNING DRT-0225] cpu/_03768_ 1 pin not visited, fall back to feedthrough mode.
[WARNING DRT-0225] cpu/_03923_ 9 pin not visited, fall back to feedthrough mode.
[WARNING DRT-0225] cpu/_03956_ 4 pin not visited, fall back to feedthrough mode.
[WARNING DRT-0225] cpu/_03965_ 4 pin not visited, fall back to feedthrough mode.
[WARNING DRT-0225] cpu/_04397_ 1 pin not visited, fall back to feedthrough mode.
[WARNING DRT-0225] cpu/_04599_ 1 pin not visited, fall back to feedthrough mode.
[WARNING DRT-0225] cpu/_04606_ 1 pin not visited, fall back to feedthrough mode.
[WARNING DRT-0225] cpu/_04607_ 6 pin not visited, fall back to feedthrough mode.
[WARNING DRT-0225] cpu/_04728_ 1 pin not visited, fall back to feedthrough mode.
[WARNING DRT-0225] cpu/_04778_ 13 pin not visited, fall back to feedthrough mode.
[WARNING DRT-0225] cpu/_04829_ 1 pin not visited, fall back to feedthrough mode.
[WARNING DRT-0225] cpu/_04896_ 5 pin not visited, fall back to feedthrough mode.
[WARNING DRT-0225] cpu/_04914_ 2 pin not visited, fall back to feedthrough mode.
[WARNING DRT-0225] cpu/_04999_ 2 pin not visited, fall back to feedthrough mode.
[WARNING DRT-0225] cpu/clear_prefetched_high_word 1 pin not visited, fall back to feedthrough mode.
[WARNING DRT-0225] cpu/count_cycle[22] 1 pin not visited, fall back to feedthrough mode.
[WARNING DRT-0225] cpu/count_cycle[2] 1 pin not visited, fall back to feedthrough mode.
[WARNING DRT-0225] cpu/count_cycle[36] 1 pin not visited, fall back to feedthrough mode.
[WARNING DRT-0225] cpu/count_cycle[60] 1 pin not visited, fall back to feedthrough mode.
[WARNING DRT-0225] cpu/count_cycle[61] 1 pin not visited, fall back to feedthrough mode.
[WARNING DRT-0225] cpu/cpuregs_wrdata[10] 7 pin not visited, fall back to feedthrough mode.
[WARNING DRT-0225] cpu/cpuregs_wrdata[19] 17 pin not visited, fall back to feedthrough mode.
[WARNING DRT-0225] cpu/cpuregs_wrdata[22] 5 pin not visited, fall back to feedthrough mode.
[WARNING DRT-0225] cpu/cpuregs_wrdata[25] 24 pin not visited, fall back to feedthrough mode.
[WARNING DRT-0225] cpu/cpuregs_wrdata[26] 1 pin not visited, fall back to feedthrough mode.
[WARNING DRT-0225] cpu/cpuregs_wrdata[27] 6 pin not visited, fall back to feedthrough mode.
[WARNING DRT-0225] cpu/cpuregs_wrdata[30] 19 pin not visited, fall back to feedthrough mode.
[WARNING DRT-0225] cpu/cpuregs_wrdata[31] 2 pin not visited, fall back to feedthrough mode.
[WARNING DRT-0225] cpu/decoded_rs1[2] 1 pin not visited, fall back to feedthrough mode.
[WARNING DRT-0225] cpu/decoded_rs2[1] 1 pin not visited, fall back to feedthrough mode.
[WARNING DRT-0225] cpu/irq_mask[10] 1 pin not visited, fall back to feedthrough mode.
[WARNING DRT-0225] cpu/irq_mask[14] 1 pin not visited, fall back to feedthrough mode.
[WARNING DRT-0225] cpu/irq_mask[9] 1 pin not visited, fall back to feedthrough mode.
[WARNING DRT-0225] cpu/mem_la_read 1 pin not visited, fall back to feedthrough mode.
[WARNING DRT-0225] cpu/pcpi_mul_rd[23] 1 pin not visited, fall back to feedthrough mode.
[WARNING DRT-0225] cpu/pcpi_mul_rd[5] 1 pin not visited, fall back to feedthrough mode.
[WARNING DRT-0225] cpu/reg_next_pc[1] 1 pin not visited, fall back to feedthrough mode.
[WARNING DRT-0225] cpu/reg_next_pc[20] 2 pin not visited, fall back to feedthrough mode.
[WARNING DRT-0225] cpu/reg_next_pc[3] 1 pin not visited, fall back to feedthrough mode.
[WARNING DRT-0225] cpu/reg_next_pc[5] 1 pin not visited, fall back to feedthrough mode.
[WARNING DRT-0225] cpu/reg_next_pc[7] 1 pin not visited, fall back to feedthrough mode.
[WARNING DRT-0225] cpu/reg_op1[10] 4 pin not visited, fall back to feedthrough mode.
[WARNING DRT-0225] cpu/reg_op1[11] 5 pin not visited, fall back to feedthrough mode.
[WARNING DRT-0225] cpu/reg_op1[13] 6 pin not visited, fall back to feedthrough mode.
[WARNING DRT-0225] cpu/reg_op1[20] 1 pin not visited, fall back to feedthrough mode.
[WARNING DRT-0225] cpu/reg_op1[26] 1 pin not visited, fall back to feedthrough mode.
[WARNING DRT-0225] cpu/reg_op1[27] 4 pin not visited, fall back to feedthrough mode.
[WARNING DRT-0225] cpu/reg_op1[4] 2 pin not visited, fall back to feedthrough mode.
[WARNING DRT-0225] cpu/reg_out[15] 1 pin not visited, fall back to feedthrough mode.
[WARNING DRT-0225] cpu/reg_out[17] 1 pin not visited, fall back to feedthrough mode.
[WARNING DRT-0225] cpu/reg_out[18] 1 pin not visited, fall back to feedthrough mode.
[WARNING DRT-0225] cpu/reg_out[19] 1 pin not visited, fall back to feedthrough mode.
[WARNING DRT-0225] cpu/reg_out[20] 1 pin not visited, fall back to feedthrough mode.
[WARNING DRT-0225] cpu/reg_out[21] 1 pin not visited, fall back to feedthrough mode.
[WARNING DRT-0225] cpu/reg_out[22] 1 pin not visited, fall back to feedthrough mode.
[WARNING DRT-0225] cpu/reg_out[23] 1 pin not visited, fall back to feedthrough mode.
[WARNING DRT-0225] cpu/reg_out[25] 2 pin not visited, fall back to feedthrough mode.
[WARNING DRT-0225] cpu/reg_out[26] 1 pin not visited, fall back to feedthrough mode.
[WARNING DRT-0225] cpu/reg_pc[9] 2 pin not visited, fall back to feedthrough mode.
[WARNING DRT-0225] cpu/timer[21] 1 pin not visited, fall back to feedthrough mode.
[WARNING DRT-0225] cpu/cpuregs/_2090_ 2 pin not visited, fall back to feedthrough mode.
[WARNING DRT-0225] cpu/cpuregs/_2106_ 1 pin not visited, fall back to feedthrough mode.
[WARNING DRT-0225] cpu/cpuregs/_2126_ 2 pin not visited, fall back to feedthrough mode.
[WARNING DRT-0225] cpu/cpuregs/regs\[11\][22] 1 pin not visited, fall back to feedthrough mode.
[WARNING DRT-0225] cpu/cpuregs/regs\[11\][30] 1 pin not visited, fall back to feedthrough mode.
[WARNING DRT-0225] cpu/cpuregs/regs\[13\][24] 1 pin not visited, fall back to feedthrough mode.
[WARNING DRT-0225] cpu/cpuregs/regs\[13\][9] 1 pin not visited, fall back to feedthrough mode.
[WARNING DRT-0225] cpu/cpuregs/regs\[15\][21] 1 pin not visited, fall back to feedthrough mode.
[WARNING DRT-0225] cpu/cpuregs/regs\[17\][23] 1 pin not visited, fall back to feedthrough mode.
[WARNING DRT-0225] cpu/cpuregs/regs\[17\][6] 1 pin not visited, fall back to feedthrough mode.
[WARNING DRT-0225] cpu/cpuregs/regs\[17\][8] 2 pin not visited, fall back to feedthrough mode.
[WARNING DRT-0225] cpu/cpuregs/regs\[18\][27] 1 pin not visited, fall back to feedthrough mode.
[WARNING DRT-0225] cpu/cpuregs/regs\[19\][19] 2 pin not visited, fall back to feedthrough mode.
[WARNING DRT-0225] cpu/cpuregs/regs\[19\][20] 2 pin not visited, fall back to feedthrough mode.
[WARNING DRT-0225] cpu/cpuregs/regs\[19\][29] 1 pin not visited, fall back to feedthrough mode.
[WARNING DRT-0225] cpu/cpuregs/regs\[19\][4] 1 pin not visited, fall back to feedthrough mode.
[WARNING DRT-0225] cpu/cpuregs/regs\[1\][10] 1 pin not visited, fall back to feedthrough mode.
[WARNING DRT-0225] cpu/cpuregs/regs\[1\][13] 1 pin not visited, fall back to feedthrough mode.
[WARNING DRT-0225] cpu/cpuregs/regs\[1\][23] 1 pin not visited, fall back to feedthrough mode.
[WARNING DRT-0225] cpu/cpuregs/regs\[1\][24] 1 pin not visited, fall back to feedthrough mode.
[WARNING DRT-0225] cpu/cpuregs/regs\[1\][28] 1 pin not visited, fall back to feedthrough mode.
[WARNING DRT-0225] cpu/cpuregs/regs\[20\][9] 1 pin not visited, fall back to feedthrough mode.
[WARNING DRT-0225] cpu/cpuregs/regs\[21\][14] 1 pin not visited, fall back to feedthrough mode.
[WARNING DRT-0225] cpu/cpuregs/regs\[21\][5] 1 pin not visited, fall back to feedthrough mode.
[WARNING DRT-0225] cpu/cpuregs/regs\[21\][7] 1 pin not visited, fall back to feedthrough mode.
[WARNING DRT-0225] cpu/cpuregs/regs\[23\][12] 1 pin not visited, fall back to feedthrough mode.
[WARNING DRT-0225] cpu/cpuregs/regs\[23\][15] 1 pin not visited, fall back to feedthrough mode.
[WARNING DRT-0225] cpu/cpuregs/regs\[23\][1] 2 pin not visited, fall back to feedthrough mode.
[WARNING DRT-0225] cpu/cpuregs/regs\[23\][20] 1 pin not visited, fall back to feedthrough mode.
[WARNING DRT-0225] cpu/cpuregs/regs\[23\][21] 1 pin not visited, fall back to feedthrough mode.
[WARNING DRT-0225] cpu/cpuregs/regs\[23\][24] 1 pin not visited, fall back to feedthrough mode.
[WARNING DRT-0225] cpu/cpuregs/regs\[23\][26] 1 pin not visited, fall back to feedthrough mode.
[WARNING DRT-0225] cpu/cpuregs/regs\[23\][31] 1 pin not visited, fall back to feedthrough mode.
[WARNING DRT-0225] cpu/cpuregs/regs\[23\][9] 2 pin not visited, fall back to feedthrough mode.
[WARNING DRT-0225] cpu/cpuregs/regs\[24\][12] 1 pin not visited, fall back to feedthrough mode.
[WARNING DRT-0225] cpu/cpuregs/regs\[24\][24] 1 pin not visited, fall back to feedthrough mode.
[WARNING DRT-0225] cpu/cpuregs/regs\[25\][14] 1 pin not visited, fall back to feedthrough mode.
[WARNING DRT-0225] cpu/cpuregs/regs\[25\][21] 1 pin not visited, fall back to feedthrough mode.
[WARNING DRT-0225] cpu/cpuregs/regs\[25\][29] 2 pin not visited, fall back to feedthrough mode.
[WARNING DRT-0225] cpu/cpuregs/regs\[26\][28] 1 pin not visited, fall back to feedthrough mode.
[WARNING DRT-0225] cpu/cpuregs/regs\[27\][23] 1 pin not visited, fall back to feedthrough mode.
[WARNING DRT-0225] cpu/cpuregs/regs\[27\][9] 2 pin not visited, fall back to feedthrough mode.
[WARNING DRT-0225] cpu/cpuregs/regs\[28\][17] 2 pin not visited, fall back to feedthrough mode.
[WARNING DRT-0225] cpu/cpuregs/regs\[28\][18] 2 pin not visited, fall back to feedthrough mode.
[WARNING DRT-0225] cpu/cpuregs/regs\[29\][29] 2 pin not visited, fall back to feedthrough mode.
[WARNING DRT-0225] cpu/cpuregs/regs\[29\][5] 2 pin not visited, fall back to feedthrough mode.
[WARNING DRT-0225] cpu/cpuregs/regs\[2\][11] 1 pin not visited, fall back to feedthrough mode.
[WARNING DRT-0225] cpu/cpuregs/regs\[31\][28] 1 pin not visited, fall back to feedthrough mode.
[WARNING DRT-0225] cpu/cpuregs/regs\[3\][3] 2 pin not visited, fall back to feedthrough mode.
[WARNING DRT-0225] cpu/cpuregs/regs\[3\][5] 1 pin not visited, fall back to feedthrough mode.
[WARNING DRT-0225] cpu/cpuregs/regs\[5\][13] 1 pin not visited, fall back to feedthrough mode.
[WARNING DRT-0225] cpu/cpuregs/regs\[5\][30] 1 pin not visited, fall back to feedthrough mode.
[WARNING DRT-0225] cpu/cpuregs/regs\[6\][4] 1 pin not visited, fall back to feedthrough mode.
[WARNING DRT-0225] cpu/cpuregs/regs\[7\][19] 1 pin not visited, fall back to feedthrough mode.
[WARNING DRT-0225] cpu/cpuregs/regs\[7\][26] 1 pin not visited, fall back to feedthrough mode.
[WARNING DRT-0225] cpu/cpuregs/regs\[9\][11] 1 pin not visited, fall back to feedthrough mode.
[WARNING DRT-0225] cpu/cpuregs/regs\[9\][23] 1 pin not visited, fall back to feedthrough mode.
[WARNING DRT-0225] cpu/cpuregs/regs\[9\][3] 1 pin not visited, fall back to feedthrough mode.
[WARNING DRT-0225] cpu/genblk1.genblk1.pcpi_mul/_0301_ 1 pin not visited, fall back to feedthrough mode.
[WARNING DRT-0225] cpu/genblk1.genblk1.pcpi_mul/_0320_ 1 pin not visited, fall back to feedthrough mode.
[WARNING DRT-0225] cpu/genblk1.genblk1.pcpi_mul/_0355_ 1 pin not visited, fall back to feedthrough mode.
[WARNING DRT-0225] cpu/genblk1.genblk1.pcpi_mul/_0373_ 2 pin not visited, fall back to feedthrough mode.
[WARNING DRT-0225] cpu/genblk1.genblk1.pcpi_mul/_0758_ 1 pin not visited, fall back to feedthrough mode.
[WARNING DRT-0225] cpu/genblk1.genblk1.pcpi_mul/_0762_ 8 pin not visited, fall back to feedthrough mode.
[WARNING DRT-0225] cpu/genblk1.genblk1.pcpi_mul/_0828_ 9 pin not visited, fall back to feedthrough mode.
[WARNING DRT-0225] cpu/genblk1.genblk1.pcpi_mul/_0924_ 8 pin not visited, fall back to feedthrough mode.
[WARNING DRT-0225] cpu/genblk1.genblk1.pcpi_mul/_0933_ 1 pin not visited, fall back to feedthrough mode.
[WARNING DRT-0225] cpu/genblk1.genblk1.pcpi_mul/rs2[53] 1 pin not visited, fall back to feedthrough mode.
[WARNING DRT-0225] cpu/genblk2.pcpi_div/_0198_ 9 pin not visited, fall back to feedthrough mode.
[WARNING DRT-0225] cpu/genblk2.pcpi_div/_0237_ 3 pin not visited, fall back to feedthrough mode.
[WARNING DRT-0225] cpu/genblk2.pcpi_div/_0647_ 6 pin not visited, fall back to feedthrough mode.
[WARNING DRT-0225] cpu/genblk2.pcpi_div/_0663_ 51 pin not visited, fall back to feedthrough mode.
[WARNING DRT-0225] cpu/genblk2.pcpi_div/_0664_ 2 pin not visited, fall back to feedthrough mode.
[WARNING DRT-0225] cpu/genblk2.pcpi_div/_0701_ 2 pin not visited, fall back to feedthrough mode.
[WARNING DRT-0225] cpu/genblk2.pcpi_div/_0734_ 1 pin not visited, fall back to feedthrough mode.
[WARNING DRT-0225] cpu/genblk2.pcpi_div/_0804_ 1 pin not visited, fall back to feedthrough mode.
[WARNING DRT-0225] cpu/genblk2.pcpi_div/_0812_ 20 pin not visited, fall back to feedthrough mode.
[WARNING DRT-0225] cpu/genblk2.pcpi_div/dividend[18] 1 pin not visited, fall back to feedthrough mode.
[WARNING DRT-0225] cpu/genblk2.pcpi_div/dividend[20] 1 pin not visited, fall back to feedthrough mode.
[WARNING DRT-0225] cpu/genblk2.pcpi_div/dividend[22] 1 pin not visited, fall back to feedthrough mode.
[WARNING DRT-0225] cpu/genblk2.pcpi_div/dividend[5] 2 pin not visited, fall back to feedthrough mode.
[WARNING DRT-0225] cpu/genblk2.pcpi_div/quotient[18] 1 pin not visited, fall back to feedthrough mode.
[WARNING DRT-0225] memory/_08201_ 2 pin not visited, fall back to feedthrough mode.
[WARNING DRT-0225] memory/_08202_ 1 pin not visited, fall back to feedthrough mode.
[WARNING DRT-0225] memory/_08330_ 5 pin not visited, fall back to feedthrough mode.
[WARNING DRT-0225] memory/_12737_ 3 pin not visited, fall back to feedthrough mode.
[WARNING DRT-0225] memory/_12740_ 4 pin not visited, fall back to feedthrough mode.
[WARNING DRT-0225] memory/_12744_ 1 pin not visited, fall back to feedthrough mode.
[WARNING DRT-0225] memory/_12747_ 3 pin not visited, fall back to feedthrough mode.
[WARNING DRT-0225] memory/_12750_ 7 pin not visited, fall back to feedthrough mode.
[WARNING DRT-0225] memory/_12753_ 1 pin not visited, fall back to feedthrough mode.
[WARNING DRT-0225] memory/_12754_ 4 pin not visited, fall back to feedthrough mode.
[WARNING DRT-0225] memory/_12758_ 1 pin not visited, fall back to feedthrough mode.
[WARNING DRT-0225] memory/_12760_ 1 pin not visited, fall back to feedthrough mode.
[WARNING DRT-0225] memory/_12764_ 4 pin not visited, fall back to feedthrough mode.
[WARNING DRT-0225] memory/_12765_ 6 pin not visited, fall back to feedthrough mode.
[WARNING DRT-0225] memory/_12768_ 1 pin not visited, fall back to feedthrough mode.
[WARNING DRT-0225] memory/_12771_ 3 pin not visited, fall back to feedthrough mode.
[WARNING DRT-0225] memory/_12773_ 1 pin not visited, fall back to feedthrough mode.
[WARNING DRT-0225] memory/_12776_ 4 pin not visited, fall back to feedthrough mode.
[WARNING DRT-0225] memory/_12780_ 7 pin not visited, fall back to feedthrough mode.
[WARNING DRT-0225] memory/_12781_ 3 pin not visited, fall back to feedthrough mode.
[WARNING DRT-0225] memory/_12785_ 4 pin not visited, fall back to feedthrough mode.
[WARNING DRT-0225] memory/_12788_ 2 pin not visited, fall back to feedthrough mode.
[WARNING DRT-0225] memory/_12789_ 3 pin not visited, fall back to feedthrough mode.
[WARNING DRT-0225] memory/_12791_ 6 pin not visited, fall back to feedthrough mode.
[WARNING DRT-0225] memory/_12794_ 3 pin not visited, fall back to feedthrough mode.
[WARNING DRT-0225] memory/_12798_ 3 pin not visited, fall back to feedthrough mode.
[WARNING DRT-0225] memory/_12800_ 6 pin not visited, fall back to feedthrough mode.
[WARNING DRT-0225] memory/_12802_ 4 pin not visited, fall back to feedthrough mode.
[WARNING DRT-0225] memory/_12804_ 2 pin not visited, fall back to feedthrough mode.
[WARNING DRT-0225] memory/_12806_ 5 pin not visited, fall back to feedthrough mode.
[WARNING DRT-0225] memory/_12809_ 1 pin not visited, fall back to feedthrough mode.
[WARNING DRT-0225] memory/_12811_ 3 pin not visited, fall back to feedthrough mode.
[WARNING DRT-0225] memory/_12812_ 1 pin not visited, fall back to feedthrough mode.
[WARNING DRT-0225] memory/_12819_ 4 pin not visited, fall back to feedthrough mode.
[WARNING DRT-0225] memory/_12826_ 5 pin not visited, fall back to feedthrough mode.
[WARNING DRT-0225] memory/_12834_ 1 pin not visited, fall back to feedthrough mode.
[WARNING DRT-0225] memory/_12835_ 2 pin not visited, fall back to feedthrough mode.
[WARNING DRT-0225] memory/_12847_ 4 pin not visited, fall back to feedthrough mode.
[WARNING DRT-0225] memory/_12848_ 5 pin not visited, fall back to feedthrough mode.
[WARNING DRT-0225] memory/_12851_ 6 pin not visited, fall back to feedthrough mode.
[WARNING DRT-0225] memory/_12855_ 7 pin not visited, fall back to feedthrough mode.
[WARNING DRT-0225] memory/_12856_ 6 pin not visited, fall back to feedthrough mode.
[WARNING DRT-0225] memory/_12858_ 4 pin not visited, fall back to feedthrough mode.
[WARNING DRT-0225] memory/_12859_ 7 pin not visited, fall back to feedthrough mode.
[WARNING DRT-0225] memory/_12860_ 1 pin not visited, fall back to feedthrough mode.
[WARNING DRT-0225] memory/_12862_ 1 pin not visited, fall back to feedthrough mode.
[WARNING DRT-0225] memory/_12867_ 1 pin not visited, fall back to feedthrough mode.
[WARNING DRT-0225] memory/_12868_ 7 pin not visited, fall back to feedthrough mode.
[WARNING DRT-0225] memory/_12869_ 1 pin not visited, fall back to feedthrough mode.
[WARNING DRT-0225] memory/_12873_ 2 pin not visited, fall back to feedthrough mode.
[WARNING DRT-0225] memory/_12877_ 1 pin not visited, fall back to feedthrough mode.
[WARNING DRT-0225] memory/_12881_ 2 pin not visited, fall back to feedthrough mode.
[WARNING DRT-0225] memory/_12883_ 1 pin not visited, fall back to feedthrough mode.
[WARNING DRT-0225] memory/_12885_ 2 pin not visited, fall back to feedthrough mode.
[WARNING DRT-0225] memory/_12889_ 4 pin not visited, fall back to feedthrough mode.
[WARNING DRT-0225] memory/_12891_ 1 pin not visited, fall back to feedthrough mode.
[WARNING DRT-0225] memory/_12893_ 7 pin not visited, fall back to feedthrough mode.
[WARNING DRT-0225] memory/_12895_ 1 pin not visited, fall back to feedthrough mode.
[WARNING DRT-0225] memory/_12899_ 4 pin not visited, fall back to feedthrough mode.
[WARNING DRT-0225] memory/_12901_ 3 pin not visited, fall back to feedthrough mode.
[WARNING DRT-0225] memory/_12906_ 2 pin not visited, fall back to feedthrough mode.
[WARNING DRT-0225] memory/_12909_ 4 pin not visited, fall back to feedthrough mode.
[WARNING DRT-0225] memory/_12911_ 1 pin not visited, fall back to feedthrough mode.
[WARNING DRT-0225] memory/_12915_ 6 pin not visited, fall back to feedthrough mode.
[WARNING DRT-0225] memory/_12917_ 1 pin not visited, fall back to feedthrough mode.
[WARNING DRT-0225] memory/_12921_ 1 pin not visited, fall back to feedthrough mode.
[WARNING DRT-0225] memory/_12931_ 3 pin not visited, fall back to feedthrough mode.
[WARNING DRT-0225] memory/_12932_ 1 pin not visited, fall back to feedthrough mode.
[WARNING DRT-0225] memory/_12933_ 6 pin not visited, fall back to feedthrough mode.
[WARNING DRT-0225] memory/_12935_ 7 pin not visited, fall back to feedthrough mode.
[WARNING DRT-0225] memory/_12936_ 4 pin not visited, fall back to feedthrough mode.
[WARNING DRT-0225] memory/_12943_ 7 pin not visited, fall back to feedthrough mode.
[WARNING DRT-0225] memory/_12949_ 1 pin not visited, fall back to feedthrough mode.
[WARNING DRT-0225] memory/_12951_ 4 pin not visited, fall back to feedthrough mode.
[WARNING DRT-0225] memory/_12952_ 4 pin not visited, fall back to feedthrough mode.
[WARNING DRT-0225] memory/_12956_ 4 pin not visited, fall back to feedthrough mode.
[WARNING DRT-0225] memory/_12965_ 1 pin not visited, fall back to feedthrough mode.
[WARNING DRT-0225] memory/_12970_ 5 pin not visited, fall back to feedthrough mode.
[WARNING DRT-0225] memory/_12974_ 2 pin not visited, fall back to feedthrough mode.
[WARNING DRT-0225] memory/_12976_ 5 pin not visited, fall back to feedthrough mode.
[WARNING DRT-0225] memory/_12979_ 4 pin not visited, fall back to feedthrough mode.
[WARNING DRT-0225] memory/_12980_ 6 pin not visited, fall back to feedthrough mode.
[WARNING DRT-0225] memory/_12982_ 1 pin not visited, fall back to feedthrough mode.
[WARNING DRT-0225] memory/_12983_ 3 pin not visited, fall back to feedthrough mode.
[WARNING DRT-0225] memory/_12990_ 2 pin not visited, fall back to feedthrough mode.
[WARNING DRT-0225] memory/_12991_ 1 pin not visited, fall back to feedthrough mode.
[WARNING DRT-0225] memory/_12995_ 6 pin not visited, fall back to feedthrough mode.
[WARNING DRT-0225] memory/_12996_ 5 pin not visited, fall back to feedthrough mode.
[WARNING DRT-0225] memory/_12997_ 7 pin not visited, fall back to feedthrough mode.
[WARNING DRT-0225] memory/_12998_ 7 pin not visited, fall back to feedthrough mode.
[WARNING DRT-0225] memory/_12999_ 1 pin not visited, fall back to feedthrough mode.
[WARNING DRT-0225] memory/_13003_ 7 pin not visited, fall back to feedthrough mode.
[WARNING DRT-0225] memory/_13006_ 7 pin not visited, fall back to feedthrough mode.
[WARNING DRT-0225] memory/_13007_ 3 pin not visited, fall back to feedthrough mode.
[WARNING DRT-0225] memory/_13010_ 1 pin not visited, fall back to feedthrough mode.
[WARNING DRT-0225] memory/_13011_ 6 pin not visited, fall back to feedthrough mode.
[WARNING DRT-0225] memory/_13012_ 2 pin not visited, fall back to feedthrough mode.
[WARNING DRT-0225] memory/_13016_ 1 pin not visited, fall back to feedthrough mode.
[WARNING DRT-0225] memory/_13020_ 3 pin not visited, fall back to feedthrough mode.
[WARNING DRT-0225] memory/_13021_ 4 pin not visited, fall back to feedthrough mode.
[WARNING DRT-0225] memory/_13026_ 1 pin not visited, fall back to feedthrough mode.
[WARNING DRT-0225] memory/_13028_ 5 pin not visited, fall back to feedthrough mode.
[WARNING DRT-0225] memory/_13030_ 2 pin not visited, fall back to feedthrough mode.
[WARNING DRT-0225] memory/_13032_ 7 pin not visited, fall back to feedthrough mode.
[WARNING DRT-0225] memory/_13033_ 5 pin not visited, fall back to feedthrough mode.
[WARNING DRT-0225] memory/_13037_ 1 pin not visited, fall back to feedthrough mode.
[WARNING DRT-0225] memory/_13041_ 2 pin not visited, fall back to feedthrough mode.
[WARNING DRT-0225] memory/_13044_ 4 pin not visited, fall back to feedthrough mode.
[WARNING DRT-0225] memory/_13046_ 2 pin not visited, fall back to feedthrough mode.
[WARNING DRT-0225] memory/_13047_ 5 pin not visited, fall back to feedthrough mode.
[WARNING DRT-0225] memory/_13051_ 1 pin not visited, fall back to feedthrough mode.
[WARNING DRT-0225] memory/_13053_ 5 pin not visited, fall back to feedthrough mode.
[WARNING DRT-0225] memory/_13055_ 1 pin not visited, fall back to feedthrough mode.
[WARNING DRT-0225] memory/_13059_ 3 pin not visited, fall back to feedthrough mode.
[WARNING DRT-0225] memory/_13064_ 2 pin not visited, fall back to feedthrough mode.
[WARNING DRT-0225] memory/_13066_ 7 pin not visited, fall back to feedthrough mode.
[WARNING DRT-0225] memory/_13068_ 2 pin not visited, fall back to feedthrough mode.
[WARNING DRT-0225] memory/_13069_ 1 pin not visited, fall back to feedthrough mode.
[WARNING DRT-0225] memory/_13072_ 7 pin not visited, fall back to feedthrough mode.
[WARNING DRT-0225] memory/_13074_ 5 pin not visited, fall back to feedthrough mode.
[WARNING DRT-0225] memory/_13076_ 4 pin not visited, fall back to feedthrough mode.
[WARNING DRT-0225] memory/_13078_ 1 pin not visited, fall back to feedthrough mode.
[WARNING DRT-0225] memory/_13080_ 3 pin not visited, fall back to feedthrough mode.
[WARNING DRT-0225] memory/_13083_ 5 pin not visited, fall back to feedthrough mode.
[WARNING DRT-0225] memory/_13085_ 4 pin not visited, fall back to feedthrough mode.
[WARNING DRT-0225] memory/_13090_ 5 pin not visited, fall back to feedthrough mode.
[WARNING DRT-0225] memory/_13095_ 2 pin not visited, fall back to feedthrough mode.
[WARNING DRT-0225] memory/_13097_ 3 pin not visited, fall back to feedthrough mode.
[WARNING DRT-0225] memory/_13098_ 3 pin not visited, fall back to feedthrough mode.
[WARNING DRT-0225] memory/_13102_ 2 pin not visited, fall back to feedthrough mode.
[WARNING DRT-0225] memory/_13105_ 7 pin not visited, fall back to feedthrough mode.
[WARNING DRT-0225] memory/_13109_ 3 pin not visited, fall back to feedthrough mode.
[WARNING DRT-0225] memory/_13112_ 2 pin not visited, fall back to feedthrough mode.
[WARNING DRT-0225] memory/_13113_ 1 pin not visited, fall back to feedthrough mode.
[WARNING DRT-0225] memory/_13114_ 6 pin not visited, fall back to feedthrough mode.
[WARNING DRT-0225] memory/_13116_ 4 pin not visited, fall back to feedthrough mode.
[WARNING DRT-0225] memory/_13118_ 6 pin not visited, fall back to feedthrough mode.
[WARNING DRT-0225] memory/_13120_ 2 pin not visited, fall back to feedthrough mode.
[WARNING DRT-0225] memory/_13121_ 2 pin not visited, fall back to feedthrough mode.
[WARNING DRT-0225] memory/_13122_ 5 pin not visited, fall back to feedthrough mode.
[WARNING DRT-0225] memory/_13123_ 3 pin not visited, fall back to feedthrough mode.
[WARNING DRT-0225] memory/_13124_ 2 pin not visited, fall back to feedthrough mode.
[WARNING DRT-0225] memory/_13125_ 1 pin not visited, fall back to feedthrough mode.
[WARNING DRT-0225] memory/_13126_ 7 pin not visited, fall back to feedthrough mode.
[WARNING DRT-0225] memory/_13129_ 2 pin not visited, fall back to feedthrough mode.
[WARNING DRT-0225] memory/_13132_ 3 pin not visited, fall back to feedthrough mode.
[WARNING DRT-0225] memory/_13138_ 2 pin not visited, fall back to feedthrough mode.
[WARNING DRT-0225] memory/_13140_ 2 pin not visited, fall back to feedthrough mode.
[WARNING DRT-0225] memory/_13146_ 4 pin not visited, fall back to feedthrough mode.
[WARNING DRT-0225] memory/_13147_ 7 pin not visited, fall back to feedthrough mode.
[WARNING DRT-0225] memory/_13148_ 5 pin not visited, fall back to feedthrough mode.
[WARNING DRT-0225] memory/_13151_ 2 pin not visited, fall back to feedthrough mode.
[WARNING DRT-0225] memory/_13152_ 4 pin not visited, fall back to feedthrough mode.
[WARNING DRT-0225] memory/_13153_ 1 pin not visited, fall back to feedthrough mode.
[WARNING DRT-0225] memory/_13154_ 4 pin not visited, fall back to feedthrough mode.
[WARNING DRT-0225] memory/_13156_ 1 pin not visited, fall back to feedthrough mode.
[WARNING DRT-0225] memory/_13158_ 2 pin not visited, fall back to feedthrough mode.
[WARNING DRT-0225] memory/_13161_ 4 pin not visited, fall back to feedthrough mode.
[WARNING DRT-0225] memory/_13163_ 6 pin not visited, fall back to feedthrough mode.
[WARNING DRT-0225] memory/_13164_ 2 pin not visited, fall back to feedthrough mode.
[WARNING DRT-0225] memory/_13172_ 1 pin not visited, fall back to feedthrough mode.
[WARNING DRT-0225] memory/_13174_ 3 pin not visited, fall back to feedthrough mode.
[WARNING DRT-0225] memory/_13175_ 1 pin not visited, fall back to feedthrough mode.
[WARNING DRT-0225] memory/_13180_ 1 pin not visited, fall back to feedthrough mode.
[WARNING DRT-0225] memory/_13183_ 2 pin not visited, fall back to feedthrough mode.
[WARNING DRT-0225] memory/_13184_ 3 pin not visited, fall back to feedthrough mode.
[WARNING DRT-0225] memory/_13185_ 3 pin not visited, fall back to feedthrough mode.
[WARNING DRT-0225] memory/_13186_ 3 pin not visited, fall back to feedthrough mode.
[WARNING DRT-0225] memory/_13187_ 1 pin not visited, fall back to feedthrough mode.
[WARNING DRT-0225] memory/_13190_ 5 pin not visited, fall back to feedthrough mode.
[WARNING DRT-0225] memory/_13191_ 5 pin not visited, fall back to feedthrough mode.
[WARNING DRT-0225] memory/_13193_ 5 pin not visited, fall back to feedthrough mode.
[WARNING DRT-0225] memory/_13194_ 2 pin not visited, fall back to feedthrough mode.
[WARNING DRT-0225] memory/_13196_ 6 pin not visited, fall back to feedthrough mode.
[WARNING DRT-0225] memory/_13197_ 5 pin not visited, fall back to feedthrough mode.
[WARNING DRT-0225] memory/_13198_ 1 pin not visited, fall back to feedthrough mode.
[WARNING DRT-0225] memory/_13208_ 1 pin not visited, fall back to feedthrough mode.
[WARNING DRT-0225] memory/_13212_ 4 pin not visited, fall back to feedthrough mode.
[WARNING DRT-0225] memory/_13218_ 4 pin not visited, fall back to feedthrough mode.
[WARNING DRT-0225] memory/_13226_ 1 pin not visited, fall back to feedthrough mode.
[WARNING DRT-0225] memory/_13228_ 1 pin not visited, fall back to feedthrough mode.
[WARNING DRT-0225] memory/_13231_ 1 pin not visited, fall back to feedthrough mode.
[WARNING DRT-0225] memory/_13233_ 4 pin not visited, fall back to feedthrough mode.
[WARNING DRT-0225] memory/_13237_ 1 pin not visited, fall back to feedthrough mode.
[WARNING DRT-0225] memory/_13241_ 6 pin not visited, fall back to feedthrough mode.
[WARNING DRT-0225] memory/_13242_ 7 pin not visited, fall back to feedthrough mode.
[WARNING DRT-0225] memory/_13247_ 1 pin not visited, fall back to feedthrough mode.
[WARNING DRT-0225] memory/_13249_ 7 pin not visited, fall back to feedthrough mode.
[WARNING DRT-0225] memory/_13254_ 1 pin not visited, fall back to feedthrough mode.
[WARNING DRT-0225] memory/_13256_ 5 pin not visited, fall back to feedthrough mode.
[WARNING DRT-0225] memory/_13258_ 5 pin not visited, fall back to feedthrough mode.
[WARNING DRT-0225] memory/_13259_ 5 pin not visited, fall back to feedthrough mode.
[WARNING DRT-0225] memory/_13266_ 7 pin not visited, fall back to feedthrough mode.
[WARNING DRT-0225] memory/_13268_ 3 pin not visited, fall back to feedthrough mode.
[WARNING DRT-0225] memory/_13271_ 3 pin not visited, fall back to feedthrough mode.
[WARNING DRT-0225] memory/_13277_ 5 pin not visited, fall back to feedthrough mode.
[WARNING DRT-0225] memory/_13279_ 3 pin not visited, fall back to feedthrough mode.
[WARNING DRT-0225] memory/_13281_ 6 pin not visited, fall back to feedthrough mode.
[WARNING DRT-0225] memory/_13282_ 5 pin not visited, fall back to feedthrough mode.
[WARNING DRT-0225] memory/_13283_ 4 pin not visited, fall back to feedthrough mode.
[WARNING DRT-0225] memory/_13284_ 1 pin not visited, fall back to feedthrough mode.
[WARNING DRT-0225] memory/_13289_ 5 pin not visited, fall back to feedthrough mode.
[WARNING DRT-0225] memory/_13291_ 3 pin not visited, fall back to feedthrough mode.
[WARNING DRT-0225] memory/_13293_ 4 pin not visited, fall back to feedthrough mode.
[WARNING DRT-0225] memory/_13294_ 1 pin not visited, fall back to feedthrough mode.
[WARNING DRT-0225] memory/_13295_ 1 pin not visited, fall back to feedthrough mode.
[WARNING DRT-0225] memory/_13299_ 3 pin not visited, fall back to feedthrough mode.
[WARNING DRT-0225] memory/_13300_ 5 pin not visited, fall back to feedthrough mode.
[WARNING DRT-0225] memory/_13304_ 3 pin not visited, fall back to feedthrough mode.
[WARNING DRT-0225] memory/_13306_ 1 pin not visited, fall back to feedthrough mode.
[WARNING DRT-0225] memory/_13307_ 1 pin not visited, fall back to feedthrough mode.
[WARNING DRT-0225] memory/_13308_ 1 pin not visited, fall back to feedthrough mode.
[WARNING DRT-0225] memory/_13314_ 4 pin not visited, fall back to feedthrough mode.
[WARNING DRT-0225] memory/_13318_ 5 pin not visited, fall back to feedthrough mode.
[WARNING DRT-0225] memory/_13320_ 4 pin not visited, fall back to feedthrough mode.
[WARNING DRT-0225] memory/_13321_ 1 pin not visited, fall back to feedthrough mode.
[WARNING DRT-0225] memory/_13326_ 5 pin not visited, fall back to feedthrough mode.
[WARNING DRT-0225] memory/_13331_ 4 pin not visited, fall back to feedthrough mode.
[WARNING DRT-0225] memory/_13333_ 2 pin not visited, fall back to feedthrough mode.
[WARNING DRT-0225] memory/_13340_ 5 pin not visited, fall back to feedthrough mode.
[WARNING DRT-0225] memory/_13343_ 4 pin not visited, fall back to feedthrough mode.
[WARNING DRT-0225] memory/_13347_ 3 pin not visited, fall back to feedthrough mode.
[WARNING DRT-0225] memory/_13348_ 7 pin not visited, fall back to feedthrough mode.
[WARNING DRT-0225] memory/_13354_ 3 pin not visited, fall back to feedthrough mode.
[WARNING DRT-0225] memory/_13358_ 4 pin not visited, fall back to feedthrough mode.
[WARNING DRT-0225] memory/_13359_ 1 pin not visited, fall back to feedthrough mode.
[WARNING DRT-0225] memory/_13362_ 5 pin not visited, fall back to feedthrough mode.
[WARNING DRT-0225] memory/_13363_ 7 pin not visited, fall back to feedthrough mode.
[WARNING DRT-0225] memory/_13367_ 3 pin not visited, fall back to feedthrough mode.
[WARNING DRT-0225] memory/_13375_ 4 pin not visited, fall back to feedthrough mode.
[WARNING DRT-0225] memory/_13379_ 5 pin not visited, fall back to feedthrough mode.
[WARNING DRT-0225] memory/_13382_ 1 pin not visited, fall back to feedthrough mode.
[WARNING DRT-0225] memory/_13385_ 2 pin not visited, fall back to feedthrough mode.
[WARNING DRT-0225] memory/_13391_ 6 pin not visited, fall back to feedthrough mode.
[WARNING DRT-0225] memory/_13393_ 6 pin not visited, fall back to feedthrough mode.
[WARNING DRT-0225] memory/_13395_ 1 pin not visited, fall back to feedthrough mode.
[WARNING DRT-0225] memory/_13396_ 7 pin not visited, fall back to feedthrough mode.
[WARNING DRT-0225] memory/_13397_ 6 pin not visited, fall back to feedthrough mode.
[WARNING DRT-0225] memory/_13399_ 6 pin not visited, fall back to feedthrough mode.
[WARNING DRT-0225] memory/_13400_ 7 pin not visited, fall back to feedthrough mode.
[WARNING DRT-0225] memory/_13401_ 2 pin not visited, fall back to feedthrough mode.
[WARNING DRT-0225] memory/_13404_ 1 pin not visited, fall back to feedthrough mode.
[WARNING DRT-0225] memory/_13406_ 3 pin not visited, fall back to feedthrough mode.
[WARNING DRT-0225] memory/_13412_ 5 pin not visited, fall back to feedthrough mode.
[WARNING DRT-0225] memory/_13414_ 2 pin not visited, fall back to feedthrough mode.
[WARNING DRT-0225] memory/_13417_ 4 pin not visited, fall back to feedthrough mode.
[WARNING DRT-0225] memory/_13422_ 1 pin not visited, fall back to feedthrough mode.
[WARNING DRT-0225] memory/_13428_ 1 pin not visited, fall back to feedthrough mode.
[WARNING DRT-0225] memory/_13430_ 1 pin not visited, fall back to feedthrough mode.
[WARNING DRT-0225] memory/_13431_ 4 pin not visited, fall back to feedthrough mode.
[WARNING DRT-0225] memory/_13433_ 1 pin not visited, fall back to feedthrough mode.
[WARNING DRT-0225] memory/_13436_ 2 pin not visited, fall back to feedthrough mode.
[WARNING DRT-0225] memory/_13441_ 5 pin not visited, fall back to feedthrough mode.
[WARNING DRT-0225] memory/_13445_ 1 pin not visited, fall back to feedthrough mode.
[WARNING DRT-0225] memory/_13451_ 6 pin not visited, fall back to feedthrough mode.
[WARNING DRT-0225] memory/_13460_ 6 pin not visited, fall back to feedthrough mode.
[WARNING DRT-0225] memory/_13461_ 4 pin not visited, fall back to feedthrough mode.
[WARNING DRT-0225] memory/_13465_ 1 pin not visited, fall back to feedthrough mode.
[WARNING DRT-0225] memory/_13466_ 1 pin not visited, fall back to feedthrough mode.
[WARNING DRT-0225] memory/_13468_ 5 pin not visited, fall back to feedthrough mode.
[WARNING DRT-0225] memory/_13475_ 3 pin not visited, fall back to feedthrough mode.
[WARNING DRT-0225] memory/_13477_ 2 pin not visited, fall back to feedthrough mode.
[WARNING DRT-0225] memory/_13479_ 1 pin not visited, fall back to feedthrough mode.
[WARNING DRT-0225] memory/_13480_ 1 pin not visited, fall back to feedthrough mode.
[WARNING DRT-0225] memory/_13484_ 2 pin not visited, fall back to feedthrough mode.
[WARNING DRT-0225] memory/_13485_ 7 pin not visited, fall back to feedthrough mode.
[WARNING DRT-0225] memory/_13487_ 3 pin not visited, fall back to feedthrough mode.
[WARNING DRT-0225] memory/_13490_ 1 pin not visited, fall back to feedthrough mode.
[WARNING DRT-0225] memory/_13491_ 6 pin not visited, fall back to feedthrough mode.
[WARNING DRT-0225] memory/_13492_ 6 pin not visited, fall back to feedthrough mode.
[WARNING DRT-0225] memory/_13493_ 4 pin not visited, fall back to feedthrough mode.
[WARNING DRT-0225] memory/_13497_ 1 pin not visited, fall back to feedthrough mode.
[WARNING DRT-0225] memory/_13506_ 4 pin not visited, fall back to feedthrough mode.
[WARNING DRT-0225] memory/_13508_ 7 pin not visited, fall back to feedthrough mode.
[WARNING DRT-0225] memory/_13510_ 4 pin not visited, fall back to feedthrough mode.
[WARNING DRT-0225] memory/_13511_ 7 pin not visited, fall back to feedthrough mode.
[WARNING DRT-0225] memory/_13513_ 2 pin not visited, fall back to feedthrough mode.
[WARNING DRT-0225] memory/_13514_ 4 pin not visited, fall back to feedthrough mode.
[WARNING DRT-0225] memory/_13515_ 1 pin not visited, fall back to feedthrough mode.
[WARNING DRT-0225] memory/_13517_ 5 pin not visited, fall back to feedthrough mode.
[WARNING DRT-0225] memory/_13520_ 3 pin not visited, fall back to feedthrough mode.
[WARNING DRT-0225] memory/_13521_ 6 pin not visited, fall back to feedthrough mode.
[WARNING DRT-0225] memory/_13522_ 6 pin not visited, fall back to feedthrough mode.
[WARNING DRT-0225] memory/_13526_ 1 pin not visited, fall back to feedthrough mode.
[WARNING DRT-0225] memory/_13527_ 1 pin not visited, fall back to feedthrough mode.
[WARNING DRT-0225] memory/_13530_ 6 pin not visited, fall back to feedthrough mode.
[WARNING DRT-0225] message limit reached, this message will no longer print
[INFO DRT-1000] Pin aes_inst/core/dec_block/_2358_/B not in any guide. Attempting to patch guides to cover (at least part of) the pin.
[INFO DRT-1000] Pin aes_inst/core/dec_block/_2693_/B not in any guide. Attempting to patch guides to cover (at least part of) the pin.
[INFO DRT-1000] Pin aes_inst/core/dec_block/_2166_/B not in any guide. Attempting to patch guides to cover (at least part of) the pin.
[INFO DRT-1000] Pin aes_inst/core/dec_block/_2388_/B not in any guide. Attempting to patch guides to cover (at least part of) the pin.
[INFO DRT-1000] Pin aes_inst/core/dec_block/_2589_/B not in any guide. Attempting to patch guides to cover (at least part of) the pin.
[INFO DRT-1000] Pin aes_inst/core/dec_block/_2559_/B not in any guide. Attempting to patch guides to cover (at least part of) the pin.
[INFO DRT-1000] Pin aes_inst/core/dec_block/_2304_/B not in any guide. Attempting to patch guides to cover (at least part of) the pin.
[INFO DRT-1000] Pin aes_inst/core/_173_/A1 not in any guide. Attempting to patch guides to cover (at least part of) the pin.
[INFO DRT-1000] Pin aes_inst/core/_177_/S not in any guide. Attempting to patch guides to cover (at least part of) the pin.
[INFO DRT-1000] Pin aes_inst/core/enc_block/_2403_/B not in any guide. Attempting to patch guides to cover (at least part of) the pin.
[INFO DRT-1000] Pin aes_inst/core/keymem/_14240_/RESET_B not in any guide. Attempting to patch guides to cover (at least part of) the pin.
[INFO DRT-1000] Pin aes_inst/core/keymem/_14958_/RESET_B not in any guide. Attempting to patch guides to cover (at least part of) the pin.
[INFO DRT-1000] Pin aes_inst/core/keymem/_15632_/RESET_B not in any guide. Attempting to patch guides to cover (at least part of) the pin.
[INFO DRT-1000] Pin aes_inst/core/keymem/_14096_/RESET_B not in any guide. Attempting to patch guides to cover (at least part of) the pin.
[INFO DRT-1000] Pin aes_inst/core/keymem/_14375_/RESET_B not in any guide. Attempting to patch guides to cover (at least part of) the pin.
[INFO DRT-1000] Pin aes_inst/core/keymem/_14923_/RESET_B not in any guide. Attempting to patch guides to cover (at least part of) the pin.
[INFO DRT-1000] Pin aes_inst/core/keymem/_15502_/RESET_B not in any guide. Attempting to patch guides to cover (at least part of) the pin.
[INFO DRT-1000] Pin aes_inst/core/keymem/_15072_/RESET_B not in any guide. Attempting to patch guides to cover (at least part of) the pin.
[INFO DRT-1000] Pin aes_inst/core/keymem/_13523_/RESET_B not in any guide. Attempting to patch guides to cover (at least part of) the pin.
[INFO DRT-1000] Pin aes_inst/core/keymem/_13920_/RESET_B not in any guide. Attempting to patch guides to cover (at least part of) the pin.
[INFO DRT-1000] Pin aes_inst/core/keymem/_14539_/RESET_B not in any guide. Attempting to patch guides to cover (at least part of) the pin.
[INFO DRT-1000] Pin aes_inst/core/keymem/_13966_/RESET_B not in any guide. Attempting to patch guides to cover (at least part of) the pin.
[INFO DRT-1000] Pin aes_inst/core/keymem/_15136_/RESET_B not in any guide. Attempting to patch guides to cover (at least part of) the pin.
[INFO DRT-1000] Pin aes_inst/core/keymem/_14087_/RESET_B not in any guide. Attempting to patch guides to cover (at least part of) the pin.
[INFO DRT-1000] Pin aes_inst/core/keymem/_13856_/RESET_B not in any guide. Attempting to patch guides to cover (at least part of) the pin.
[INFO DRT-1000] Pin aes_inst/_1384_/RESET_B not in any guide. Attempting to patch guides to cover (at least part of) the pin.
[INFO DRT-1000] Pin aes_inst/core/keymem/_13818_/RESET_B not in any guide. Attempting to patch guides to cover (at least part of) the pin.
[INFO DRT-1000] Pin aes_inst/core/keymem/_15248_/RESET_B not in any guide. Attempting to patch guides to cover (at least part of) the pin.
[INFO DRT-1000] Pin aes_inst/core/keymem/_14992_/RESET_B not in any guide. Attempting to patch guides to cover (at least part of) the pin.
[INFO DRT-1000] Pin aes_inst/core/keymem/_13729_/RESET_B not in any guide. Attempting to patch guides to cover (at least part of) the pin.
[INFO DRT-1000] Pin aes_inst/_1351_/RESET_B not in any guide. Attempting to patch guides to cover (at least part of) the pin.
[INFO DRT-1000] Pin aes_inst/core/keymem/_14078_/RESET_B not in any guide. Attempting to patch guides to cover (at least part of) the pin.
[INFO DRT-1000] Pin aes_inst/_1375_/RESET_B not in any guide. Attempting to patch guides to cover (at least part of) the pin.
[INFO DRT-1000] Pin aes_inst/core/keymem/_13585_/RESET_B not in any guide. Attempting to patch guides to cover (at least part of) the pin.
[INFO DRT-1000] Pin aes_inst/core/keymem/_13906_/RESET_B not in any guide. Attempting to patch guides to cover (at least part of) the pin.
[INFO DRT-1000] Pin aes_inst/core/keymem/_15058_/RESET_B not in any guide. Attempting to patch guides to cover (at least part of) the pin.
[INFO DRT-1000] Pin aes_inst/_1234_/RESET_B not in any guide. Attempting to patch guides to cover (at least part of) the pin.
[INFO DRT-1000] Pin aes_inst/core/keymem/_14295_/RESET_B not in any guide. Attempting to patch guides to cover (at least part of) the pin.
[INFO DRT-1000] Pin aes_inst/core/keymem/_15207_/RESET_B not in any guide. Attempting to patch guides to cover (at least part of) the pin.
[INFO DRT-1000] Pin aes_inst/core/keymem/_13530_/RESET_B not in any guide. Attempting to patch guides to cover (at least part of) the pin.
[INFO DRT-1000] Pin aes_inst/core/keymem/_14143_/RESET_B not in any guide. Attempting to patch guides to cover (at least part of) the pin.
[INFO DRT-1000] Pin aes_inst/core/keymem/_14063_/RESET_B not in any guide. Attempting to patch guides to cover (at least part of) the pin.
[INFO DRT-1000] Pin aes_inst/core/keymem/_15587_/RESET_B not in any guide. Attempting to patch guides to cover (at least part of) the pin.
[INFO DRT-1000] Pin aes_inst/core/keymem/_14831_/RESET_B not in any guide. Attempting to patch guides to cover (at least part of) the pin.
[INFO DRT-1000] Pin aes_inst/core/keymem/_15181_/RESET_B not in any guide. Attempting to patch guides to cover (at least part of) the pin.
[INFO DRT-1000] Pin aes_inst/core/keymem/_13563_/RESET_B not in any guide. Attempting to patch guides to cover (at least part of) the pin.
[INFO DRT-1000] Pin aes_inst/core/keymem/_15271_/RESET_B not in any guide. Attempting to patch guides to cover (at least part of) the pin.
[INFO DRT-1000] Pin aes_inst/core/keymem/_14759_/RESET_B not in any guide. Attempting to patch guides to cover (at least part of) the pin.
[INFO DRT-1000] Pin aes_inst/core/keymem/_13890_/RESET_B not in any guide. Attempting to patch guides to cover (at least part of) the pin.
[INFO DRT-1000] Pin aes_inst/core/keymem/_14832_/RESET_B not in any guide. Attempting to patch guides to cover (at least part of) the pin.
[INFO DRT-1000] Pin aes_inst/core/keymem/_14778_/RESET_B not in any guide. Attempting to patch guides to cover (at least part of) the pin.
[INFO DRT-1000] Pin aes_inst/core/keymem/_15439_/RESET_B not in any guide. Attempting to patch guides to cover (at least part of) the pin.
[INFO DRT-1000] Pin aes_inst/core/keymem/_15055_/RESET_B not in any guide. Attempting to patch guides to cover (at least part of) the pin.
[INFO DRT-1000] Pin aes_inst/core/keymem/_14646_/RESET_B not in any guide. Attempting to patch guides to cover (at least part of) the pin.
[INFO DRT-1000] Pin aes_inst/core/keymem/_14774_/RESET_B not in any guide. Attempting to patch guides to cover (at least part of) the pin.
[INFO DRT-1000] Pin aes_inst/core/keymem/_14678_/RESET_B not in any guide. Attempting to patch guides to cover (at least part of) the pin.
[INFO DRT-1000] Pin aes_inst/core/keymem/_15600_/RESET_B not in any guide. Attempting to patch guides to cover (at least part of) the pin.
[INFO DRT-1000] Pin aes_inst/core/keymem/_14791_/RESET_B not in any guide. Attempting to patch guides to cover (at least part of) the pin.
[INFO DRT-1000] Pin aes_inst/core/keymem/_13852_/RESET_B not in any guide. Attempting to patch guides to cover (at least part of) the pin.
[INFO DRT-1000] Pin aes_inst/core/keymem/_15452_/RESET_B not in any guide. Attempting to patch guides to cover (at least part of) the pin.
[INFO DRT-1000] Pin aes_inst/core/keymem/_13992_/RESET_B not in any guide. Attempting to patch guides to cover (at least part of) the pin.
[INFO DRT-1000] Pin aes_inst/core/keymem/_13531_/RESET_B not in any guide. Attempting to patch guides to cover (at least part of) the pin.
[INFO DRT-1000] Pin aes_inst/core/keymem/_15279_/RESET_B not in any guide. Attempting to patch guides to cover (at least part of) the pin.
[INFO DRT-1000] Pin aes_inst/core/keymem/_14305_/RESET_B not in any guide. Attempting to patch guides to cover (at least part of) the pin.
[INFO DRT-1000] Pin aes_inst/core/keymem/_14312_/RESET_B not in any guide. Attempting to patch guides to cover (at least part of) the pin.
[INFO DRT-1000] Pin aes_inst/core/keymem/_14504_/RESET_B not in any guide. Attempting to patch guides to cover (at least part of) the pin.
[INFO DRT-1000] Pin aes_inst/core/keymem/_15589_/RESET_B not in any guide. Attempting to patch guides to cover (at least part of) the pin.
[INFO DRT-1000] Pin aes_inst/core/enc_block/_2597_/RESET_B not in any guide. Attempting to patch guides to cover (at least part of) the pin.
[INFO DRT-1000] Pin aes_inst/core/enc_block/_2642_/RESET_B not in any guide. Attempting to patch guides to cover (at least part of) the pin.
[INFO DRT-1000] Pin aes_inst/_1303_/RESET_B not in any guide. Attempting to patch guides to cover (at least part of) the pin.
[INFO DRT-1000] Pin aes_inst/core/keymem/_15156_/RESET_B not in any guide. Attempting to patch guides to cover (at least part of) the pin.
[INFO DRT-1000] Pin aes_inst/core/keymem/_14180_/RESET_B not in any guide. Attempting to patch guides to cover (at least part of) the pin.
[INFO DRT-1000] Pin aes_inst/core/keymem/_14820_/RESET_B not in any guide. Attempting to patch guides to cover (at least part of) the pin.
[INFO DRT-1000] Pin aes_inst/core/enc_block/_2603_/RESET_B not in any guide. Attempting to patch guides to cover (at least part of) the pin.
[INFO DRT-1000] Pin aes_inst/core/enc_block/_2611_/RESET_B not in any guide. Attempting to patch guides to cover (at least part of) the pin.
[INFO DRT-1000] Pin aes_inst/_1311_/RESET_B not in any guide. Attempting to patch guides to cover (at least part of) the pin.
[INFO DRT-1000] Pin aes_inst/core/enc_block/_2652_/RESET_B not in any guide. Attempting to patch guides to cover (at least part of) the pin.
[INFO DRT-1000] Pin aes_inst/core/enc_block/_2673_/RESET_B not in any guide. Attempting to patch guides to cover (at least part of) the pin.
[INFO DRT-1000] Pin aes_inst/_1246_/RESET_B not in any guide. Attempting to patch guides to cover (at least part of) the pin.
[INFO DRT-1000] Pin aes_inst/core/enc_block/_2640_/RESET_B not in any guide. Attempting to patch guides to cover (at least part of) the pin.
[INFO DRT-1000] Pin aes_inst/_1255_/RESET_B not in any guide. Attempting to patch guides to cover (at least part of) the pin.
[INFO DRT-1000] Pin aes_inst/_1297_/RESET_B not in any guide. Attempting to patch guides to cover (at least part of) the pin.
[INFO DRT-1000] Pin aes_inst/core/enc_block/_2666_/RESET_B not in any guide. Attempting to patch guides to cover (at least part of) the pin.
[INFO DRT-1000] Pin aes_inst/core/enc_block/_2689_/RESET_B not in any guide. Attempting to patch guides to cover (at least part of) the pin.
[INFO DRT-1000] Pin aes_inst/core/enc_block/_2602_/RESET_B not in any guide. Attempting to patch guides to cover (at least part of) the pin.
[INFO DRT-1000] Pin aes_inst/_1181_/RESET_B not in any guide. Attempting to patch guides to cover (at least part of) the pin.
[INFO DRT-1000] Pin aes_inst/core/enc_block/_2641_/RESET_B not in any guide. Attempting to patch guides to cover (at least part of) the pin.
[INFO DRT-1000] Pin aes_inst/_1136_/RESET_B not in any guide. Attempting to patch guides to cover (at least part of) the pin.
[INFO DRT-1000] Pin aes_inst/core/dec_block/_4134_/RESET_B not in any guide. Attempting to patch guides to cover (at least part of) the pin.
[INFO DRT-1000] Pin aes_inst/_1221_/RESET_B not in any guide. Attempting to patch guides to cover (at least part of) the pin.
[INFO DRT-1000] Pin aes_inst/core/keymem/_15291_/RESET_B not in any guide. Attempting to patch guides to cover (at least part of) the pin.
[INFO DRT-1000] Pin aes_inst/core/keymem/_14074_/RESET_B not in any guide. Attempting to patch guides to cover (at least part of) the pin.
[INFO DRT-1000] Pin aes_inst/core/keymem/_13851_/RESET_B not in any guide. Attempting to patch guides to cover (at least part of) the pin.
[INFO DRT-1000] Pin aes_inst/_1404_/RESET_B not in any guide. Attempting to patch guides to cover (at least part of) the pin.
[INFO DRT-1000] Pin aes_inst/_1366_/RESET_B not in any guide. Attempting to patch guides to cover (at least part of) the pin.
[INFO DRT-1000] Pin aes_inst/_1494_/RESET_B not in any guide. Attempting to patch guides to cover (at least part of) the pin.
[INFO DRT-1000] Pin aes_inst/core/keymem/_15259_/RESET_B not in any guide. Attempting to patch guides to cover (at least part of) the pin.
[INFO DRT-1000] Pin aes_inst/core/keymem/_15387_/RESET_B not in any guide. Attempting to patch guides to cover (at least part of) the pin.
[INFO DRT-1000] Pin aes_inst/core/keymem/_14637_/RESET_B not in any guide. Attempting to patch guides to cover (at least part of) the pin.
[INFO DRT-1000] Pin aes_inst/core/keymem/_14987_/RESET_B not in any guide. Attempting to patch guides to cover (at least part of) the pin.
[INFO DRT-1000] Pin aes_inst/core/keymem/_14765_/RESET_B not in any guide. Attempting to patch guides to cover (at least part of) the pin.
[INFO DRT-1000] Pin aes_inst/core/keymem/_13558_/RESET_B not in any guide. Attempting to patch guides to cover (at least part of) the pin.
[INFO DRT-1000] Pin aes_inst/_1445_/RESET_B not in any guide. Attempting to patch guides to cover (at least part of) the pin.
[INFO DRT-1000] Pin aes_inst/core/keymem/_13806_/RESET_B not in any guide. Attempting to patch guides to cover (at least part of) the pin.
[INFO DRT-1000] Pin aes_inst/core/keymem/_15468_/RESET_B not in any guide. Attempting to patch guides to cover (at least part of) the pin.
[INFO DRT-1000] Pin aes_inst/core/keymem/_15107_/RESET_B not in any guide. Attempting to patch guides to cover (at least part of) the pin.
[INFO DRT-1000] Pin aes_inst/core/keymem/_14956_/RESET_B not in any guide. Attempting to patch guides to cover (at least part of) the pin.
[INFO DRT-1000] Pin aes_inst/_1476_/RESET_B not in any guide. Attempting to patch guides to cover (at least part of) the pin.
[INFO DRT-1000] Pin aes_inst/_1509_/RESET_B not in any guide. Attempting to patch guides to cover (at least part of) the pin.
[INFO DRT-1000] Pin aes_inst/core/keymem/_14700_/RESET_B not in any guide. Attempting to patch guides to cover (at least part of) the pin.
[INFO DRT-1000] Pin aes_inst/_1541_/RESET_B not in any guide. Attempting to patch guides to cover (at least part of) the pin.
[INFO DRT-1000] Pin aes_inst/_1444_/RESET_B not in any guide. Attempting to patch guides to cover (at least part of) the pin.
[INFO DRT-1000] Pin aes_inst/_1347_/RESET_B not in any guide. Attempting to patch guides to cover (at least part of) the pin.
[INFO DRT-1000] Pin aes_inst/_1443_/RESET_B not in any guide. Attempting to patch guides to cover (at least part of) the pin.
[INFO DRT-1000] Pin aes_inst/core/keymem/_13792_/RESET_B not in any guide. Attempting to patch guides to cover (at least part of) the pin.
[INFO DRT-1000] Pin aes_inst/core/keymem/_13933_/RESET_B not in any guide. Attempting to patch guides to cover (at least part of) the pin.
[INFO DRT-1000] Pin aes_inst/core/keymem/_13735_/RESET_B not in any guide. Attempting to patch guides to cover (at least part of) the pin.
[INFO DRT-1000] Pin aes_inst/_1485_/RESET_B not in any guide. Attempting to patch guides to cover (at least part of) the pin.
[INFO DRT-1000] Pin aes_inst/core/keymem/_14713_/RESET_B not in any guide. Attempting to patch guides to cover (at least part of) the pin.
[INFO DRT-1000] Pin aes_inst/core/keymem/_13804_/RESET_B not in any guide. Attempting to patch guides to cover (at least part of) the pin.
[INFO DRT-1000] Pin aes_inst/_1391_/RESET_B not in any guide. Attempting to patch guides to cover (at least part of) the pin.
[INFO DRT-1000] Pin aes_inst/core/keymem/_14841_/RESET_B not in any guide. Attempting to patch guides to cover (at least part of) the pin.
[INFO DRT-1000] Pin aes_inst/core/keymem/_14457_/RESET_B not in any guide. Attempting to patch guides to cover (at least part of) the pin.
[INFO DRT-1000] Pin aes_inst/core/keymem/_14329_/RESET_B not in any guide. Attempting to patch guides to cover (at least part of) the pin.
[INFO DRT-1000] Pin aes_inst/core/keymem/_13603_/RESET_B not in any guide. Attempting to patch guides to cover (at least part of) the pin.
[INFO DRT-1000] Pin aes_inst/core/keymem/_14922_/RESET_B not in any guide. Attempting to patch guides to cover (at least part of) the pin.
[INFO DRT-1000] Pin aes_inst/core/keymem/_15020_/RESET_B not in any guide. Attempting to patch guides to cover (at least part of) the pin.
[INFO DRT-1000] Pin aes_inst/core/keymem/_15258_/RESET_B not in any guide. Attempting to patch guides to cover (at least part of) the pin.
[INFO DRT-1000] Pin aes_inst/core/keymem/_14079_/RESET_B not in any guide. Attempting to patch guides to cover (at least part of) the pin.
[INFO DRT-1000] Pin aes_inst/core/keymem/_14685_/RESET_B not in any guide. Attempting to patch guides to cover (at least part of) the pin.
[INFO DRT-1000] Pin aes_inst/core/keymem/_13453_/RESET_B not in any guide. Attempting to patch guides to cover (at least part of) the pin.
[INFO DRT-1000] Pin aes_inst/core/keymem/_15306_/RESET_B not in any guide. Attempting to patch guides to cover (at least part of) the pin.
[INFO DRT-1000] Pin aes_inst/core/keymem/_14026_/RESET_B not in any guide. Attempting to patch guides to cover (at least part of) the pin.
[INFO DRT-1000] Pin aes_inst/core/keymem/_13952_/RESET_B not in any guide. Attempting to patch guides to cover (at least part of) the pin.
[INFO DRT-1000] Pin aes_inst/core/keymem/_13618_/RESET_B not in any guide. Attempting to patch guides to cover (at least part of) the pin.
[INFO DRT-1000] Pin aes_inst/core/keymem/_13827_/RESET_B not in any guide. Attempting to patch guides to cover (at least part of) the pin.
[INFO DRT-1000] Pin aes_inst/core/keymem/_13583_/RESET_B not in any guide. Attempting to patch guides to cover (at least part of) the pin.
[INFO DRT-1000] Pin aes_inst/_1385_/RESET_B not in any guide. Attempting to patch guides to cover (at least part of) the pin.
[INFO DRT-1000] Pin aes_inst/_1353_/RESET_B not in any guide. Attempting to patch guides to cover (at least part of) the pin.
[INFO DRT-1000] Pin aes_inst/core/keymem/_13699_/RESET_B not in any guide. Attempting to patch guides to cover (at least part of) the pin.
[INFO DRT-1000] Pin aes_inst/core/keymem/_13781_/RESET_B not in any guide. Attempting to patch guides to cover (at least part of) the pin.
[INFO DRT-1000] Pin aes_inst/core/keymem/_13773_/RESET_B not in any guide. Attempting to patch guides to cover (at least part of) the pin.
[INFO DRT-1000] Pin aes_inst/_1430_/RESET_B not in any guide. Attempting to patch guides to cover (at least part of) the pin.
[INFO DRT-1000] Pin aes_inst/_1499_/RESET_B not in any guide. Attempting to patch guides to cover (at least part of) the pin.
[INFO DRT-1000] Pin aes_inst/core/keymem/_13835_/RESET_B not in any guide. Attempting to patch guides to cover (at least part of) the pin.
[INFO DRT-1000] Pin aes_inst/core/keymem/_14466_/RESET_B not in any guide. Attempting to patch guides to cover (at least part of) the pin.
[INFO DRT-1000] Pin aes_inst/core/keymem/_13986_/RESET_B not in any guide. Attempting to patch guides to cover (at least part of) the pin.
[INFO DRT-1000] Pin aes_inst/core/keymem/_13776_/RESET_B not in any guide. Attempting to patch guides to cover (at least part of) the pin.
[INFO DRT-1000] Pin aes_inst/core/keymem/_13837_/RESET_B not in any guide. Attempting to patch guides to cover (at least part of) the pin.
[INFO DRT-1000] Pin aes_inst/core/keymem/_14313_/RESET_B not in any guide. Attempting to patch guides to cover (at least part of) the pin.
[INFO DRT-1000] Pin aes_inst/core/keymem/_13784_/RESET_B not in any guide. Attempting to patch guides to cover (at least part of) the pin.
[INFO DRT-1000] Pin aes_inst/core/keymem/_14245_/RESET_B not in any guide. Attempting to patch guides to cover (at least part of) the pin.
[INFO DRT-1000] Pin aes_inst/core/keymem/_15385_/RESET_B not in any guide. Attempting to patch guides to cover (at least part of) the pin.
[INFO DRT-1000] Pin aes_inst/core/keymem/_13698_/RESET_B not in any guide. Attempting to patch guides to cover (at least part of) the pin.
[INFO DRT-1000] Pin aes_inst/core/keymem/_13826_/RESET_B not in any guide. Attempting to patch guides to cover (at least part of) the pin.
[INFO DRT-1000] Pin aes_inst/core/keymem/_13743_/RESET_B not in any guide. Attempting to patch guides to cover (at least part of) the pin.
[INFO DRT-1000] Pin aes_inst/_1365_/RESET_B not in any guide. Attempting to patch guides to cover (at least part of) the pin.
[INFO DRT-1000] Pin aes_inst/core/keymem/_15617_/RESET_B not in any guide. Attempting to patch guides to cover (at least part of) the pin.
[INFO DRT-1000] Pin aes_inst/core/keymem/_13948_/RESET_B not in any guide. Attempting to patch guides to cover (at least part of) the pin.
[INFO DRT-1000] Pin aes_inst/core/keymem/_14716_/RESET_B not in any guide. Attempting to patch guides to cover (at least part of) the pin.
[INFO DRT-1000] Pin aes_inst/_1417_/RESET_B not in any guide. Attempting to patch guides to cover (at least part of) the pin.
[INFO DRT-1000] Pin aes_inst/core/keymem/_14460_/RESET_B not in any guide. Attempting to patch guides to cover (at least part of) the pin.
[INFO DRT-1000] Pin aes_inst/core/keymem/_14345_/RESET_B not in any guide. Attempting to patch guides to cover (at least part of) the pin.
[INFO DRT-1000] Pin aes_inst/core/keymem/_15361_/RESET_B not in any guide. Attempting to patch guides to cover (at least part of) the pin.
[INFO DRT-1000] Pin aes_inst/core/keymem/_13692_/RESET_B not in any guide. Attempting to patch guides to cover (at least part of) the pin.
[INFO DRT-1000] Pin aes_inst/core/keymem/_15013_/RESET_B not in any guide. Attempting to patch guides to cover (at least part of) the pin.
[INFO DRT-1000] Pin aes_inst/_1498_/RESET_B not in any guide. Attempting to patch guides to cover (at least part of) the pin.
[INFO DRT-1000] Pin aes_inst/core/keymem/_15269_/RESET_B not in any guide. Attempting to patch guides to cover (at least part of) the pin.
[INFO DRT-1000] Pin aes_inst/core/keymem/_14846_/RESET_B not in any guide. Attempting to patch guides to cover (at least part of) the pin.
[INFO DRT-1000] Pin aes_inst/core/keymem/_15358_/RESET_B not in any guide. Attempting to patch guides to cover (at least part of) the pin.
[INFO DRT-1000] Pin aes_inst/_1343_/RESET_B not in any guide. Attempting to patch guides to cover (at least part of) the pin.
[INFO DRT-1000] Pin aes_inst/core/keymem/_13780_/RESET_B not in any guide. Attempting to patch guides to cover (at least part of) the pin.
[INFO DRT-1000] Pin aes_inst/core/keymem/_13652_/RESET_B not in any guide. Attempting to patch guides to cover (at least part of) the pin.
[INFO DRT-1000] Pin aes_inst/core/keymem/_13689_/RESET_B not in any guide. Attempting to patch guides to cover (at least part of) the pin.
[INFO DRT-1000] Pin aes_inst/_1211_/RESET_B not in any guide. Attempting to patch guides to cover (at least part of) the pin.
[INFO DRT-1000] Pin aes_inst/core/keymem/_14744_/RESET_B not in any guide. Attempting to patch guides to cover (at least part of) the pin.
[INFO DRT-1000] Pin aes_inst/_1252_/RESET_B not in any guide. Attempting to patch guides to cover (at least part of) the pin.
[INFO DRT-1000] Pin aes_inst/core/enc_block/_2608_/RESET_B not in any guide. Attempting to patch guides to cover (at least part of) the pin.
[INFO DRT-1000] Pin aes_inst/core/keymem/_14836_/RESET_B not in any guide. Attempting to patch guides to cover (at least part of) the pin.
[INFO DRT-1000] Pin aes_inst/core/keymem/_13606_/RESET_B not in any guide. Attempting to patch guides to cover (at least part of) the pin.
[INFO DRT-1000] Pin aes_inst/core/keymem/_13907_/RESET_B not in any guide. Attempting to patch guides to cover (at least part of) the pin.
[INFO DRT-1000] Pin aes_inst/_1392_/RESET_B not in any guide. Attempting to patch guides to cover (at least part of) the pin.
[INFO DRT-1000] Pin aes_inst/core/keymem/_15059_/RESET_B not in any guide. Attempting to patch guides to cover (at least part of) the pin.
[INFO DRT-1000] Pin aes_inst/core/keymem/_15443_/RESET_B not in any guide. Attempting to patch guides to cover (at least part of) the pin.
[INFO DRT-1000] Pin aes_inst/_1489_/RESET_B not in any guide. Attempting to patch guides to cover (at least part of) the pin.
[INFO DRT-1000] Pin aes_inst/core/keymem/_13642_/RESET_B not in any guide. Attempting to patch guides to cover (at least part of) the pin.
[INFO DRT-1000] Pin aes_inst/core/keymem/_13830_/RESET_B not in any guide. Attempting to patch guides to cover (at least part of) the pin.
[INFO DRT-1000] Pin aes_inst/_1482_/RESET_B not in any guide. Attempting to patch guides to cover (at least part of) the pin.
[INFO DRT-1000] Pin aes_inst/core/keymem/_14549_/RESET_B not in any guide. Attempting to patch guides to cover (at least part of) the pin.
[INFO DRT-1000] Pin aes_inst/core/keymem/_13674_/RESET_B not in any guide. Attempting to patch guides to cover (at least part of) the pin.
[INFO DRT-1000] Pin aes_inst/_1470_/RESET_B not in any guide. Attempting to patch guides to cover (at least part of) the pin.
[INFO DRT-1000] Pin aes_inst/core/keymem/_13508_/RESET_B not in any guide. Attempting to patch guides to cover (at least part of) the pin.
[INFO DRT-1000] Pin aes_inst/core/enc_block/_2593_/RESET_B not in any guide. Attempting to patch guides to cover (at least part of) the pin.
[INFO DRT-1000] Pin aes_inst/core/enc_block/_2615_/RESET_B not in any guide. Attempting to patch guides to cover (at least part of) the pin.
[INFO DRT-1000] Pin aes_inst/_1284_/RESET_B not in any guide. Attempting to patch guides to cover (at least part of) the pin.
[INFO DRT-1000] Pin aes_inst/core/enc_block/_2664_/RESET_B not in any guide. Attempting to patch guides to cover (at least part of) the pin.
[INFO DRT-1000] Pin aes_inst/core/keymem/_14452_/RESET_B not in any guide. Attempting to patch guides to cover (at least part of) the pin.
[INFO DRT-1000] Pin aes_inst/core/keymem/_14317_/RESET_B not in any guide. Attempting to patch guides to cover (at least part of) the pin.
[INFO DRT-1000] Pin aes_inst/core/keymem/_14964_/RESET_B not in any guide. Attempting to patch guides to cover (at least part of) the pin.
[INFO DRT-1000] Pin aes_inst/core/keymem/_14580_/RESET_B not in any guide. Attempting to patch guides to cover (at least part of) the pin.
[INFO DRT-1000] Pin aes_inst/core/keymem/_14187_/RESET_B not in any guide. Attempting to patch guides to cover (at least part of) the pin.
[INFO DRT-1000] Pin aes_inst/core/keymem/_14954_/RESET_B not in any guide. Attempting to patch guides to cover (at least part of) the pin.
[INFO DRT-1000] Pin aes_inst/core/keymem/_14314_/RESET_B not in any guide. Attempting to patch guides to cover (at least part of) the pin.
[INFO DRT-1000] Pin aes_inst/core/keymem/_14058_/RESET_B not in any guide. Attempting to patch guides to cover (at least part of) the pin.
[INFO DRT-1000] Pin aes_inst/core/keymem/_13447_/RESET_B not in any guide. Attempting to patch guides to cover (at least part of) the pin.
[INFO DRT-1000] Pin aes_inst/core/keymem/_14326_/RESET_B not in any guide. Attempting to patch guides to cover (at least part of) the pin.
[INFO DRT-1000] Pin aes_inst/core/keymem/_15252_/RESET_B not in any guide. Attempting to patch guides to cover (at least part of) the pin.
[INFO DRT-1000] Pin aes_inst/_1355_/RESET_B not in any guide. Attempting to patch guides to cover (at least part of) the pin.
[INFO DRT-1000] Pin aes_inst/core/keymem/_13800_/RESET_B not in any guide. Attempting to patch guides to cover (at least part of) the pin.
[INFO DRT-1000] Pin aes_inst/core/keymem/_13765_/RESET_B not in any guide. Attempting to patch guides to cover (at least part of) the pin.
[INFO DRT-1000] Pin aes_inst/_1450_/RESET_B not in any guide. Attempting to patch guides to cover (at least part of) the pin.
[INFO DRT-1000] Pin aes_inst/core/keymem/_15317_/RESET_B not in any guide. Attempting to patch guides to cover (at least part of) the pin.
[INFO DRT-1000] Pin aes_inst/core/enc_block/_2587_/RESET_B not in any guide. Attempting to patch guides to cover (at least part of) the pin.
[INFO DRT-1000] Pin aes_inst/core/keymem/_14963_/RESET_B not in any guide. Attempting to patch guides to cover (at least part of) the pin.
[INFO DRT-1000] Pin aes_inst/core/keymem/_14579_/RESET_B not in any guide. Attempting to patch guides to cover (at least part of) the pin.
[INFO DRT-1000] Pin aes_inst/_1326_/RESET_B not in any guide. Attempting to patch guides to cover (at least part of) the pin.
[INFO DRT-1000] Pin aes_inst/core/keymem/_14193_/RESET_B not in any guide. Attempting to patch guides to cover (at least part of) the pin.
[INFO DRT-1000] Pin aes_inst/core/keymem/_14072_/RESET_B not in any guide. Attempting to patch guides to cover (at least part of) the pin.
[INFO DRT-1000] Pin aes_inst/core/keymem/_14837_/RESET_B not in any guide. Attempting to patch guides to cover (at least part of) the pin.
[INFO DRT-1000] Pin aes_inst/_1322_/RESET_B not in any guide. Attempting to patch guides to cover (at least part of) the pin.
[INFO DRT-1000] Pin aes_inst/core/keymem/_13637_/RESET_B not in any guide. Attempting to patch guides to cover (at least part of) the pin.
[INFO DRT-1000] Pin aes_inst/core/keymem/_15608_/RESET_B not in any guide. Attempting to patch guides to cover (at least part of) the pin.
[INFO DRT-1000] Pin aes_inst/core/keymem/_14705_/RESET_B not in any guide. Attempting to patch guides to cover (at least part of) the pin.
[INFO DRT-1000] Pin aes_inst/core/keymem/_14711_/RESET_B not in any guide. Attempting to patch guides to cover (at least part of) the pin.
[INFO DRT-1000] Pin aes_inst/core/keymem/_13943_/RESET_B not in any guide. Attempting to patch guides to cover (at least part of) the pin.
[INFO DRT-1000] Pin aes_inst/core/keymem/_15224_/RESET_B not in any guide. Attempting to patch guides to cover (at least part of) the pin.
[INFO DRT-1000] Pin aes_inst/core/_196_/RESET_B not in any guide. Attempting to patch guides to cover (at least part of) the pin.
[INFO DRT-1000] Pin aes_inst/_1318_/RESET_B not in any guide. Attempting to patch guides to cover (at least part of) the pin.
[INFO DRT-1000] Pin aes_inst/_1259_/RESET_B not in any guide. Attempting to patch guides to cover (at least part of) the pin.
[INFO DRT-1000] Pin aes_inst/core/enc_block/_2722_/RESET_B not in any guide. Attempting to patch guides to cover (at least part of) the pin.
[INFO DRT-1000] Pin aes_inst/core/enc_block/_2698_/RESET_B not in any guide. Attempting to patch guides to cover (at least part of) the pin.
[INFO DRT-1000] Pin aes_inst/core/dec_block/_4105_/RESET_B not in any guide. Attempting to patch guides to cover (at least part of) the pin.
[INFO DRT-1000] Pin aes_inst/core/keymem/_14641_/RESET_B not in any guide. Attempting to patch guides to cover (at least part of) the pin.
[INFO DRT-1000] Pin aes_inst/core/keymem/_15409_/RESET_B not in any guide. Attempting to patch guides to cover (at least part of) the pin.
[INFO DRT-1000] Pin aes_inst/core/keymem/_14406_/RESET_B not in any guide. Attempting to patch guides to cover (at least part of) the pin.
[INFO DRT-1000] Pin aes_inst/core/keymem/_13969_/RESET_B not in any guide. Attempting to patch guides to cover (at least part of) the pin.
[INFO DRT-1000] Pin aes_inst/core/keymem/_15166_/RESET_B not in any guide. Attempting to patch guides to cover (at least part of) the pin.
[INFO DRT-1000] Pin aes_inst/core/keymem/_14014_/RESET_B not in any guide. Attempting to patch guides to cover (at least part of) the pin.
[INFO DRT-1000] Pin aes_inst/core/keymem/_14133_/RESET_B not in any guide. Attempting to patch guides to cover (at least part of) the pin.
[INFO DRT-1000] Pin aes_inst/core/keymem/_14737_/RESET_B not in any guide. Attempting to patch guides to cover (at least part of) the pin.
[INFO DRT-1000] Pin aes_inst/core/keymem/_14886_/RESET_B not in any guide. Attempting to patch guides to cover (at least part of) the pin.
[INFO DRT-1000] Pin aes_inst/core/keymem/_14917_/RESET_B not in any guide. Attempting to patch guides to cover (at least part of) the pin.
[INFO DRT-1000] Pin aes_inst/core/keymem/_14789_/RESET_B not in any guide. Attempting to patch guides to cover (at least part of) the pin.
[INFO DRT-1000] Pin aes_inst/core/keymem/_13970_/RESET_B not in any guide. Attempting to patch guides to cover (at least part of) the pin.
[INFO DRT-1000] Pin aes_inst/core/keymem/_14354_/RESET_B not in any guide. Attempting to patch guides to cover (at least part of) the pin.
[INFO DRT-1000] Pin aes_inst/core/keymem/_14148_/RESET_B not in any guide. Attempting to patch guides to cover (at least part of) the pin.
[INFO DRT-1000] Pin aes_inst/core/keymem/_14320_/RESET_B not in any guide. Attempting to patch guides to cover (at least part of) the pin.
[INFO DRT-1000] Pin aes_inst/core/keymem/_14879_/RESET_B not in any guide. Attempting to patch guides to cover (at least part of) the pin.
[INFO DRT-1000] Pin aes_inst/core/keymem/_13855_/RESET_B not in any guide. Attempting to patch guides to cover (at least part of) the pin.
[INFO DRT-1000] Pin aes_inst/core/keymem/_14960_/RESET_B not in any guide. Attempting to patch guides to cover (at least part of) the pin.
[INFO DRT-1000] Pin aes_inst/core/keymem/_13859_/RESET_B not in any guide. Attempting to patch guides to cover (at least part of) the pin.
[INFO DRT-1000] Pin aes_inst/core/keymem/_15048_/RESET_B not in any guide. Attempting to patch guides to cover (at least part of) the pin.
[INFO DRT-1000] Pin aes_inst/core/keymem/_15304_/RESET_B not in any guide. Attempting to patch guides to cover (at least part of) the pin.
[INFO DRT-1000] Pin aes_inst/core/keymem/_14928_/RESET_B not in any guide. Attempting to patch guides to cover (at least part of) the pin.
[INFO DRT-1000] Pin aes_inst/core/keymem/_14433_/RESET_B not in any guide. Attempting to patch guides to cover (at least part of) the pin.
[INFO DRT-1000] Pin aes_inst/core/keymem/_14177_/RESET_B not in any guide. Attempting to patch guides to cover (at least part of) the pin.
[INFO DRT-1000] Pin aes_inst/core/keymem/_15161_/RESET_B not in any guide. Attempting to patch guides to cover (at least part of) the pin.
[INFO DRT-1000] Pin aes_inst/core/keymem/_14152_/RESET_B not in any guide. Attempting to patch guides to cover (at least part of) the pin.
[INFO DRT-1000] Pin aes_inst/core/keymem/_14755_/RESET_B not in any guide. Attempting to patch guides to cover (at least part of) the pin.
[INFO DRT-1000] Pin aes_inst/core/keymem/_15523_/RESET_B not in any guide. Attempting to patch guides to cover (at least part of) the pin.
[INFO DRT-1000] Pin aes_inst/core/keymem/_14777_/RESET_B not in any guide. Attempting to patch guides to cover (at least part of) the pin.
[INFO DRT-1000] Pin aes_inst/core/keymem/_15545_/RESET_B not in any guide. Attempting to patch guides to cover (at least part of) the pin.
[INFO DRT-1000] Pin aes_inst/core/keymem/_15289_/RESET_B not in any guide. Attempting to patch guides to cover (at least part of) the pin.
[INFO DRT-1000] Pin aes_inst/core/keymem/_14153_/RESET_B not in any guide. Attempting to patch guides to cover (at least part of) the pin.
[INFO DRT-1000] Pin aes_inst/core/keymem/_14903_/RESET_B not in any guide. Attempting to patch guides to cover (at least part of) the pin.
[INFO DRT-1000] Pin aes_inst/core/keymem/_13993_/RESET_B not in any guide. Attempting to patch guides to cover (at least part of) the pin.
[INFO DRT-1000] Pin aes_inst/core/keymem/_13865_/RESET_B not in any guide. Attempting to patch guides to cover (at least part of) the pin.
[INFO DRT-1000] Pin aes_inst/core/keymem/_15526_/RESET_B not in any guide. Attempting to patch guides to cover (at least part of) the pin.
[INFO DRT-1000] Pin aes_inst/core/dec_block/_4066_/RESET_B not in any guide. Attempting to patch guides to cover (at least part of) the pin.
[INFO DRT-1000] Pin aes_inst/_1095_/RESET_B not in any guide. Attempting to patch guides to cover (at least part of) the pin.
[INFO DRT-1000] Pin aes_inst/core/dec_block/_4067_/RESET_B not in any guide. Attempting to patch guides to cover (at least part of) the pin.
[INFO DRT-1000] Pin aes_inst/_1151_/RESET_B not in any guide. Attempting to patch guides to cover (at least part of) the pin.
[INFO DRT-1000] Pin aes_inst/_1077_/RESET_B not in any guide. Attempting to patch guides to cover (at least part of) the pin.
[INFO DRT-1000] Pin aes_inst/core/dec_block/_4122_/RESET_B not in any guide. Attempting to patch guides to cover (at least part of) the pin.
[INFO DRT-1000] Pin aes_inst/core/dec_block/_4090_/RESET_B not in any guide. Attempting to patch guides to cover (at least part of) the pin.
[INFO DRT-1000] Pin aes_inst/_1093_/RESET_B not in any guide. Attempting to patch guides to cover (at least part of) the pin.
[INFO DRT-1000] Pin aes_inst/_1125_/RESET_B not in any guide. Attempting to patch guides to cover (at least part of) the pin.
[INFO DRT-1000] Pin aes_inst/_1109_/RESET_B not in any guide. Attempting to patch guides to cover (at least part of) the pin.
[INFO DRT-1000] Pin aes_inst/_1124_/RESET_B not in any guide. Attempting to patch guides to cover (at least part of) the pin.
[INFO DRT-1000] Pin aes_inst/_1302_/RESET_B not in any guide. Attempting to patch guides to cover (at least part of) the pin.
[INFO DRT-1000] Pin aes_inst/_1092_/RESET_B not in any guide. Attempting to patch guides to cover (at least part of) the pin.
[INFO DRT-1000] Pin aes_inst/_1076_/RESET_B not in any guide. Attempting to patch guides to cover (at least part of) the pin.
[INFO DRT-1000] Pin aes_inst/core/dec_block/_4085_/RESET_B not in any guide. Attempting to patch guides to cover (at least part of) the pin.
[INFO DRT-1000] Pin aes_inst/core/dec_block/_4149_/RESET_B not in any guide. Attempting to patch guides to cover (at least part of) the pin.
[INFO DRT-1000] Pin aes_inst/core/dec_block/_4124_/RESET_B not in any guide. Attempting to patch guides to cover (at least part of) the pin.
[INFO DRT-1000] Pin aes_inst/_1114_/RESET_B not in any guide. Attempting to patch guides to cover (at least part of) the pin.
[INFO DRT-1000] Pin aes_inst/_1061_/RESET_B not in any guide. Attempting to patch guides to cover (at least part of) the pin.
[INFO DRT-1000] Pin aes_inst/core/dec_block/_4072_/SET_B not in any guide. Attempting to patch guides to cover (at least part of) the pin.
[INFO DRT-1000] Pin aes_inst/_1074_/RESET_B not in any guide. Attempting to patch guides to cover (at least part of) the pin.
[INFO DRT-1000] Pin aes_inst/core/dec_block/_4108_/RESET_B not in any guide. Attempting to patch guides to cover (at least part of) the pin.
[INFO DRT-1000] Pin aes_inst/core/dec_block/_4054_/RESET_B not in any guide. Attempting to patch guides to cover (at least part of) the pin.
[INFO DRT-1000] Pin aes_inst/_1275_/RESET_B not in any guide. Attempting to patch guides to cover (at least part of) the pin.
[INFO DRT-1000] Pin clkload48/A not in any guide. Attempting to patch guides to cover (at least part of) the pin.
[INFO DRT-1000] Pin clkload201/A not in any guide. Attempting to patch guides to cover (at least part of) the pin.
[INFO DRT-1000] Pin clkload224/A not in any guide. Attempting to patch guides to cover (at least part of) the pin.
[INFO DRT-1000] Pin clkload225/A not in any guide. Attempting to patch guides to cover (at least part of) the pin.
[INFO DRT-1000] Pin clkload226/A not in any guide. Attempting to patch guides to cover (at least part of) the pin.
[INFO DRT-1000] Pin clkload229/A not in any guide. Attempting to patch guides to cover (at least part of) the pin.
[INFO DRT-1000] Pin cpu/_09070_/B not in any guide. Attempting to patch guides to cover (at least part of) the pin.
[INFO DRT-1000] Pin cpu/genblk2.pcpi_div/_1245_/B not in any guide. Attempting to patch guides to cover (at least part of) the pin.
[INFO DRT-1000] Pin cpu/genblk2.pcpi_div/_1253_/B not in any guide. Attempting to patch guides to cover (at least part of) the pin.
[INFO DRT-1000] Pin cpu/genblk2.pcpi_div/_1213_/B not in any guide. Attempting to patch guides to cover (at least part of) the pin.
[INFO DRT-1000] Pin aes_inst/core/dec_block/_3831_/B not in any guide. Attempting to patch guides to cover (at least part of) the pin.
[INFO DRT-0178] Init guide query.
[INFO DRT-0035]   Complete FR_MASTERSLICE (guide).
[INFO DRT-0035]   Complete licon (guide).
[INFO DRT-0035]   Complete li1 (guide).
[INFO DRT-0035]   Complete mcon (guide).
[INFO DRT-0035]   Complete met1 (guide).
[INFO DRT-0035]   Complete via (guide).
[INFO DRT-0035]   Complete met2 (guide).
[INFO DRT-0035]   Complete via2 (guide).
[INFO DRT-0035]   Complete met3 (guide).
[INFO DRT-0035]   Complete via3 (guide).
[INFO DRT-0035]   Complete met4 (guide).
[INFO DRT-0035]   Complete via4 (guide).
[INFO DRT-0035]   Complete met5 (guide).
[INFO DRT-0036] FR_MASTERSLICE guide region query size = 0.
[INFO DRT-0036] licon guide region query size = 0.
[INFO DRT-0036] li1 guide region query size = 194998.
[INFO DRT-0036] mcon guide region query size = 0.
[INFO DRT-0036] met1 guide region query size = 119676.
[INFO DRT-0036] via guide region query size = 0.
[INFO DRT-0036] met2 guide region query size = 29533.
[INFO DRT-0036] via2 guide region query size = 0.
[INFO DRT-0036] met3 guide region query size = 1188.
[INFO DRT-0036] via3 guide region query size = 0.
[INFO DRT-0036] met4 guide region query size = 36.
[INFO DRT-0036] via4 guide region query size = 0.
[INFO DRT-0036] met5 guide region query size = 0.
[INFO DRT-0179] Init gr pin query.
[INFO DRT-0245] skipped writing guide updates to database.
[INFO DRT-0185] Post process initialize RPin region query.
[INFO DRT-0181] Start track assignment.
[INFO DRT-0184] Done with 224567 vertical wires in 5 frboxes and 120864 horizontal wires in 5 frboxes.
[INFO DRT-0186] Done with 76071 vertical wires in 5 frboxes and 62008 horizontal wires in 5 frboxes.
[INFO DRT-0182] Complete track assignment.
[INFO DRT-0267] cpu time = 00:00:46, elapsed time = 00:00:15, memory = 2061.29 (MB), peak = 2061.29 (MB)
[INFO DRT-0187] Start routing data preparation.
[INFO DRT-0267] cpu time = 00:00:00, elapsed time = 00:00:00, memory = 2061.29 (MB), peak = 2061.29 (MB)
[INFO DRT-0194] Start detail routing.
[INFO DRT-0195] Start 0th optimization iteration.
    Completing 10% with 0 violations.
    elapsed time = 00:00:19, memory = 2587.30 (MB).
    Completing 20% with 0 violations.
    elapsed time = 00:02:13, memory = 3539.62 (MB).
    Completing 30% with 45442 violations.
    elapsed time = 00:04:07, memory = 3795.06 (MB).
    Completing 40% with 45442 violations.
    elapsed time = 00:05:34, memory = 4195.12 (MB).
    Completing 50% with 45442 violations.
    elapsed time = 00:07:41, memory = 4519.90 (MB).
    Completing 60% with 93884 violations.
    elapsed time = 00:09:00, memory = 4247.04 (MB).
    Completing 70% with 93884 violations.
    elapsed time = 00:10:43, memory = 4501.96 (MB).
    Completing 80% with 139948 violations.
    elapsed time = 00:13:27, memory = 4396.81 (MB).
    Completing 90% with 139948 violations.
    elapsed time = 00:14:38, memory = 4538.91 (MB).
    Completing 100% with 187136 violations.
    elapsed time = 00:18:44, memory = 4556.92 (MB).
[INFO DRT-0199]   Number of violations = 243643.
Viol/Layer         li1   mcon   met1    via   met2   via2   met3   met4
Cut Spacing          0    436      0    155      0      1      0      0
Metal Spacing    11466      0  25944      0   5497      0    131      0
Min Hole             0      0    203      0      1      0      0      0
NS Metal            40      0      9      0      0      0      0      0
Recheck          43991      0   9080      0   3279      0    153      4
Short            13769  11716 101082    796  15786      1    101      2
[INFO DRT-0267] cpu time = 03:40:34, elapsed time = 00:18:47, memory = 4806.79 (MB), peak = 5159.34 (MB)
Total wire length = 2856410 um.
Total wire length on LAYER li1 = 0 um.
Total wire length on LAYER met1 = 1368542 um.
Total wire length on LAYER met2 = 1285330 um.
Total wire length on LAYER met3 = 169976 um.
Total wire length on LAYER met4 = 32561 um.
Total wire length on LAYER met5 = 0 um.
Total number of vias = 590774.
Up-via summary (total 590774):

-------------------------
 FR_MASTERSLICE         0
            li1    255093
           met1    310559
           met2     21363
           met3      3759
           met4         0
-------------------------
                   590774


[INFO DRT-0195] Start 1st optimization iteration.
    Completing 10% with 243643 violations.
    elapsed time = 00:00:14, memory = 4942.04 (MB).
    Completing 20% with 243643 violations.
    elapsed time = 00:01:36, memory = 4953.39 (MB).
    Completing 30% with 200215 violations.
    elapsed time = 00:02:36, memory = 4835.33 (MB).
    Completing 40% with 200215 violations.
    elapsed time = 00:03:08, memory = 5075.26 (MB).
    Completing 50% with 200215 violations.
    elapsed time = 00:05:19, memory = 4957.24 (MB).
    Completing 60% with 155399 violations.
    elapsed time = 00:05:31, memory = 5088.36 (MB).
    Completing 70% with 155399 violations.
    elapsed time = 00:06:38, memory = 5146.26 (MB).
    Completing 80% with 113719 violations.
    elapsed time = 00:07:36, memory = 5005.00 (MB).
    Completing 90% with 113719 violations.
    elapsed time = 00:08:18, memory = 5188.68 (MB).
    Completing 100% with 67138 violations.
    elapsed time = 00:10:03, memory = 4973.66 (MB).
[INFO DRT-0199]   Number of violations = 67308.
Viol/Layer        mcon   met1    via   met2   via2   met3   met4
Cut Spacing        208      0      2      0      1      0      0
Metal Spacing        0   9065      0   1729      0     78      2
Min Hole             0    120      0      0      0      0      0
Recheck              0    143      0     26      0      1      0
Short                0  49185     23   6599      0    108     18
[INFO DRT-0267] cpu time = 01:52:49, elapsed time = 00:10:05, memory = 4973.66 (MB), peak = 5438.82 (MB)
Total wire length = 2817602 um.
Total wire length on LAYER li1 = 0 um.
Total wire length on LAYER met1 = 1326844 um.
Total wire length on LAYER met2 = 1272190 um.
Total wire length on LAYER met3 = 180029 um.
Total wire length on LAYER met4 = 38538 um.
Total wire length on LAYER met5 = 0 um.
Total number of vias = 578757.
Up-via summary (total 578757):

-------------------------
 FR_MASTERSLICE         0
            li1    254973
           met1    297099
           met2     22275
           met3      4410
           met4         0
-------------------------
                   578757


[INFO DRT-0195] Start 2nd optimization iteration.
    Completing 10% with 67308 violations.
    elapsed time = 00:00:13, memory = 5191.04 (MB).
    Completing 20% with 67308 violations.
    elapsed time = 00:01:10, memory = 5240.41 (MB).
    Completing 30% with 67562 violations.
    elapsed time = 00:02:15, memory = 5038.44 (MB).
    Completing 40% with 67562 violations.
    elapsed time = 00:03:08, memory = 5193.40 (MB).
    Completing 50% with 67562 violations.
    elapsed time = 00:04:41, memory = 5039.82 (MB).
    Completing 60% with 67305 violations.
    elapsed time = 00:04:54, memory = 5186.07 (MB).
    Completing 70% with 67305 violations.
    elapsed time = 00:06:05, memory = 5119.06 (MB).
    Completing 80% with 66044 violations.
    elapsed time = 00:07:02, memory = 5083.07 (MB).
    Completing 90% with 66044 violations.
    elapsed time = 00:07:42, memory = 5274.73 (MB).
    Completing 100% with 64365 violations.
    elapsed time = 00:09:50, memory = 5096.53 (MB).
[INFO DRT-0199]   Number of violations = 64452.
Viol/Layer        mcon   met1    via   met2   met3   met4
Cut Spacing        184      0      1      0      0      0
Metal Spacing        0   8536      0   1823     92      4
Min Hole             0    115      0      0      0      0
NS Metal             0      2      0      0      0      0
Recheck              0     59      0     26      2      0
Short                0  46783     18   6664    132     11
[INFO DRT-0267] cpu time = 01:51:14, elapsed time = 00:09:53, memory = 5038.05 (MB), peak = 5586.06 (MB)
Total wire length = 2811045 um.
Total wire length on LAYER li1 = 0 um.
Total wire length on LAYER met1 = 1323752 um.
Total wire length on LAYER met2 = 1270008 um.
Total wire length on LAYER met3 = 179149 um.
Total wire length on LAYER met4 = 38135 um.
Total wire length on LAYER met5 = 0 um.
Total number of vias = 576542.
Up-via summary (total 576542):

-------------------------
 FR_MASTERSLICE         0
            li1    254971
           met1    295506
           met2     21708
           met3      4357
           met4         0
-------------------------
                   576542


[INFO DRT-0195] Start 3rd optimization iteration.
    Completing 10% with 64452 violations.
    elapsed time = 00:00:02, memory = 5149.80 (MB).
    Completing 20% with 64452 violations.
    elapsed time = 00:00:39, memory = 5345.45 (MB).
    Completing 30% with 52241 violations.
    elapsed time = 00:02:16, memory = 5008.25 (MB).
    Completing 40% with 52241 violations.
    elapsed time = 00:02:35, memory = 5401.65 (MB).
    Completing 50% with 52241 violations.
    elapsed time = 00:03:29, memory = 5608.09 (MB).
    Completing 60% with 40742 violations.
    elapsed time = 00:04:35, memory = 5128.23 (MB).
    Completing 70% with 40742 violations.
    elapsed time = 00:05:00, memory = 5386.00 (MB).
    Completing 80% with 29082 violations.
    elapsed time = 00:06:38, memory = 5180.58 (MB).
    Completing 90% with 29082 violations.
    elapsed time = 00:06:48, memory = 5264.46 (MB).
    Completing 100% with 16982 violations.
    elapsed time = 00:08:42, memory = 5116.79 (MB).
[INFO DRT-0199]   Number of violations = 17056.
Viol/Layer        mcon   met1    via   met2   met3   met4
Cut Spacing         45      0      7      0      0      0
Metal Spacing        0   3672      0    978     45      2
Min Hole             0     40      0      2      0      0
NS Metal             0      3      0      0      0      0
Recheck              0     56      0     17      1      0
Short                0  10056      3   2064     58      7
[INFO DRT-0267] cpu time = 01:24:01, elapsed time = 00:08:44, memory = 5116.79 (MB), peak = 5689.96 (MB)
Total wire length = 2803830 um.
Total wire length on LAYER li1 = 0 um.
Total wire length on LAYER met1 = 1188511 um.
Total wire length on LAYER met2 = 1245324 um.
Total wire length on LAYER met3 = 301179 um.
Total wire length on LAYER met4 = 68704 um.
Total wire length on LAYER met5 = 109 um.
Total number of vias = 596444.
Up-via summary (total 596444):

-------------------------
 FR_MASTERSLICE         0
            li1    254971
           met1    296386
           met2     37737
           met3      7342
           met4         8
-------------------------
                   596444


[INFO DRT-0195] Start 4th optimization iteration.
    Completing 10% with 17056 violations.
    elapsed time = 00:00:00, memory = 5329.91 (MB).
    Completing 20% with 17056 violations.
    elapsed time = 00:00:14, memory = 5412.20 (MB).
    Completing 30% with 14248 violations.
    elapsed time = 00:01:23, memory = 5148.64 (MB).
    Completing 40% with 14248 violations.
    elapsed time = 00:01:26, memory = 5489.89 (MB).
    Completing 50% with 14248 violations.
    elapsed time = 00:01:42, memory = 5595.95 (MB).
    Completing 60% with 11876 violations.
    elapsed time = 00:03:01, memory = 5151.24 (MB).
    Completing 70% with 11876 violations.
    elapsed time = 00:03:08, memory = 5312.18 (MB).
    Completing 80% with 9613 violations.
    elapsed time = 00:04:17, memory = 5090.61 (MB).
    Completing 90% with 9613 violations.
    elapsed time = 00:04:19, memory = 5205.98 (MB).
    Completing 100% with 7322 violations.
    elapsed time = 00:05:46, memory = 5090.83 (MB).
[INFO DRT-0199]   Number of violations = 7353.
Viol/Layer        mcon   met1    via   met2   met3   met4
Cut Spacing         15      0      1      0      0      0
Metal Spacing        0   1472      0    458     26      0
Min Hole             0      8      0      0      0      0
NS Metal             0      1      0      0      0      0
Recheck              0     32      0     13      3      0
Short                0   4311      1    974     30      8
[INFO DRT-0267] cpu time = 00:36:04, elapsed time = 00:05:47, memory = 5090.83 (MB), peak = 5689.96 (MB)
Total wire length = 2803002 um.
Total wire length on LAYER li1 = 0 um.
Total wire length on LAYER met1 = 1179439 um.
Total wire length on LAYER met2 = 1241114 um.
Total wire length on LAYER met3 = 308778 um.
Total wire length on LAYER met4 = 73475 um.
Total wire length on LAYER met5 = 195 um.
Total number of vias = 597449.
Up-via summary (total 597449):

-------------------------
 FR_MASTERSLICE         0
            li1    254971
           met1    296312
           met2     38474
           met3      7680
           met4        12
-------------------------
                   597449


[INFO DRT-0195] Start 5th optimization iteration.
    Completing 10% with 7353 violations.
    elapsed time = 00:00:00, memory = 5090.83 (MB).
    Completing 20% with 7353 violations.
    elapsed time = 00:00:04, memory = 5316.28 (MB).
    Completing 30% with 6612 violations.
    elapsed time = 00:00:51, memory = 5128.19 (MB).
    Completing 40% with 6612 violations.
    elapsed time = 00:00:52, memory = 5392.44 (MB).
    Completing 50% with 6612 violations.
    elapsed time = 00:02:19, memory = 5138.61 (MB).
    Completing 60% with 6258 violations.
    elapsed time = 00:02:19, memory = 5138.61 (MB).
    Completing 70% with 6258 violations.
    elapsed time = 00:02:22, memory = 5464.39 (MB).
    Completing 80% with 5381 violations.
    elapsed time = 00:03:07, memory = 5138.52 (MB).
    Completing 90% with 5381 violations.
    elapsed time = 00:03:08, memory = 5384.14 (MB).
    Completing 100% with 4263 violations.
    elapsed time = 00:04:06, memory = 5138.52 (MB).
[INFO DRT-0199]   Number of violations = 4268.
Viol/Layer        mcon   met1    via   met2   met3   met4
Cut Spacing          5      0      0      0      0      0
Metal Spacing        0    862      0    241     17      0
Min Hole             0      3      0      0      0      0
Recheck              0     11      0      1      0      0
Short                0   2532      1    563     26      6
[INFO DRT-0267] cpu time = 00:24:04, elapsed time = 00:04:06, memory = 5138.52 (MB), peak = 5689.96 (MB)
Total wire length = 2802704 um.
Total wire length on LAYER li1 = 0 um.
Total wire length on LAYER met1 = 1177622 um.
Total wire length on LAYER met2 = 1240113 um.
Total wire length on LAYER met3 = 309906 um.
Total wire length on LAYER met4 = 74866 um.
Total wire length on LAYER met5 = 195 um.
Total number of vias = 597668.
Up-via summary (total 597668):

-------------------------
 FR_MASTERSLICE         0
            li1    254971
           met1    296352
           met2     38586
           met3      7747
           met4        12
-------------------------
                   597668


[INFO DRT-0195] Start 6th optimization iteration.
    Completing 10% with 4268 violations.
    elapsed time = 00:00:00, memory = 5138.52 (MB).
    Completing 20% with 4268 violations.
    elapsed time = 00:00:00, memory = 5319.77 (MB).
    Completing 30% with 4054 violations.
    elapsed time = 00:00:44, memory = 5138.54 (MB).
    Completing 40% with 4054 violations.
    elapsed time = 00:00:44, memory = 5138.54 (MB).
    Completing 50% with 4054 violations.
    elapsed time = 00:01:28, memory = 5138.63 (MB).
    Completing 60% with 3662 violations.
    elapsed time = 00:01:28, memory = 5138.63 (MB).
    Completing 70% with 3662 violations.
    elapsed time = 00:01:29, memory = 5334.64 (MB).
    Completing 80% with 3541 violations.
    elapsed time = 00:02:09, memory = 5142.08 (MB).
    Completing 90% with 3541 violations.
    elapsed time = 00:02:09, memory = 5143.70 (MB).
    Completing 100% with 3178 violations.
    elapsed time = 00:02:48, memory = 5147.74 (MB).
[INFO DRT-0199]   Number of violations = 3178.
Viol/Layer        mcon   met1    via   met2   met3   met4
Cut Spacing          8      0      1      0      0      0
Metal Spacing        0    607      0    177     11      1
Min Hole             0      1      0      0      0      0
Recheck              0      4      0      1      0      0
Short                0   1916      0    421     24      6
[INFO DRT-0267] cpu time = 00:16:08, elapsed time = 00:02:49, memory = 5147.74 (MB), peak = 5689.96 (MB)
Total wire length = 2802641 um.
Total wire length on LAYER li1 = 0 um.
Total wire length on LAYER met1 = 1177094 um.
Total wire length on LAYER met2 = 1239775 um.
Total wire length on LAYER met3 = 310307 um.
Total wire length on LAYER met4 = 75269 um.
Total wire length on LAYER met5 = 195 um.
Total number of vias = 597807.
Up-via summary (total 597807):

-------------------------
 FR_MASTERSLICE         0
            li1    254971
           met1    296413
           met2     38644
           met3      7767
           met4        12
-------------------------
                   597807


[INFO DRT-0195] Start 7th optimization iteration.
    Completing 10% with 3178 violations.
    elapsed time = 00:00:00, memory = 5147.74 (MB).
    Completing 20% with 3178 violations.
    elapsed time = 00:00:00, memory = 5147.74 (MB).
    Completing 30% with 2968 violations.
    elapsed time = 00:00:23, memory = 5149.44 (MB).
    Completing 40% with 2968 violations.
    elapsed time = 00:00:23, memory = 5149.44 (MB).
    Completing 50% with 2968 violations.
    elapsed time = 00:01:00, memory = 5149.38 (MB).
    Completing 60% with 2883 violations.
    elapsed time = 00:01:00, memory = 5149.38 (MB).
    Completing 70% with 2883 violations.
    elapsed time = 00:01:00, memory = 5285.26 (MB).
    Completing 80% with 2711 violations.
    elapsed time = 00:01:40, memory = 5149.50 (MB).
    Completing 90% with 2711 violations.
    elapsed time = 00:01:40, memory = 5149.50 (MB).
    Completing 100% with 2685 violations.
    elapsed time = 00:02:34, memory = 5107.04 (MB).
[INFO DRT-0199]   Number of violations = 2685.
Viol/Layer        mcon   met1    via   met2   met3   met4
Cut Spacing          6      0      1      0      0      0
Metal Spacing        0    483      0    198      9      0
Recheck              0      4      0      1      0      0
Short                0   1503      0    462     17      1
[INFO DRT-0267] cpu time = 00:13:21, elapsed time = 00:02:34, memory = 5107.04 (MB), peak = 5689.96 (MB)
Total wire length = 2802775 um.
Total wire length on LAYER li1 = 0 um.
Total wire length on LAYER met1 = 1177025 um.
Total wire length on LAYER met2 = 1239534 um.
Total wire length on LAYER met3 = 310370 um.
Total wire length on LAYER met4 = 75620 um.
Total wire length on LAYER met5 = 224 um.
Total number of vias = 597918.
Up-via summary (total 597918):

-------------------------
 FR_MASTERSLICE         0
            li1    254971
           met1    296493
           met2     38675
           met3      7765
           met4        14
-------------------------
                   597918


[INFO DRT-0195] Start 8th optimization iteration.
    Completing 10% with 2685 violations.
    elapsed time = 00:00:00, memory = 5107.04 (MB).
    Completing 20% with 2685 violations.
    elapsed time = 00:00:00, memory = 5107.04 (MB).
    Completing 30% with 2641 violations.
    elapsed time = 00:00:34, memory = 5106.91 (MB).
    Completing 40% with 2641 violations.
    elapsed time = 00:00:34, memory = 5109.66 (MB).
    Completing 50% with 2641 violations.
    elapsed time = 00:00:35, memory = 5872.30 (MB).
    Completing 60% with 2442 violations.
    elapsed time = 00:01:32, memory = 5141.56 (MB).
    Completing 70% with 2442 violations.
    elapsed time = 00:01:32, memory = 5141.56 (MB).
    Completing 80% with 2332 violations.
    elapsed time = 00:03:10, memory = 5092.40 (MB).
    Completing 90% with 2332 violations.
    elapsed time = 00:03:10, memory = 5092.40 (MB).
    Completing 100% with 2149 violations.
    elapsed time = 00:05:02, memory = 5092.53 (MB).
[INFO DRT-0199]   Number of violations = 2149.
Viol/Layer        mcon   met1    via   met2   met3   met4
Cut Spacing          3      0      1      0      0      0
Metal Spacing        0    437      0     80     11      0
Min Hole             0      0      0      1      0      0
Recheck              0      4      0      1      0      0
Short                0   1308      0    280     20      3
[INFO DRT-0267] cpu time = 00:16:08, elapsed time = 00:05:02, memory = 5030.15 (MB), peak = 6042.29 (MB)
Total wire length = 2802688 um.
Total wire length on LAYER li1 = 0 um.
Total wire length on LAYER met1 = 1176638 um.
Total wire length on LAYER met2 = 1239013 um.
Total wire length on LAYER met3 = 310599 um.
Total wire length on LAYER met4 = 76212 um.
Total wire length on LAYER met5 = 224 um.
Total number of vias = 597780.
Up-via summary (total 597780):

-------------------------
 FR_MASTERSLICE         0
            li1    254971
           met1    296364
           met2     38675
           met3      7756
           met4        14
-------------------------
                   597780


[INFO DRT-0195] Start 9th optimization iteration.
    Completing 10% with 2149 violations.
    elapsed time = 00:00:00, memory = 5030.15 (MB).
    Completing 20% with 2149 violations.
    elapsed time = 00:00:00, memory = 5030.15 (MB).
    Completing 30% with 2052 violations.
    elapsed time = 00:00:24, memory = 5030.18 (MB).
    Completing 40% with 2052 violations.
    elapsed time = 00:00:24, memory = 5030.18 (MB).
    Completing 50% with 2052 violations.
    elapsed time = 00:01:31, memory = 5051.01 (MB).
    Completing 60% with 1965 violations.
    elapsed time = 00:01:31, memory = 5051.01 (MB).
    Completing 70% with 1965 violations.
    elapsed time = 00:01:31, memory = 5051.01 (MB).
    Completing 80% with 1778 violations.
    elapsed time = 00:02:46, memory = 5085.38 (MB).
    Completing 90% with 1778 violations.
    elapsed time = 00:02:46, memory = 5092.12 (MB).
    Completing 100% with 1666 violations.
    elapsed time = 00:03:54, memory = 5085.42 (MB).
[INFO DRT-0199]   Number of violations = 1666.
Viol/Layer        mcon   met1    via   met2   met3
Cut Spacing          3      0      1      0      0
Metal Spacing        0    284      0     92     10
Min Hole             0      0      0      1      0
Short                0   1026      0    242      7
[INFO DRT-0267] cpu time = 00:13:15, elapsed time = 00:03:54, memory = 5085.42 (MB), peak = 6042.29 (MB)
Total wire length = 2802420 um.
Total wire length on LAYER li1 = 0 um.
Total wire length on LAYER met1 = 1176435 um.
Total wire length on LAYER met2 = 1238884 um.
Total wire length on LAYER met3 = 310495 um.
Total wire length on LAYER met4 = 76391 um.
Total wire length on LAYER met5 = 214 um.
Total number of vias = 597738.
Up-via summary (total 597738):

-------------------------
 FR_MASTERSLICE         0
            li1    254971
           met1    296381
           met2     38638
           met3      7734
           met4        14
-------------------------
                   597738


[INFO DRT-0195] Start 10th optimization iteration.
    Completing 10% with 1666 violations.
    elapsed time = 00:00:00, memory = 5085.42 (MB).
    Completing 20% with 1666 violations.
    elapsed time = 00:00:00, memory = 5585.05 (MB).
    Completing 30% with 1449 violations.
    elapsed time = 00:01:34, memory = 5085.90 (MB).
    Completing 40% with 1449 violations.
    elapsed time = 00:01:34, memory = 5085.90 (MB).
    Completing 50% with 1449 violations.
    elapsed time = 00:01:36, memory = 5827.24 (MB).
    Completing 60% with 1226 violations.
    elapsed time = 00:02:06, memory = 5030.30 (MB).
    Completing 70% with 1226 violations.
    elapsed time = 00:02:06, memory = 5030.30 (MB).
    Completing 80% with 1044 violations.
    elapsed time = 00:02:29, memory = 5051.11 (MB).
    Completing 90% with 1044 violations.
    elapsed time = 00:02:29, memory = 5051.11 (MB).
    Completing 100% with 988 violations.
    elapsed time = 00:02:50, memory = 5061.73 (MB).
[INFO DRT-0199]   Number of violations = 988.
Viol/Layer        met1    via   met2   met3
Cut Spacing          0      1      0      0
Metal Spacing      180      0     69     13
Short              583      0    132     10
[INFO DRT-0267] cpu time = 00:09:34, elapsed time = 00:02:51, memory = 5061.73 (MB), peak = 6042.29 (MB)
Total wire length = 2802656 um.
Total wire length on LAYER li1 = 0 um.
Total wire length on LAYER met1 = 1176187 um.
Total wire length on LAYER met2 = 1238824 um.
Total wire length on LAYER met3 = 310653 um.
Total wire length on LAYER met4 = 76740 um.
Total wire length on LAYER met5 = 251 um.
Total number of vias = 597970.
Up-via summary (total 597970):

-------------------------
 FR_MASTERSLICE         0
            li1    254971
           met1    296501
           met2     38690
           met3      7792
           met4        16
-------------------------
                   597970


[INFO DRT-0195] Start 11th optimization iteration.
    Completing 10% with 988 violations.
    elapsed time = 00:00:00, memory = 5061.73 (MB).
    Completing 20% with 988 violations.
    elapsed time = 00:00:00, memory = 5061.73 (MB).
    Completing 30% with 967 violations.
    elapsed time = 00:00:16, memory = 5061.86 (MB).
    Completing 40% with 967 violations.
    elapsed time = 00:00:16, memory = 5061.86 (MB).
    Completing 50% with 967 violations.
    elapsed time = 00:00:40, memory = 5061.90 (MB).
    Completing 60% with 863 violations.
    elapsed time = 00:00:40, memory = 5061.90 (MB).
    Completing 70% with 863 violations.
    elapsed time = 00:00:40, memory = 5063.27 (MB).
    Completing 80% with 844 violations.
    elapsed time = 00:01:25, memory = 5061.89 (MB).
    Completing 90% with 844 violations.
    elapsed time = 00:01:25, memory = 5061.89 (MB).
    Completing 100% with 829 violations.
    elapsed time = 00:01:50, memory = 5079.98 (MB).
[INFO DRT-0199]   Number of violations = 829.
Viol/Layer        met1   met2   met3
Metal Spacing      187     55      6
Short              461    110     10
[INFO DRT-0267] cpu time = 00:05:54, elapsed time = 00:01:53, memory = 5079.98 (MB), peak = 6042.29 (MB)
Total wire length = 2802924 um.
Total wire length on LAYER li1 = 0 um.
Total wire length on LAYER met1 = 1176220 um.
Total wire length on LAYER met2 = 1238813 um.
Total wire length on LAYER met3 = 310783 um.
Total wire length on LAYER met4 = 76855 um.
Total wire length on LAYER met5 = 251 um.
Total number of vias = 598092.
Up-via summary (total 598092):

-------------------------
 FR_MASTERSLICE         0
            li1    254971
           met1    296565
           met2     38728
           met3      7812
           met4        16
-------------------------
                   598092


[INFO DRT-0195] Start 12th optimization iteration.
    Completing 10% with 829 violations.
    elapsed time = 00:00:00, memory = 5079.98 (MB).
    Completing 20% with 829 violations.
    elapsed time = 00:00:00, memory = 5079.98 (MB).
    Completing 30% with 726 violations.
    elapsed time = 00:01:12, memory = 5079.88 (MB).
    Completing 40% with 726 violations.
    elapsed time = 00:01:12, memory = 5079.88 (MB).
    Completing 50% with 726 violations.
    elapsed time = 00:01:12, memory = 5079.88 (MB).
    Completing 60% with 725 violations.
    elapsed time = 00:02:27, memory = 5079.84 (MB).
    Completing 70% with 725 violations.
    elapsed time = 00:02:27, memory = 5079.84 (MB).
    Completing 80% with 680 violations.
    elapsed time = 00:03:08, memory = 5079.74 (MB).
    Completing 90% with 680 violations.
    elapsed time = 00:03:08, memory = 5079.74 (MB).
    Completing 100% with 643 violations.
    elapsed time = 00:04:21, memory = 5079.88 (MB).
[INFO DRT-0199]   Number of violations = 643.
Viol/Layer        met1    via   met2   met3
Metal Spacing      153      0     44      0
Short              369      1     68      8
[INFO DRT-0267] cpu time = 00:08:26, elapsed time = 00:04:21, memory = 5079.88 (MB), peak = 6042.29 (MB)
Total wire length = 2802958 um.
Total wire length on LAYER li1 = 0 um.
Total wire length on LAYER met1 = 1176141 um.
Total wire length on LAYER met2 = 1238734 um.
Total wire length on LAYER met3 = 310910 um.
Total wire length on LAYER met4 = 76919 um.
Total wire length on LAYER met5 = 251 um.
Total number of vias = 598074.
Up-via summary (total 598074):

-------------------------
 FR_MASTERSLICE         0
            li1    254971
           met1    296537
           met2     38741
           met3      7809
           met4        16
-------------------------
                   598074


[INFO DRT-0195] Start 13th optimization iteration.
    Completing 10% with 643 violations.
    elapsed time = 00:00:00, memory = 5079.88 (MB).
    Completing 20% with 643 violations.
    elapsed time = 00:00:00, memory = 5079.88 (MB).
    Completing 30% with 576 violations.
    elapsed time = 00:00:46, memory = 5079.80 (MB).
    Completing 40% with 576 violations.
    elapsed time = 00:00:46, memory = 5079.80 (MB).
    Completing 50% with 576 violations.
    elapsed time = 00:00:46, memory = 5079.80 (MB).
    Completing 60% with 574 violations.
    elapsed time = 00:02:24, memory = 5079.75 (MB).
    Completing 70% with 574 violations.
    elapsed time = 00:02:24, memory = 5079.75 (MB).
    Completing 80% with 539 violations.
    elapsed time = 00:02:57, memory = 5079.69 (MB).
    Completing 90% with 539 violations.
    elapsed time = 00:02:57, memory = 5079.69 (MB).
    Completing 100% with 500 violations.
    elapsed time = 00:03:32, memory = 5079.53 (MB).
[INFO DRT-0199]   Number of violations = 500.
Viol/Layer        met1    via   met2   met3
Metal Spacing       99      0     44      0
Short              297      1     51      8
[INFO DRT-0267] cpu time = 00:05:57, elapsed time = 00:03:32, memory = 5079.53 (MB), peak = 6042.29 (MB)
Total wire length = 2803089 um.
Total wire length on LAYER li1 = 0 um.
Total wire length on LAYER met1 = 1176108 um.
Total wire length on LAYER met2 = 1238746 um.
Total wire length on LAYER met3 = 310881 um.
Total wire length on LAYER met4 = 77101 um.
Total wire length on LAYER met5 = 251 um.
Total number of vias = 598142.
Up-via summary (total 598142):

-------------------------
 FR_MASTERSLICE         0
            li1    254971
           met1    296567
           met2     38753
           met3      7835
           met4        16
-------------------------
                   598142


[INFO DRT-0195] Start 14th optimization iteration.
    Completing 10% with 500 violations.
    elapsed time = 00:00:00, memory = 5079.53 (MB).
    Completing 20% with 500 violations.
    elapsed time = 00:00:00, memory = 5079.53 (MB).
    Completing 30% with 499 violations.
    elapsed time = 00:00:34, memory = 5079.76 (MB).
    Completing 40% with 499 violations.
    elapsed time = 00:00:34, memory = 5079.76 (MB).
    Completing 50% with 499 violations.
    elapsed time = 00:00:34, memory = 5079.76 (MB).
    Completing 60% with 491 violations.
    elapsed time = 00:01:34, memory = 5079.76 (MB).
    Completing 70% with 491 violations.
    elapsed time = 00:01:34, memory = 5079.76 (MB).
    Completing 80% with 464 violations.
    elapsed time = 00:01:59, memory = 5079.75 (MB).
    Completing 90% with 464 violations.
    elapsed time = 00:02:00, memory = 5079.75 (MB).
    Completing 100% with 434 violations.
    elapsed time = 00:02:33, memory = 5079.90 (MB).
[INFO DRT-0199]   Number of violations = 434.
Viol/Layer        met1    via   met2   met3
Metal Spacing       69      0     46      0
Short              263      1     47      8
[INFO DRT-0267] cpu time = 00:04:28, elapsed time = 00:02:34, memory = 5079.90 (MB), peak = 6042.29 (MB)
Total wire length = 2803112 um.
Total wire length on LAYER li1 = 0 um.
Total wire length on LAYER met1 = 1176050 um.
Total wire length on LAYER met2 = 1238743 um.
Total wire length on LAYER met3 = 310894 um.
Total wire length on LAYER met4 = 77107 um.
Total wire length on LAYER met5 = 318 um.
Total number of vias = 598170.
Up-via summary (total 598170):

-------------------------
 FR_MASTERSLICE         0
            li1    254971
           met1    296576
           met2     38765
           met3      7840
           met4        18
-------------------------
                   598170


[INFO DRT-0195] Start 15th optimization iteration.
    Completing 10% with 434 violations.
    elapsed time = 00:00:00, memory = 5079.90 (MB).
    Completing 20% with 434 violations.
    elapsed time = 00:00:00, memory = 5079.90 (MB).
    Completing 30% with 416 violations.
    elapsed time = 00:00:11, memory = 5079.90 (MB).
    Completing 40% with 416 violations.
    elapsed time = 00:00:11, memory = 5079.90 (MB).
    Completing 50% with 416 violations.
    elapsed time = 00:00:11, memory = 5079.90 (MB).
    Completing 60% with 397 violations.
    elapsed time = 00:01:00, memory = 5079.73 (MB).
    Completing 70% with 397 violations.
    elapsed time = 00:01:00, memory = 5079.73 (MB).
    Completing 80% with 387 violations.
    elapsed time = 00:01:16, memory = 5079.73 (MB).
    Completing 90% with 387 violations.
    elapsed time = 00:01:16, memory = 5079.73 (MB).
    Completing 100% with 378 violations.
    elapsed time = 00:01:19, memory = 5079.80 (MB).
[INFO DRT-0199]   Number of violations = 378.
Viol/Layer        mcon   met1   met2
Cut Spacing          1      0      0
Metal Spacing        0     62     39
Short                0    238     38
[INFO DRT-0267] cpu time = 00:02:44, elapsed time = 00:01:19, memory = 5079.80 (MB), peak = 6042.29 (MB)
Total wire length = 2803090 um.
Total wire length on LAYER li1 = 0 um.
Total wire length on LAYER met1 = 1176023 um.
Total wire length on LAYER met2 = 1238739 um.
Total wire length on LAYER met3 = 310905 um.
Total wire length on LAYER met4 = 77103 um.
Total wire length on LAYER met5 = 318 um.
Total number of vias = 598208.
Up-via summary (total 598208):

-------------------------
 FR_MASTERSLICE         0
            li1    254971
           met1    296582
           met2     38795
           met3      7842
           met4        18
-------------------------
                   598208


[INFO DRT-0195] Start 16th optimization iteration.
    Completing 10% with 378 violations.
    elapsed time = 00:00:00, memory = 5079.80 (MB).
    Completing 20% with 378 violations.
    elapsed time = 00:00:00, memory = 5079.80 (MB).
    Completing 30% with 368 violations.
    elapsed time = 00:00:12, memory = 5079.76 (MB).
    Completing 40% with 368 violations.
    elapsed time = 00:00:12, memory = 5079.76 (MB).
    Completing 50% with 368 violations.
    elapsed time = 00:00:12, memory = 5079.76 (MB).
    Completing 60% with 368 violations.
    elapsed time = 00:00:36, memory = 5079.93 (MB).
    Completing 70% with 368 violations.
    elapsed time = 00:00:36, memory = 5079.93 (MB).
    Completing 80% with 368 violations.
    elapsed time = 00:01:24, memory = 5079.93 (MB).
    Completing 90% with 368 violations.
    elapsed time = 00:01:24, memory = 5079.93 (MB).
    Completing 100% with 368 violations.
    elapsed time = 00:01:50, memory = 5080.16 (MB).
[INFO DRT-0199]   Number of violations = 368.
Viol/Layer        mcon   met1   met2
Cut Spacing          1      0      0
Metal Spacing        0     58     37
Short                0    234     38
[INFO DRT-0267] cpu time = 00:03:19, elapsed time = 00:01:50, memory = 5080.16 (MB), peak = 6042.29 (MB)
Total wire length = 2803083 um.
Total wire length on LAYER li1 = 0 um.
Total wire length on LAYER met1 = 1176023 um.
Total wire length on LAYER met2 = 1238716 um.
Total wire length on LAYER met3 = 310901 um.
Total wire length on LAYER met4 = 77123 um.
Total wire length on LAYER met5 = 318 um.
Total number of vias = 598209.
Up-via summary (total 598209):

-------------------------
 FR_MASTERSLICE         0
            li1    254971
           met1    296583
           met2     38791
           met3      7846
           met4        18
-------------------------
                   598209


[INFO DRT-0195] Start 17th optimization iteration.
    Completing 10% with 368 violations.
    elapsed time = 00:00:00, memory = 5080.16 (MB).
    Completing 20% with 368 violations.
    elapsed time = 00:00:00, memory = 5080.16 (MB).
    Completing 30% with 368 violations.
    elapsed time = 00:00:47, memory = 5081.88 (MB).
    Completing 40% with 368 violations.
    elapsed time = 00:00:47, memory = 5081.88 (MB).
    Completing 50% with 368 violations.
    elapsed time = 00:01:51, memory = 5030.10 (MB).
    Completing 60% with 839 violations.
    elapsed time = 00:01:52, memory = 5030.10 (MB).
    Completing 70% with 839 violations.
    elapsed time = 00:01:52, memory = 5030.10 (MB).
    Completing 80% with 839 violations.
    elapsed time = 00:02:32, memory = 5044.00 (MB).
    Completing 90% with 839 violations.
    elapsed time = 00:02:32, memory = 5044.00 (MB).
    Completing 100% with 839 violations.
    elapsed time = 00:03:38, memory = 5044.00 (MB).
[INFO DRT-0199]   Number of violations = 839.
Viol/Layer        mcon   met1   met2   met3   met4
Cut Spacing          1      0      0      0      0
Metal Spacing        0     81     70      1      0
Short                0    438    229     12      7
[INFO DRT-0267] cpu time = 00:08:05, elapsed time = 00:03:39, memory = 5044.00 (MB), peak = 6042.29 (MB)
Total wire length = 2803196 um.
Total wire length on LAYER li1 = 0 um.
Total wire length on LAYER met1 = 1175971 um.
Total wire length on LAYER met2 = 1238850 um.
Total wire length on LAYER met3 = 310997 um.
Total wire length on LAYER met4 = 77058 um.
Total wire length on LAYER met5 = 318 um.
Total number of vias = 598139.
Up-via summary (total 598139):

-------------------------
 FR_MASTERSLICE         0
            li1    254971
           met1    296549
           met2     38778
           met3      7823
           met4        18
-------------------------
                   598139


[INFO DRT-0195] Start 18th optimization iteration.
    Completing 10% with 839 violations.
    elapsed time = 00:00:00, memory = 5044.00 (MB).
    Completing 20% with 839 violations.
    elapsed time = 00:00:00, memory = 5044.00 (MB).
    Completing 30% with 836 violations.
    elapsed time = 00:00:28, memory = 5043.82 (MB).
    Completing 40% with 836 violations.
    elapsed time = 00:00:28, memory = 5043.82 (MB).
    Completing 50% with 836 violations.
    elapsed time = 00:00:29, memory = 5111.69 (MB).
    Completing 60% with 758 violations.
    elapsed time = 00:01:13, memory = 5043.52 (MB).
    Completing 70% with 758 violations.
    elapsed time = 00:01:13, memory = 5043.52 (MB).
    Completing 80% with 312 violations.
    elapsed time = 00:05:52, memory = 5043.52 (MB).
    Completing 90% with 312 violations.
    elapsed time = 00:05:52, memory = 5043.52 (MB).
    Completing 100% with 312 violations.
    elapsed time = 00:05:53, memory = 5043.52 (MB).
[INFO DRT-0199]   Number of violations = 312.
Viol/Layer        met1   met2   met3   met4
Metal Spacing       55     15      7      1
Short              197     26      8      3
[INFO DRT-0267] cpu time = 00:07:38, elapsed time = 00:05:54, memory = 5043.52 (MB), peak = 6042.29 (MB)
Total wire length = 2803478 um.
Total wire length on LAYER li1 = 0 um.
Total wire length on LAYER met1 = 1175932 um.
Total wire length on LAYER met2 = 1238739 um.
Total wire length on LAYER met3 = 311212 um.
Total wire length on LAYER met4 = 77212 um.
Total wire length on LAYER met5 = 381 um.
Total number of vias = 598251.
Up-via summary (total 598251):

-------------------------
 FR_MASTERSLICE         0
            li1    254971
           met1    296601
           met2     38824
           met3      7833
           met4        22
-------------------------
                   598251


[INFO DRT-0195] Start 19th optimization iteration.
    Completing 10% with 312 violations.
    elapsed time = 00:00:00, memory = 5043.52 (MB).
    Completing 20% with 312 violations.
    elapsed time = 00:00:00, memory = 5043.52 (MB).
    Completing 30% with 312 violations.
    elapsed time = 00:00:06, memory = 5043.52 (MB).
    Completing 40% with 312 violations.
    elapsed time = 00:00:06, memory = 5043.52 (MB).
    Completing 50% with 312 violations.
    elapsed time = 00:00:06, memory = 5043.52 (MB).
    Completing 60% with 262 violations.
    elapsed time = 00:00:47, memory = 5043.52 (MB).
    Completing 70% with 262 violations.
    elapsed time = 00:00:47, memory = 5043.52 (MB).
    Completing 80% with 209 violations.
    elapsed time = 00:00:55, memory = 5043.62 (MB).
    Completing 90% with 209 violations.
    elapsed time = 00:00:55, memory = 5043.62 (MB).
    Completing 100% with 185 violations.
    elapsed time = 00:01:37, memory = 5057.64 (MB).
[INFO DRT-0199]   Number of violations = 185.
Viol/Layer        met1   met2   met3   met4
Metal Spacing       26     10      1      1
Short              120     24      3      0
[INFO DRT-0267] cpu time = 00:03:03, elapsed time = 00:01:38, memory = 5057.64 (MB), peak = 6042.29 (MB)
Total wire length = 2803441 um.
Total wire length on LAYER li1 = 0 um.
Total wire length on LAYER met1 = 1175933 um.
Total wire length on LAYER met2 = 1238713 um.
Total wire length on LAYER met3 = 311190 um.
Total wire length on LAYER met4 = 77224 um.
Total wire length on LAYER met5 = 380 um.
Total number of vias = 598265.
Up-via summary (total 598265):

-------------------------
 FR_MASTERSLICE         0
            li1    254971
           met1    296606
           met2     38825
           met3      7841
           met4        22
-------------------------
                   598265


[INFO DRT-0195] Start 20th optimization iteration.
    Completing 10% with 185 violations.
    elapsed time = 00:00:00, memory = 5057.64 (MB).
    Completing 20% with 185 violations.
    elapsed time = 00:00:00, memory = 5057.64 (MB).
    Completing 30% with 184 violations.
    elapsed time = 00:00:02, memory = 5057.65 (MB).
    Completing 40% with 184 violations.
    elapsed time = 00:00:02, memory = 5057.65 (MB).
    Completing 50% with 184 violations.
    elapsed time = 00:00:02, memory = 5057.65 (MB).
    Completing 60% with 115 violations.
    elapsed time = 00:00:43, memory = 5057.75 (MB).
    Completing 70% with 115 violations.
    elapsed time = 00:00:43, memory = 5057.75 (MB).
    Completing 80% with 114 violations.
    elapsed time = 00:00:55, memory = 5057.68 (MB).
    Completing 90% with 114 violations.
    elapsed time = 00:00:55, memory = 5057.68 (MB).
    Completing 100% with 103 violations.
    elapsed time = 00:01:31, memory = 5057.79 (MB).
[INFO DRT-0199]   Number of violations = 103.
Viol/Layer        met1   met2
Metal Spacing       17      8
Short               56     22
[INFO DRT-0267] cpu time = 00:02:48, elapsed time = 00:01:31, memory = 5057.79 (MB), peak = 6042.29 (MB)
Total wire length = 2803512 um.
Total wire length on LAYER li1 = 0 um.
Total wire length on LAYER met1 = 1175928 um.
Total wire length on LAYER met2 = 1238746 um.
Total wire length on LAYER met3 = 311212 um.
Total wire length on LAYER met4 = 77277 um.
Total wire length on LAYER met5 = 346 um.
Total number of vias = 598296.
Up-via summary (total 598296):

-------------------------
 FR_MASTERSLICE         0
            li1    254971
           met1    296619
           met2     38838
           met3      7848
           met4        20
-------------------------
                   598296


[INFO DRT-0195] Start 21st optimization iteration.
    Completing 10% with 103 violations.
    elapsed time = 00:00:00, memory = 5057.79 (MB).
    Completing 20% with 103 violations.
    elapsed time = 00:00:00, memory = 5057.79 (MB).
    Completing 30% with 102 violations.
    elapsed time = 00:00:01, memory = 5057.79 (MB).
    Completing 40% with 102 violations.
    elapsed time = 00:00:01, memory = 5057.79 (MB).
    Completing 50% with 102 violations.
    elapsed time = 00:00:01, memory = 5057.79 (MB).
    Completing 60% with 102 violations.
    elapsed time = 00:00:42, memory = 5057.72 (MB).
    Completing 70% with 102 violations.
    elapsed time = 00:00:42, memory = 5057.72 (MB).
    Completing 80% with 102 violations.
    elapsed time = 00:00:45, memory = 5057.80 (MB).
    Completing 90% with 102 violations.
    elapsed time = 00:00:45, memory = 5057.80 (MB).
    Completing 100% with 98 violations.
    elapsed time = 00:01:07, memory = 5057.95 (MB).
[INFO DRT-0199]   Number of violations = 98.
Viol/Layer        met1   met2
Metal Spacing       15      8
Short               53     22
[INFO DRT-0267] cpu time = 00:02:11, elapsed time = 00:01:07, memory = 5057.95 (MB), peak = 6042.29 (MB)
Total wire length = 2803533 um.
Total wire length on LAYER li1 = 0 um.
Total wire length on LAYER met1 = 1175896 um.
Total wire length on LAYER met2 = 1238738 um.
Total wire length on LAYER met3 = 311257 um.
Total wire length on LAYER met4 = 77294 um.
Total wire length on LAYER met5 = 346 um.
Total number of vias = 598302.
Up-via summary (total 598302):

-------------------------
 FR_MASTERSLICE         0
            li1    254971
           met1    296624
           met2     38832
           met3      7855
           met4        20
-------------------------
                   598302


[INFO DRT-0195] Start 22nd optimization iteration.
    Completing 10% with 98 violations.
    elapsed time = 00:00:00, memory = 5057.95 (MB).
    Completing 20% with 98 violations.
    elapsed time = 00:00:00, memory = 5057.95 (MB).
    Completing 30% with 97 violations.
    elapsed time = 00:00:01, memory = 5057.98 (MB).
    Completing 40% with 97 violations.
    elapsed time = 00:00:01, memory = 5057.98 (MB).
    Completing 50% with 97 violations.
    elapsed time = 00:00:01, memory = 5057.98 (MB).
    Completing 60% with 97 violations.
    elapsed time = 00:01:29, memory = 5058.07 (MB).
    Completing 70% with 97 violations.
    elapsed time = 00:01:29, memory = 5058.07 (MB).
    Completing 80% with 92 violations.
    elapsed time = 00:01:41, memory = 5058.03 (MB).
    Completing 90% with 92 violations.
    elapsed time = 00:01:41, memory = 5058.03 (MB).
    Completing 100% with 84 violations.
    elapsed time = 00:01:52, memory = 5058.07 (MB).
[INFO DRT-0199]   Number of violations = 84.
Viol/Layer        met1   met2
Metal Spacing       12     11
Short               39     22
[INFO DRT-0267] cpu time = 00:02:40, elapsed time = 00:01:53, memory = 5058.07 (MB), peak = 6042.29 (MB)
Total wire length = 2803539 um.
Total wire length on LAYER li1 = 0 um.
Total wire length on LAYER met1 = 1175901 um.
Total wire length on LAYER met2 = 1238725 um.
Total wire length on LAYER met3 = 311257 um.
Total wire length on LAYER met4 = 77308 um.
Total wire length on LAYER met5 = 346 um.
Total number of vias = 598317.
Up-via summary (total 598317):

-------------------------
 FR_MASTERSLICE         0
            li1    254971
           met1    296630
           met2     38837
           met3      7859
           met4        20
-------------------------
                   598317


[INFO DRT-0195] Start 23rd optimization iteration.
    Completing 10% with 84 violations.
    elapsed time = 00:00:00, memory = 5058.07 (MB).
    Completing 20% with 84 violations.
    elapsed time = 00:00:00, memory = 5058.07 (MB).
    Completing 30% with 84 violations.
    elapsed time = 00:00:00, memory = 5058.07 (MB).
    Completing 40% with 84 violations.
    elapsed time = 00:00:00, memory = 5058.07 (MB).
    Completing 50% with 84 violations.
    elapsed time = 00:00:00, memory = 5058.07 (MB).
    Completing 60% with 84 violations.
    elapsed time = 00:04:53, memory = 5085.92 (MB).
    Completing 70% with 84 violations.
    elapsed time = 00:04:53, memory = 5085.92 (MB).
    Completing 80% with 84 violations.
    elapsed time = 00:07:52, memory = 5085.75 (MB).
    Completing 90% with 84 violations.
    elapsed time = 00:07:52, memory = 5085.75 (MB).
    Completing 100% with 83 violations.
    elapsed time = 00:08:12, memory = 5085.89 (MB).
[INFO DRT-0199]   Number of violations = 83.
Viol/Layer        met1   met2
Metal Spacing       12     11
Short               38     22
[INFO DRT-0267] cpu time = 00:13:41, elapsed time = 00:08:14, memory = 5085.89 (MB), peak = 6042.29 (MB)
Total wire length = 2803543 um.
Total wire length on LAYER li1 = 0 um.
Total wire length on LAYER met1 = 1175899 um.
Total wire length on LAYER met2 = 1238700 um.
Total wire length on LAYER met3 = 311266 um.
Total wire length on LAYER met4 = 77330 um.
Total wire length on LAYER met5 = 346 um.
Total number of vias = 598322.
Up-via summary (total 598322):

-------------------------
 FR_MASTERSLICE         0
            li1    254971
           met1    296632
           met2     38838
           met3      7861
           met4        20
-------------------------
                   598322


[INFO DRT-0195] Start 24th optimization iteration.
    Completing 10% with 83 violations.
    elapsed time = 00:00:00, memory = 5085.89 (MB).
    Completing 20% with 83 violations.
    elapsed time = 00:00:00, memory = 5085.89 (MB).
    Completing 30% with 83 violations.
    elapsed time = 00:00:16, memory = 5085.90 (MB).
    Completing 40% with 83 violations.
    elapsed time = 00:00:16, memory = 5085.90 (MB).
    Completing 50% with 83 violations.
    elapsed time = 00:00:16, memory = 5085.90 (MB).
    Completing 60% with 83 violations.
    elapsed time = 00:00:49, memory = 5085.96 (MB).
    Completing 70% with 83 violations.
    elapsed time = 00:00:49, memory = 5085.96 (MB).
    Completing 80% with 83 violations.
    elapsed time = 00:01:04, memory = 5086.05 (MB).
    Completing 90% with 83 violations.
    elapsed time = 00:01:04, memory = 5086.05 (MB).
    Completing 100% with 83 violations.
    elapsed time = 00:01:14, memory = 5085.99 (MB).
[INFO DRT-0199]   Number of violations = 83.
Viol/Layer        met1   met2
Metal Spacing       12     11
Short               38     22
[INFO DRT-0267] cpu time = 00:02:20, elapsed time = 00:01:14, memory = 5085.99 (MB), peak = 6042.29 (MB)
Total wire length = 2803543 um.
Total wire length on LAYER li1 = 0 um.
Total wire length on LAYER met1 = 1175899 um.
Total wire length on LAYER met2 = 1238700 um.
Total wire length on LAYER met3 = 311266 um.
Total wire length on LAYER met4 = 77330 um.
Total wire length on LAYER met5 = 346 um.
Total number of vias = 598322.
Up-via summary (total 598322):

-------------------------
 FR_MASTERSLICE         0
            li1    254971
           met1    296632
           met2     38838
           met3      7861
           met4        20
-------------------------
                   598322


[INFO DRT-0195] Start 25th optimization iteration.
    Completing 10% with 83 violations.
    elapsed time = 00:00:00, memory = 5085.99 (MB).
    Completing 20% with 83 violations.
    elapsed time = 00:00:00, memory = 5085.99 (MB).
    Completing 30% with 83 violations.
    elapsed time = 00:00:20, memory = 5085.99 (MB).
    Completing 40% with 83 violations.
    elapsed time = 00:00:20, memory = 5085.99 (MB).
    Completing 50% with 83 violations.
    elapsed time = 00:00:20, memory = 5085.99 (MB).
    Completing 60% with 83 violations.
    elapsed time = 00:00:34, memory = 5085.99 (MB).
    Completing 70% with 83 violations.
    elapsed time = 00:00:34, memory = 5085.99 (MB).
    Completing 80% with 83 violations.
    elapsed time = 00:00:52, memory = 5085.99 (MB).
    Completing 90% with 83 violations.
    elapsed time = 00:00:52, memory = 5085.99 (MB).
    Completing 100% with 83 violations.
    elapsed time = 00:01:17, memory = 5085.99 (MB).
[INFO DRT-0199]   Number of violations = 83.
Viol/Layer        met1   met2
Metal Spacing       12     11
Short               38     22
[INFO DRT-0267] cpu time = 00:03:20, elapsed time = 00:01:18, memory = 5085.99 (MB), peak = 6042.29 (MB)
Total wire length = 2803543 um.
Total wire length on LAYER li1 = 0 um.
Total wire length on LAYER met1 = 1175899 um.
Total wire length on LAYER met2 = 1238700 um.
Total wire length on LAYER met3 = 311266 um.
Total wire length on LAYER met4 = 77330 um.
Total wire length on LAYER met5 = 346 um.
Total number of vias = 598322.
Up-via summary (total 598322):

-------------------------
 FR_MASTERSLICE         0
            li1    254971
           met1    296632
           met2     38838
           met3      7861
           met4        20
-------------------------
                   598322


[INFO DRT-0195] Start 26th optimization iteration.
    Completing 10% with 83 violations.
    elapsed time = 00:00:00, memory = 5085.99 (MB).
    Completing 20% with 83 violations.
    elapsed time = 00:00:00, memory = 5085.99 (MB).
    Completing 30% with 83 violations.
    elapsed time = 00:00:37, memory = 5085.99 (MB).
    Completing 40% with 83 violations.
    elapsed time = 00:00:37, memory = 5085.99 (MB).
    Completing 50% with 83 violations.
    elapsed time = 00:00:37, memory = 5085.99 (MB).
    Completing 60% with 83 violations.
    elapsed time = 00:01:42, memory = 5086.00 (MB).
    Completing 70% with 83 violations.
    elapsed time = 00:01:42, memory = 5141.50 (MB).
    Completing 80% with 74 violations.
    elapsed time = 00:03:31, memory = 5045.91 (MB).
    Completing 90% with 74 violations.
    elapsed time = 00:03:31, memory = 5045.91 (MB).
    Completing 100% with 70 violations.
    elapsed time = 00:03:33, memory = 5031.38 (MB).
[INFO DRT-0199]   Number of violations = 70.
Viol/Layer        met1   met2
Metal Spacing        8      9
Short               34     19
[INFO DRT-0267] cpu time = 00:05:44, elapsed time = 00:03:33, memory = 5031.88 (MB), peak = 6042.29 (MB)
Total wire length = 2803571 um.
Total wire length on LAYER li1 = 0 um.
Total wire length on LAYER met1 = 1175882 um.
Total wire length on LAYER met2 = 1238665 um.
Total wire length on LAYER met3 = 311225 um.
Total wire length on LAYER met4 = 77373 um.
Total wire length on LAYER met5 = 424 um.
Total number of vias = 598333.
Up-via summary (total 598333):

-------------------------
 FR_MASTERSLICE         0
            li1    254971
           met1    296630
           met2     38839
           met3      7869
           met4        24
-------------------------
                   598333


[INFO DRT-0195] Start 27th optimization iteration.
    Completing 10% with 70 violations.
    elapsed time = 00:00:00, memory = 5032.26 (MB).
    Completing 20% with 70 violations.
    elapsed time = 00:00:00, memory = 5032.26 (MB).
    Completing 30% with 65 violations.
    elapsed time = 00:02:10, memory = 3451.97 (MB).
    Completing 40% with 65 violations.
    elapsed time = 00:02:10, memory = 3452.09 (MB).
    Completing 50% with 65 violations.
    elapsed time = 00:02:10, memory = 3452.09 (MB).
