(nix:devshell-env) [nix-shell:~/CAD-Project-AES128-DMA-/pico_aes_soc/src/our_runs/run_com]$ source def2gds.sh 

Magic 8.3 revision 489 - Compiled on Thu Aug 22 13:34:25 UTC 2024.
Starting magic under Tcl interpreter
Using the terminal as the console.
Using NULL graphics device.
Input style sky130(): scaleFactor=2, multiplier=2
The following types are not handled by extraction and will be treated as non-electrical types:
    ubm 
Processing system .magicrc file
Using technology "sky130A", version 1.0.493-0-g0fe599b
Warning: Calma reading is not undoable!  I hope that's OK.
Library written using GDS-II Release 3.0
Library name: sky130_fd_sc_hd
Reading "sky130_fd_sc_hd__or4bb_4".
CIF file read warning: Input off lambda grid by 1/2; grid redefined.
Reading "sky130_fd_sc_hd__probe_p_8".
Reading "sky130_fd_sc_hd__probec_p_8".
Reading "sky130_fd_sc_hd__sdfbbn_1".
Reading "sky130_fd_sc_hd__sdfsbp_2".
Reading "sky130_fd_sc_hd__sdfsbp_1".
Reading "sky130_fd_sc_hd__sdfrtp_4".
Reading "sky130_fd_sc_hd__sdfrtp_2".
Reading "sky130_fd_sc_hd__sdfrtp_1".
Reading "sky130_fd_sc_hd__sdfrtn_1".
Reading "sky130_fd_sc_hd__sdfrbp_2".
Reading "sky130_fd_sc_hd__sdfrbp_1".
Reading "sky130_fd_sc_hd__sdfbbp_1".
Reading "sky130_fd_sc_hd__sdfbbn_2".
Reading "sky130_fd_sc_hd__sdfstp_1".
Reading "sky130_fd_sc_hd__sdfstp_2".
Reading "sky130_fd_sc_hd__sdfstp_4".
Reading "sky130_fd_sc_hd__sdfxbp_1".
Reading "sky130_fd_sc_hd__sdfxbp_2".
Reading "sky130_fd_sc_hd__sdfxtp_1".
Reading "sky130_fd_sc_hd__sdfxtp_2".
Reading "sky130_fd_sc_hd__sdfxtp_4".
Reading "sky130_fd_sc_hd__sdlclkp_1".
Reading "sky130_fd_sc_hd__sdlclkp_2".
Reading "sky130_fd_sc_hd__sdlclkp_4".
Reading "sky130_fd_sc_hd__sedfxbp_1".
Reading "sky130_fd_sc_hd__sedfxbp_2".
Reading "sky130_fd_sc_hd__sedfxtp_1".
Reading "sky130_fd_sc_hd__sedfxtp_2".
Reading "sky130_fd_sc_hd__sedfxtp_4".
Reading "sky130_fd_sc_hd__tap_1".
Reading "sky130_fd_sc_hd__tap_2".
Reading "sky130_fd_sc_hd__xor2_1".
Reading "sky130_fd_sc_hd__xnor3_4".
Reading "sky130_fd_sc_hd__xnor3_2".
Reading "sky130_fd_sc_hd__xnor3_1".
Reading "sky130_fd_sc_hd__xnor2_4".
Reading "sky130_fd_sc_hd__xnor2_2".
Reading "sky130_fd_sc_hd__xnor2_1".
Reading "sky130_fd_sc_hd__tapvpwrvgnd_1".
Reading "sky130_fd_sc_hd__tapvgnd_1".
Reading "sky130_fd_sc_hd__tapvgnd2_1".
Reading "sky130_fd_sc_hd__xor2_2".
Reading "sky130_fd_sc_hd__xor2_4".
Reading "sky130_fd_sc_hd__xor3_1".
Reading "sky130_fd_sc_hd__xor3_2".
Reading "sky130_fd_sc_hd__xor3_4".
Reading "sky130_fd_sc_hd__o41a_4".
Reading "sky130_fd_sc_hd__o41ai_1".
Reading "sky130_fd_sc_hd__o41ai_2".
Reading "sky130_fd_sc_hd__o41ai_4".
Reading "sky130_fd_sc_hd__o211a_1".
Reading "sky130_fd_sc_hd__o211a_2".
Reading "sky130_fd_sc_hd__o211a_4".
Reading "sky130_fd_sc_hd__o211ai_1".
Reading "sky130_fd_sc_hd__o211ai_2".
Reading "sky130_fd_sc_hd__o211ai_4".
Reading "sky130_fd_sc_hd__o221a_1".
Reading "sky130_fd_sc_hd__o221a_2".
Reading "sky130_fd_sc_hd__o221a_4".
Reading "sky130_fd_sc_hd__o221ai_1".
Reading "sky130_fd_sc_hd__o221ai_2".
Reading "sky130_fd_sc_hd__o221ai_4".
Reading "sky130_fd_sc_hd__o2111a_4".
Reading "sky130_fd_sc_hd__o2111a_2".
Reading "sky130_fd_sc_hd__o2111a_1".
Reading "sky130_fd_sc_hd__o311ai_4".
Reading "sky130_fd_sc_hd__o311ai_2".
Reading "sky130_fd_sc_hd__o311ai_1".
Reading "sky130_fd_sc_hd__o311ai_0".
Reading "sky130_fd_sc_hd__o311a_4".
Reading "sky130_fd_sc_hd__o311a_2".
Reading "sky130_fd_sc_hd__o311a_1".
Reading "sky130_fd_sc_hd__o2111ai_1".
Reading "sky130_fd_sc_hd__o2111ai_2".
Reading "sky130_fd_sc_hd__o2111ai_4".
Reading "sky130_fd_sc_hd__or2_0".
Reading "sky130_fd_sc_hd__or2_1".
Reading "sky130_fd_sc_hd__or2_2".
Reading "sky130_fd_sc_hd__or2_4".
Reading "sky130_fd_sc_hd__or2b_1".
Reading "sky130_fd_sc_hd__or2b_2".
Reading "sky130_fd_sc_hd__or2b_4".
Reading "sky130_fd_sc_hd__or3_1".
Reading "sky130_fd_sc_hd__or3_2".
Reading "sky130_fd_sc_hd__or3_4".
Reading "sky130_fd_sc_hd__or3b_1".
Reading "sky130_fd_sc_hd__or3b_2".
Reading "sky130_fd_sc_hd__or3b_4".
Reading "sky130_fd_sc_hd__or4_1".
Reading "sky130_fd_sc_hd__or4_2".
Reading "sky130_fd_sc_hd__or4_4".
Reading "sky130_fd_sc_hd__or4b_1".
Reading "sky130_fd_sc_hd__or4b_2".
Reading "sky130_fd_sc_hd__or4b_4".
Reading "sky130_fd_sc_hd__or4bb_1".
Reading "sky130_fd_sc_hd__or4bb_2".
Reading "sky130_fd_sc_hd__nor3b_2".
Reading "sky130_fd_sc_hd__nor3b_4".
Reading "sky130_fd_sc_hd__nor4_1".
Reading "sky130_fd_sc_hd__nor4_2".
Reading "sky130_fd_sc_hd__nor4_4".
Reading "sky130_fd_sc_hd__nor4b_1".
Reading "sky130_fd_sc_hd__nor4b_2".
Reading "sky130_fd_sc_hd__nor4b_4".
Reading "sky130_fd_sc_hd__nor4bb_1".
Reading "sky130_fd_sc_hd__nor4bb_2".
Reading "sky130_fd_sc_hd__nor4bb_4".
Moving label "k" from mvpsubdiff to ndiff in cell sky130_fd_sc_hd__nor4bb_4.
Reading "sky130_fd_sc_hd__o2bb2a_1".
Reading "sky130_fd_sc_hd__o2bb2a_2".
Reading "sky130_fd_sc_hd__o2bb2a_4".
Reading "sky130_fd_sc_hd__o2bb2ai_1".
Reading "sky130_fd_sc_hd__o2bb2ai_2".
Reading "sky130_fd_sc_hd__o2bb2ai_4".
Reading "sky130_fd_sc_hd__o21a_1".
Reading "sky130_fd_sc_hd__o21a_2".
Reading "sky130_fd_sc_hd__o21ai_2".
Reading "sky130_fd_sc_hd__o21ai_1".
Reading "sky130_fd_sc_hd__o21ai_0".
Reading "sky130_fd_sc_hd__o21a_4".
Reading "sky130_fd_sc_hd__o21ba_2".
Reading "sky130_fd_sc_hd__o21ba_1".
Reading "sky130_fd_sc_hd__o21ai_4".
Reading "sky130_fd_sc_hd__o21bai_2".
Reading "sky130_fd_sc_hd__o21bai_1".
Reading "sky130_fd_sc_hd__o21ba_4".
Reading "sky130_fd_sc_hd__o21bai_4".
Reading "sky130_fd_sc_hd__o22a_1".
Reading "sky130_fd_sc_hd__o22a_2".
Reading "sky130_fd_sc_hd__o22a_4".
Reading "sky130_fd_sc_hd__o22ai_1".
Reading "sky130_fd_sc_hd__o22ai_2".
Reading "sky130_fd_sc_hd__o22ai_4".
Reading "sky130_fd_sc_hd__o31a_1".
Reading "sky130_fd_sc_hd__o31a_2".
Reading "sky130_fd_sc_hd__o31a_4".
Reading "sky130_fd_sc_hd__o31ai_1".
Reading "sky130_fd_sc_hd__o31ai_2".
Reading "sky130_fd_sc_hd__o31ai_4".
Reading "sky130_fd_sc_hd__o32a_1".
Reading "sky130_fd_sc_hd__o32a_2".
Reading "sky130_fd_sc_hd__o32a_4".
Reading "sky130_fd_sc_hd__o32ai_1".
Reading "sky130_fd_sc_hd__o32ai_2".
Reading "sky130_fd_sc_hd__o32ai_4".
Reading "sky130_fd_sc_hd__o41a_1".
Reading "sky130_fd_sc_hd__o41a_2".
Reading "sky130_fd_sc_hd__lpflow_lsbuf_lh_hl_isowell_tap_1".
CIF file read warning: CIF style sky130(): units rescaled by factor of 5 / 1
Reading "sky130_fd_sc_hd__lpflow_lsbuf_lh_hl_isowell_tap_2".
Reading "sky130_fd_sc_hd__lpflow_lsbuf_lh_hl_isowell_tap_4".
Reading "sky130_fd_sc_hd__lpflow_lsbuf_lh_isowell_4".
Reading "sky130_fd_sc_hd__lpflow_lsbuf_lh_isowell_tap_1".
Reading "sky130_fd_sc_hd__lpflow_lsbuf_lh_isowell_tap_2".
Reading "sky130_fd_sc_hd__lpflow_lsbuf_lh_isowell_tap_4".
Reading "sky130_fd_sc_hd__nor2_2".
Reading "sky130_fd_sc_hd__nand2_2".
Reading "sky130_fd_sc_hd__inv_2".
Reading "sky130_fd_sc_hd__conb_1".
Reading "sky130_fd_sc_hd__macro_sparecell".
Reading "sky130_fd_sc_hd__maj3_1".
Reading "sky130_fd_sc_hd__maj3_2".
Reading "sky130_fd_sc_hd__maj3_4".
Reading "sky130_fd_sc_hd__mux2_1".
Reading "sky130_fd_sc_hd__mux2_2".
Reading "sky130_fd_sc_hd__mux2_4".
Reading "sky130_fd_sc_hd__mux2_8".
Reading "sky130_fd_sc_hd__mux2i_1".
Reading "sky130_fd_sc_hd__mux2i_2".
Reading "sky130_fd_sc_hd__nand2_1".
Reading "sky130_fd_sc_hd__nand2_4".
Reading "sky130_fd_sc_hd__nand2_8".
Reading "sky130_fd_sc_hd__nand2b_1".
Reading "sky130_fd_sc_hd__mux2i_4".
Reading "sky130_fd_sc_hd__mux4_1".
Reading "sky130_fd_sc_hd__mux4_2".
Reading "sky130_fd_sc_hd__mux4_4".
Reading "sky130_fd_sc_hd__nand2b_2".
Reading "sky130_fd_sc_hd__nand2b_4".
Reading "sky130_fd_sc_hd__nand3_1".
Reading "sky130_fd_sc_hd__nand3_2".
Reading "sky130_fd_sc_hd__nand3_4".
Reading "sky130_fd_sc_hd__nand3b_1".
Reading "sky130_fd_sc_hd__nand3b_2".
Reading "sky130_fd_sc_hd__nand3b_4".
Reading "sky130_fd_sc_hd__nand4_1".
Reading "sky130_fd_sc_hd__nand4_2".
Reading "sky130_fd_sc_hd__nand4_4".
Reading "sky130_fd_sc_hd__nand4b_1".
Reading "sky130_fd_sc_hd__nand4b_2".
Reading "sky130_fd_sc_hd__nand4b_4".
Reading "sky130_fd_sc_hd__nand4bb_1".
Reading "sky130_fd_sc_hd__nand4bb_2".
Reading "sky130_fd_sc_hd__nand4bb_4".
Reading "sky130_fd_sc_hd__nor2_1".
Reading "sky130_fd_sc_hd__nor2_4".
Reading "sky130_fd_sc_hd__nor2_8".
Reading "sky130_fd_sc_hd__nor2b_1".
Reading "sky130_fd_sc_hd__nor2b_2".
Reading "sky130_fd_sc_hd__nor2b_4".
Reading "sky130_fd_sc_hd__nor3_1".
Reading "sky130_fd_sc_hd__nor3_2".
Reading "sky130_fd_sc_hd__nor3_4".
Reading "sky130_fd_sc_hd__nor3b_1".
Reading "sky130_fd_sc_hd__einvp_1".
Reading "sky130_fd_sc_hd__einvp_2".
Reading "sky130_fd_sc_hd__einvp_4".
Reading "sky130_fd_sc_hd__einvp_8".
Reading "sky130_fd_sc_hd__fa_1".
Reading "sky130_fd_sc_hd__fa_2".
Reading "sky130_fd_sc_hd__fa_4".
Reading "sky130_fd_sc_hd__fah_1".
Reading "sky130_fd_sc_hd__fahcin_1".
Reading "sky130_fd_sc_hd__fahcon_1".
Reading "sky130_fd_sc_hd__fill_1".
Reading "sky130_fd_sc_hd__fill_2".
Reading "sky130_fd_sc_hd__fill_4".
Reading "sky130_fd_sc_hd__fill_8".
Reading "sky130_fd_sc_hd__ha_1".
Reading "sky130_fd_sc_hd__ha_2".
Reading "sky130_fd_sc_hd__ha_4".
Reading "sky130_fd_sc_hd__inv_1".
Reading "sky130_fd_sc_hd__inv_16".
Reading "sky130_fd_sc_hd__inv_12".
Reading "sky130_fd_sc_hd__inv_8".
Reading "sky130_fd_sc_hd__inv_6".
Reading "sky130_fd_sc_hd__inv_4".
Reading "sky130_fd_sc_hd__lpflow_clkbufkapwr_4".
Reading "sky130_fd_sc_hd__lpflow_clkbufkapwr_2".
Reading "sky130_fd_sc_hd__lpflow_clkbufkapwr_1".
Reading "sky130_fd_sc_hd__lpflow_bleeder_1".
Reading "sky130_fd_sc_hd__lpflow_clkbufkapwr_8".
Reading "sky130_fd_sc_hd__lpflow_clkbufkapwr_16".
Reading "sky130_fd_sc_hd__lpflow_clkinvkapwr_1".
Reading "sky130_fd_sc_hd__lpflow_clkinvkapwr_2".
Reading "sky130_fd_sc_hd__lpflow_clkinvkapwr_4".
Reading "sky130_fd_sc_hd__lpflow_clkinvkapwr_8".
Reading "sky130_fd_sc_hd__lpflow_clkinvkapwr_16".
Reading "sky130_fd_sc_hd__lpflow_decapkapwr_3".
Reading "sky130_fd_sc_hd__lpflow_decapkapwr_4".
Reading "sky130_fd_sc_hd__lpflow_decapkapwr_6".
Reading "sky130_fd_sc_hd__lpflow_inputiso0n_1".
Reading "sky130_fd_sc_hd__lpflow_decapkapwr_12".
Reading "sky130_fd_sc_hd__lpflow_decapkapwr_8".
Reading "sky130_fd_sc_hd__lpflow_inputisolatch_1".
Reading "sky130_fd_sc_hd__lpflow_inputiso1p_1".
Reading "sky130_fd_sc_hd__lpflow_inputiso1n_1".
Reading "sky130_fd_sc_hd__lpflow_inputiso0p_1".
Reading "sky130_fd_sc_hd__lpflow_isobufsrc_4".
Reading "sky130_fd_sc_hd__lpflow_isobufsrc_2".
Reading "sky130_fd_sc_hd__lpflow_isobufsrc_1".
Reading "sky130_fd_sc_hd__lpflow_isobufsrc_8".
Reading "sky130_fd_sc_hd__lpflow_isobufsrc_16".
Reading "sky130_fd_sc_hd__lpflow_isobufsrckapwr_16".
Reading "sky130_fd_sc_hd__dfrtp_2".
Reading "sky130_fd_sc_hd__dfrtp_4".
Reading "sky130_fd_sc_hd__dfsbp_1".
Reading "sky130_fd_sc_hd__dfsbp_2".
Reading "sky130_fd_sc_hd__dfstp_1".
Reading "sky130_fd_sc_hd__dfstp_2".
Reading "sky130_fd_sc_hd__dfstp_4".
Reading "sky130_fd_sc_hd__dfxbp_1".
Reading "sky130_fd_sc_hd__dfxbp_2".
Reading "sky130_fd_sc_hd__dfxtp_1".
Reading "sky130_fd_sc_hd__dfxtp_2".
Reading "sky130_fd_sc_hd__dfxtp_4".
Reading "sky130_fd_sc_hd__diode_2".
Reading "sky130_fd_sc_hd__dlclkp_1".
Reading "sky130_fd_sc_hd__dlclkp_2".
Reading "sky130_fd_sc_hd__dlclkp_4".
Reading "sky130_fd_sc_hd__dlrbn_1".
Reading "sky130_fd_sc_hd__dlrbp_1".
Reading "sky130_fd_sc_hd__dlrtn_1".
Reading "sky130_fd_sc_hd__dlrtn_2".
Reading "sky130_fd_sc_hd__dlrbn_2".
Reading "sky130_fd_sc_hd__dlrbp_2".
Reading "sky130_fd_sc_hd__dlrtn_4".
Reading "sky130_fd_sc_hd__dlrtp_1".
Reading "sky130_fd_sc_hd__dlrtp_2".
Reading "sky130_fd_sc_hd__dlrtp_4".
Reading "sky130_fd_sc_hd__dlxbn_1".
Reading "sky130_fd_sc_hd__dlxbn_2".
Reading "sky130_fd_sc_hd__dlxbp_1".
Reading "sky130_fd_sc_hd__dlxtn_1".
Reading "sky130_fd_sc_hd__dlxtn_2".
Reading "sky130_fd_sc_hd__dlxtn_4".
Reading "sky130_fd_sc_hd__dlxtp_1".
Reading "sky130_fd_sc_hd__dlygate4sd1_1".
Reading "sky130_fd_sc_hd__dlygate4sd2_1".
Reading "sky130_fd_sc_hd__dlygate4sd3_1".
Reading "sky130_fd_sc_hd__dlymetal6s2s_1".
Reading "sky130_fd_sc_hd__dlymetal6s4s_1".
Reading "sky130_fd_sc_hd__dlymetal6s6s_1".
Reading "sky130_fd_sc_hd__ebufn_1".
Reading "sky130_fd_sc_hd__ebufn_2".
Reading "sky130_fd_sc_hd__ebufn_4".
Reading "sky130_fd_sc_hd__einvn_0".
Reading "sky130_fd_sc_hd__einvn_1".
Reading "sky130_fd_sc_hd__einvn_2".
Reading "sky130_fd_sc_hd__einvn_4".
Reading "sky130_fd_sc_hd__ebufn_8".
Reading "sky130_fd_sc_hd__edfxbp_1".
Reading "sky130_fd_sc_hd__edfxtp_1".
Reading "sky130_fd_sc_hd__einvn_8".
Reading "sky130_fd_sc_hd__and4_4".
Reading "sky130_fd_sc_hd__and4b_1".
Reading "sky130_fd_sc_hd__and4b_2".
Reading "sky130_fd_sc_hd__and4b_4".
Reading "sky130_fd_sc_hd__and4bb_1".
Reading "sky130_fd_sc_hd__and4bb_2".
Reading "sky130_fd_sc_hd__and4bb_4".
Reading "sky130_fd_sc_hd__buf_1".
Reading "sky130_fd_sc_hd__buf_2".
Reading "sky130_fd_sc_hd__buf_4".
Reading "sky130_fd_sc_hd__buf_6".
Reading "sky130_fd_sc_hd__buf_8".
Reading "sky130_fd_sc_hd__buf_12".
Reading "sky130_fd_sc_hd__buf_16".
Reading "sky130_fd_sc_hd__bufbuf_8".
Reading "sky130_fd_sc_hd__clkdlybuf4s15_2".
Reading "sky130_fd_sc_hd__clkdlybuf4s15_1".
Reading "sky130_fd_sc_hd__clkbuf_16".
Reading "sky130_fd_sc_hd__clkbuf_8".
Reading "sky130_fd_sc_hd__clkbuf_4".
Reading "sky130_fd_sc_hd__clkbuf_2".
Reading "sky130_fd_sc_hd__clkbuf_1".
Reading "sky130_fd_sc_hd__bufinv_16".
Reading "sky130_fd_sc_hd__bufinv_8".
Reading "sky130_fd_sc_hd__bufbuf_16".
Reading "sky130_fd_sc_hd__clkdlybuf4s18_1".
Reading "sky130_fd_sc_hd__clkdlybuf4s18_2".
Reading "sky130_fd_sc_hd__clkdlybuf4s25_1".
Reading "sky130_fd_sc_hd__clkdlybuf4s25_2".
Reading "sky130_fd_sc_hd__clkdlybuf4s50_1".
Reading "sky130_fd_sc_hd__clkdlybuf4s50_2".
Reading "sky130_fd_sc_hd__clkinv_1".
Reading "sky130_fd_sc_hd__clkinv_2".
Reading "sky130_fd_sc_hd__clkinv_4".
Reading "sky130_fd_sc_hd__dfbbn_1".
Reading "sky130_fd_sc_hd__decap_12".
Reading "sky130_fd_sc_hd__decap_8".
Reading "sky130_fd_sc_hd__decap_6".
Reading "sky130_fd_sc_hd__decap_4".
Reading "sky130_fd_sc_hd__decap_3".
Reading "sky130_fd_sc_hd__clkinvlp_4".
Reading "sky130_fd_sc_hd__clkinvlp_2".
Reading "sky130_fd_sc_hd__clkinv_16".
Reading "sky130_fd_sc_hd__clkinv_8".
Reading "sky130_fd_sc_hd__dfbbn_2".
Reading "sky130_fd_sc_hd__dfbbp_1".
Reading "sky130_fd_sc_hd__dfrbp_1".
Reading "sky130_fd_sc_hd__dfrbp_2".
Reading "sky130_fd_sc_hd__dfrtn_1".
Reading "sky130_fd_sc_hd__dfrtp_1".
Reading "sky130_fd_sc_hd__a32oi_1".
Reading "sky130_fd_sc_hd__a32oi_2".
Reading "sky130_fd_sc_hd__a32oi_4".
Reading "sky130_fd_sc_hd__a41o_1".
Reading "sky130_fd_sc_hd__a41o_2".
Reading "sky130_fd_sc_hd__a41o_4".
Reading "sky130_fd_sc_hd__a41oi_1".
Reading "sky130_fd_sc_hd__a41oi_2".
Reading "sky130_fd_sc_hd__a41oi_4".
Reading "sky130_fd_sc_hd__a221o_4".
Reading "sky130_fd_sc_hd__a221o_2".
Reading "sky130_fd_sc_hd__a221oi_1".
Reading "sky130_fd_sc_hd__a211oi_2".
Reading "sky130_fd_sc_hd__a211oi_1".
Reading "sky130_fd_sc_hd__a211o_4".
Reading "sky130_fd_sc_hd__a211o_2".
Reading "sky130_fd_sc_hd__a211o_1".
Reading "sky130_fd_sc_hd__a221o_1".
Reading "sky130_fd_sc_hd__a211oi_4".
Reading "sky130_fd_sc_hd__a221oi_2".
Reading "sky130_fd_sc_hd__a221oi_4".
Reading "sky130_fd_sc_hd__a222oi_1".
Reading "sky130_fd_sc_hd__a311o_1".
Reading "sky130_fd_sc_hd__a311o_2".
Reading "sky130_fd_sc_hd__a311o_4".
Reading "sky130_fd_sc_hd__a311oi_1".
Reading "sky130_fd_sc_hd__a311oi_2".
Reading "sky130_fd_sc_hd__a311oi_4".
Reading "sky130_fd_sc_hd__a2111o_1".
Reading "sky130_fd_sc_hd__a2111o_2".
Reading "sky130_fd_sc_hd__a2111o_4".
Reading "sky130_fd_sc_hd__a2111oi_0".
Reading "sky130_fd_sc_hd__a2111oi_1".
Reading "sky130_fd_sc_hd__a2111oi_2".
Reading "sky130_fd_sc_hd__a2111oi_4".
Reading "sky130_fd_sc_hd__and2_0".
Reading "sky130_fd_sc_hd__and2_1".
Reading "sky130_fd_sc_hd__and2b_1".
Reading "sky130_fd_sc_hd__and2_4".
Reading "sky130_fd_sc_hd__and2_2".
Reading "sky130_fd_sc_hd__and2b_4".
Reading "sky130_fd_sc_hd__and2b_2".
Reading "sky130_fd_sc_hd__and3_4".
Reading "sky130_fd_sc_hd__and3_2".
Reading "sky130_fd_sc_hd__and3_1".
Reading "sky130_fd_sc_hd__and3b_2".
Reading "sky130_fd_sc_hd__and3b_1".
Reading "sky130_fd_sc_hd__and3b_4".
Reading "sky130_fd_sc_hd__and4_1".
Reading "sky130_fd_sc_hd__and4_2".
Reading "sky130_ef_sc_hd__decap_12".
Reading "sky130_ef_sc_hd__fill_4".
Reading "sky130_ef_sc_hd__fill_8".
Reading "sky130_ef_sc_hd__fill_12".
Reading "sky130_fd_sc_hd__a2bb2o_1".
Reading "sky130_fd_sc_hd__a2bb2o_2".
Reading "sky130_fd_sc_hd__a2bb2o_4".
Reading "sky130_fd_sc_hd__a2bb2oi_1".
Reading "sky130_fd_sc_hd__a2bb2oi_2".
Reading "sky130_fd_sc_hd__a2bb2oi_4".
Reading "sky130_fd_sc_hd__a21bo_1".
Reading "sky130_fd_sc_hd__a21bo_2".
Reading "sky130_fd_sc_hd__a21bo_4".
Reading "sky130_fd_sc_hd__a21boi_0".
Reading "sky130_fd_sc_hd__a21boi_1".
Reading "sky130_fd_sc_hd__a21boi_2".
Reading "sky130_fd_sc_hd__a21boi_4".
Reading "sky130_fd_sc_hd__a21o_1".
Reading "sky130_fd_sc_hd__a21o_2".
Reading "sky130_fd_sc_hd__a22o_1".
Reading "sky130_fd_sc_hd__a21oi_4".
Reading "sky130_fd_sc_hd__a21oi_2".
Reading "sky130_fd_sc_hd__a22oi_2".
Reading "sky130_fd_sc_hd__a22oi_1".
Reading "sky130_fd_sc_hd__a22o_4".
Reading "sky130_fd_sc_hd__a22o_2".
Reading "sky130_fd_sc_hd__a22oi_4".
Reading "sky130_fd_sc_hd__a21oi_1".
Reading "sky130_fd_sc_hd__a21o_4".
Reading "sky130_fd_sc_hd__a31o_1".
Reading "sky130_fd_sc_hd__a31o_2".
Reading "sky130_fd_sc_hd__a31o_4".
Reading "sky130_fd_sc_hd__a31oi_1".
Reading "sky130_fd_sc_hd__a31oi_2".
Reading "sky130_fd_sc_hd__a31oi_4".
Reading "sky130_fd_sc_hd__a32o_1".
Reading "sky130_fd_sc_hd__a32o_2".
Reading "sky130_fd_sc_hd__a32o_4".
Warning: Calma reading is not undoable!  I hope that's OK.
Library written using GDS-II Release 6.0
Library name: DEFAULT.DB
Reading "sky130_sram_1kbyte_1rw1r_32x256_8_contact_11".
Reading "sky130_sram_1kbyte_1rw1r_32x256_8_contact_12".
Reading "sky130_sram_1kbyte_1rw1r_32x256_8_nmos_m1_w0_360_sli_dli_da_p".
Reading "sky130_sram_1kbyte_1rw1r_32x256_8_pmos_m1_w1_120_sli_dli_da_p".
Reading "sky130_sram_1kbyte_1rw1r_32x256_8_contact_15".
Reading "sky130_sram_1kbyte_1rw1r_32x256_8_contact_29".
Reading "sky130_sram_1kbyte_1rw1r_32x256_8_contact_28".
Reading "sky130_sram_1kbyte_1rw1r_32x256_8_nmos_m2_w0_740_sli_dli_da_p".
Reading "sky130_sram_1kbyte_1rw1r_32x256_8_pmos_m2_w1_260_sli_dli_da_p".
Reading "sky130_sram_1kbyte_1rw1r_32x256_8_contact_16".
Reading "sky130_sram_1kbyte_1rw1r_32x256_8_contact_14".
Reading "sky130_sram_1kbyte_1rw1r_32x256_8_contact_13".
Reading "sky130_sram_1kbyte_1rw1r_32x256_8_nmos_m1_w7_000_sli_dli_da_p".
Reading "sky130_sram_1kbyte_1rw1r_32x256_8_pmos_m1_w7_000_sli_dli_da_p".
Reading "sky130_fd_bd_sram__openram_dp_nand3_dec".
Reading "sky130_fd_bd_sram__openram_dp_nand2_dec".
Reading "sky130_sram_1kbyte_1rw1r_32x256_8_pinv_dec".
Reading "sky130_sram_1kbyte_1rw1r_32x256_8_pinv".
Reading "sky130_sram_1kbyte_1rw1r_32x256_8_nmos_m1_w0_740_sactive_dli".
Reading "sky130_sram_1kbyte_1rw1r_32x256_8_nmos_m1_w0_740_sli_dactive".
Reading "sky130_sram_1kbyte_1rw1r_32x256_8_pmos_m1_w1_120_sli_dli".
Reading "sky130_sram_1kbyte_1rw1r_32x256_8_nmos_m18_w2_000_sli_dli_da_p".
Reading "sky130_sram_1kbyte_1rw1r_32x256_8_pmos_m18_w2_000_sli_dli_da_p".
Reading "sky130_sram_1kbyte_1rw1r_32x256_8_nmos_m22_w2_000_sli_dli_da_p".
Reading "sky130_sram_1kbyte_1rw1r_32x256_8_pmos_m22_w2_000_sli_dli_da_p".
Reading "sky130_sram_1kbyte_1rw1r_32x256_8_nmos_m7_w1_680_sli_dli_da_p".
Reading "sky130_sram_1kbyte_1rw1r_32x256_8_pmos_m7_w2_000_sli_dli_da_p".
Reading "sky130_sram_1kbyte_1rw1r_32x256_8_nmos_m3_w1_680_sli_dli_da_p".
Reading "sky130_sram_1kbyte_1rw1r_32x256_8_pmos_m3_w1_680_sli_dli_da_p".
Reading "sky130_sram_1kbyte_1rw1r_32x256_8_pinv_dec_0".
Reading "sky130_sram_1kbyte_1rw1r_32x256_8_and2_dec".
Reading "sky130_sram_1kbyte_1rw1r_32x256_8_contact_20".
Reading "sky130_sram_1kbyte_1rw1r_32x256_8_contact_17".
Reading "sky130_sram_1kbyte_1rw1r_32x256_8_and3_dec".
Reading "sky130_sram_1kbyte_1rw1r_32x256_8_nmos_m1_w2_880_sli_dli".
Reading "sky130_sram_1kbyte_1rw1r_32x256_8_pdriver".
Reading "sky130_sram_1kbyte_1rw1r_32x256_8_pnand2".
Reading "sky130_sram_1kbyte_1rw1r_32x256_8_contact_23".
Reading "sky130_sram_1kbyte_1rw1r_32x256_8_contact_22".
Reading "sky130_sram_1kbyte_1rw1r_32x256_8_contact_21".
Reading "sky130_sram_1kbyte_1rw1r_32x256_8_pmos_m1_w0_550_sli_dli".
Reading "sky130_sram_1kbyte_1rw1r_32x256_8_contact_19".
Reading "sky130_sram_1kbyte_1rw1r_32x256_8_contact_7".
Reading "sky130_sram_1kbyte_1rw1r_32x256_8_nmos_m39_w2_000_sli_dli_da_p".
Reading "sky130_sram_1kbyte_1rw1r_32x256_8_pmos_m39_w2_000_sli_dli_da_p".
Reading "sky130_sram_1kbyte_1rw1r_32x256_8_nmos_m12_w2_000_sli_dli_da_p".
Reading "sky130_sram_1kbyte_1rw1r_32x256_8_pmos_m12_w2_000_sli_dli_da_p".
Reading "sky130_sram_1kbyte_1rw1r_32x256_8_nmos_m4_w1_260_sli_dli_da_p".
Reading "sky130_sram_1kbyte_1rw1r_32x256_8_pmos_m4_w2_000_sli_dli_da_p".
Reading "sky130_sram_1kbyte_1rw1r_32x256_8_pinv_16".
Reading "sky130_sram_1kbyte_1rw1r_32x256_8_pinv_15".
Reading "sky130_sram_1kbyte_1rw1r_32x256_8_nmos_m1_w0_740_sactive_dactive".
Reading "sky130_sram_1kbyte_1rw1r_32x256_8_nmos_m24_w2_000_sli_dli_da_p".
Reading "sky130_sram_1kbyte_1rw1r_32x256_8_pmos_m24_w2_000_sli_dli_da_p".
Reading "sky130_sram_1kbyte_1rw1r_32x256_8_nmos_m8_w2_000_sli_dli_da_p".
Reading "sky130_sram_1kbyte_1rw1r_32x256_8_pmos_m8_w2_000_sli_dli_da_p".
Reading "sky130_sram_1kbyte_1rw1r_32x256_8_nmos_m3_w2_000_sli_dli_da_p".
Reading "sky130_sram_1kbyte_1rw1r_32x256_8_pmos_m3_w2_000_sli_dli_da_p".
Reading "sky130_sram_1kbyte_1rw1r_32x256_8_pinv_3".
Reading "sky130_sram_1kbyte_1rw1r_32x256_8_nmos_m40_w2_000_sli_dli_da_p".
Reading "sky130_sram_1kbyte_1rw1r_32x256_8_pmos_m40_w2_000_sli_dli_da_p".
Reading "sky130_sram_1kbyte_1rw1r_32x256_8_nmos_m13_w2_000_sli_dli_da_p".
Reading "sky130_sram_1kbyte_1rw1r_32x256_8_pmos_m13_w2_000_sli_dli_da_p".
Reading "sky130_sram_1kbyte_1rw1r_32x256_8_nmos_m5_w1_680_sli_dli_da_p".
Reading "sky130_sram_1kbyte_1rw1r_32x256_8_pmos_m5_w2_000_sli_dli_da_p".
Reading "sky130_sram_1kbyte_1rw1r_32x256_8_nmos_m2_w1_260_sli_dli_da_p".
Reading "sky130_sram_1kbyte_1rw1r_32x256_8_pmos_m2_w2_000_sli_dli_da_p".
Reading "sky130_fd_bd_sram__openram_dff".
Reading "sky130_sram_1kbyte_1rw1r_32x256_8_pinv_2".
Reading "sky130_sram_1kbyte_1rw1r_32x256_8_pinv_1".
Reading "sky130_sram_1kbyte_1rw1r_32x256_8_wordline_driver".
Reading "sky130_sram_1kbyte_1rw1r_32x256_8_hierarchical_predecode3x8".
Reading "sky130_sram_1kbyte_1rw1r_32x256_8_hierarchical_predecode2x4".
Reading "sky130_sram_1kbyte_1rw1r_32x256_8_column_mux_0".
Reading "sky130_sram_1kbyte_1rw1r_32x256_8_precharge_1".
Reading "sky130_sram_1kbyte_1rw1r_32x256_8_contact_27".
Reading "sky130_sram_1kbyte_1rw1r_32x256_8_contact_26".
Reading "sky130_sram_1kbyte_1rw1r_32x256_8_contact_25".
Reading "sky130_sram_1kbyte_1rw1r_32x256_8_contact_24".
Reading "sky130_sram_1kbyte_1rw1r_32x256_8_column_mux".
Reading "sky130_sram_1kbyte_1rw1r_32x256_8_pand2".
Reading "sky130_fd_bd_sram__openram_write_driver".
Reading "sky130_fd_bd_sram__openram_sense_amp".
Reading "sky130_sram_1kbyte_1rw1r_32x256_8_precharge_0".
Reading "sky130_fd_bd_sram__openram_dp_cell_cap_row".
Error while reading cell "sky130_fd_bd_sram__openram_dp_cell_cap_row" (byte position 258016): Unknown layer/datatype in boundary, layer=33 type=42
Error while reading cell "sky130_fd_bd_sram__openram_dp_cell_cap_row" (byte position 258720): Unknown layer/datatype in boundary, layer=33 type=43
Error while reading cell "sky130_fd_bd_sram__openram_dp_cell_cap_row" (byte position 259680): Unknown layer/datatype in boundary, layer=22 type=21
Reading "sky130_fd_bd_sram__openram_dp_cell_dummy".
Error while reading cell "sky130_fd_bd_sram__openram_dp_cell_dummy" (byte position 268684): Unknown layer/datatype in boundary, layer=33 type=42
Error while reading cell "sky130_fd_bd_sram__openram_dp_cell_dummy" (byte position 272460): Unknown layer/datatype in boundary, layer=33 type=43
Error while reading cell "sky130_fd_bd_sram__openram_dp_cell_dummy" (byte position 276652): Unknown layer/datatype in boundary, layer=22 type=21
Error while reading cell "sky130_fd_bd_sram__openram_dp_cell_dummy" (byte position 281452): Unknown layer/datatype in boundary, layer=22 type=22
Error while reading cell "sky130_fd_bd_sram__openram_dp_cell_dummy" (byte position 283500): Unknown layer/datatype in boundary, layer=235 type=0
Reading "sky130_fd_bd_sram__openram_dp_cell_replica".
Error while reading cell "sky130_fd_bd_sram__openram_dp_cell_replica" (byte position 294780): Unknown layer/datatype in boundary, layer=33 type=42
Error while reading cell "sky130_fd_bd_sram__openram_dp_cell_replica" (byte position 298556): Unknown layer/datatype in boundary, layer=33 type=43
Error while reading cell "sky130_fd_bd_sram__openram_dp_cell_replica" (byte position 302748): Unknown layer/datatype in boundary, layer=22 type=21
Error while reading cell "sky130_fd_bd_sram__openram_dp_cell_replica" (byte position 309212): Unknown layer/datatype in boundary, layer=22 type=22
Error while reading cell "sky130_fd_bd_sram__openram_dp_cell_replica" (byte position 311388): Unknown layer/datatype in boundary, layer=235 type=0
Reading "sky130_fd_bd_sram__openram_dp_cell_cap_col".
Reading "sky130_fd_bd_sram__openram_dp_cell".
Error while reading cell "sky130_fd_bd_sram__openram_dp_cell" (byte position 325430): Unknown layer/datatype in boundary, layer=33 type=42
Error while reading cell "sky130_fd_bd_sram__openram_dp_cell" (byte position 329206): Unknown layer/datatype in boundary, layer=33 type=43
Error while reading cell "sky130_fd_bd_sram__openram_dp_cell" (byte position 333398): Unknown layer/datatype in boundary, layer=22 type=21
Error while reading cell "sky130_fd_bd_sram__openram_dp_cell" (byte position 339862): Unknown layer/datatype in boundary, layer=22 type=22
Error while reading cell "sky130_fd_bd_sram__openram_dp_cell" (byte position 342038): Unknown layer/datatype in boundary, layer=235 type=0
Reading "sky130_sram_1kbyte_1rw1r_32x256_8_pinv_20".
Reading "sky130_sram_1kbyte_1rw1r_32x256_8_pinv_18".
Reading "sky130_sram_1kbyte_1rw1r_32x256_8_pinv_17".
Reading "sky130_sram_1kbyte_1rw1r_32x256_8_pinv_19".
Reading "sky130_sram_1kbyte_1rw1r_32x256_8_pdriver_4".
Reading "sky130_sram_1kbyte_1rw1r_32x256_8_pdriver_3".
Reading "sky130_sram_1kbyte_1rw1r_32x256_8_pnand3".
Reading "sky130_sram_1kbyte_1rw1r_32x256_8_pinv_14".
Reading "sky130_sram_1kbyte_1rw1r_32x256_8_pinv_13".
Reading "sky130_sram_1kbyte_1rw1r_32x256_8_pinv_12".
Reading "sky130_sram_1kbyte_1rw1r_32x256_8_pinv_11".
Reading "sky130_sram_1kbyte_1rw1r_32x256_8_pdriver_0".
Reading "sky130_sram_1kbyte_1rw1r_32x256_8_pnand2_0".
Reading "sky130_sram_1kbyte_1rw1r_32x256_8_pinv_10".
Reading "sky130_sram_1kbyte_1rw1r_32x256_8_pinv_9".
Reading "sky130_sram_1kbyte_1rw1r_32x256_8_pinv_8".
Reading "sky130_sram_1kbyte_1rw1r_32x256_8_pinv_7".
Reading "sky130_sram_1kbyte_1rw1r_32x256_8_pinv_6".
Reading "sky130_sram_1kbyte_1rw1r_32x256_8_dff_buf_0".
Reading "sky130_sram_1kbyte_1rw1r_32x256_8_pinv_0".
Reading "sky130_sram_1kbyte_1rw1r_32x256_8_and2_dec_0".
Reading "sky130_sram_1kbyte_1rw1r_32x256_8_wordline_driver_array".
Reading "sky130_sram_1kbyte_1rw1r_32x256_8_hierarchical_decoder".
Reading "sky130_sram_1kbyte_1rw1r_32x256_8_column_mux_array_0".
Reading "sky130_sram_1kbyte_1rw1r_32x256_8_precharge_array_0".
Reading "sky130_sram_1kbyte_1rw1r_32x256_8_column_mux_array".
Reading "sky130_sram_1kbyte_1rw1r_32x256_8_write_mask_and_array".
Error while reading cell "sky130_sram_1kbyte_1rw1r_32x256_8_write_mask_and_array" (byte position 1112104): Warning: cell "sky130_sram_1kbyte_1rw1r_32x256_8_contact_14" placed on top of itself.  Ignoring the extra one.
Error while reading cell "sky130_sram_1kbyte_1rw1r_32x256_8_write_mask_and_array" (byte position 1112400): Warning: cell "sky130_sram_1kbyte_1rw1r_32x256_8_contact_14" placed on top of itself.  Ignoring the extra one.
Error while reading cell "sky130_sram_1kbyte_1rw1r_32x256_8_write_mask_and_array" (byte position 1112696): Warning: cell "sky130_sram_1kbyte_1rw1r_32x256_8_contact_14" placed on top of itself.  Ignoring the extra one.
Error while reading cell "sky130_sram_1kbyte_1rw1r_32x256_8_write_mask_and_array" (byte position 1112992): Warning: cell "sky130_sram_1kbyte_1rw1r_32x256_8_contact_14" placed on top of itself.  Ignoring the extra one.
Reading "sky130_sram_1kbyte_1rw1r_32x256_8_write_driver_array".
Reading "sky130_sram_1kbyte_1rw1r_32x256_8_sense_amp_array".
Reading "sky130_sram_1kbyte_1rw1r_32x256_8_precharge_array".
Reading "sky130_sram_1kbyte_1rw1r_32x256_8_contact_9".
Reading "sky130_sram_1kbyte_1rw1r_32x256_8_contact_8".
Reading "sky130_sram_1kbyte_1rw1r_32x256_8_row_cap_array_0".
Error while reading cell "sky130_sram_1kbyte_1rw1r_32x256_8_row_cap_array_0" (byte position 1374682): Warning: cell "sky130_sram_1kbyte_1rw1r_32x256_8_contact_7" placed on top of itself.  Ignoring the extra one.
Error while reading cell "sky130_sram_1kbyte_1rw1r_32x256_8_row_cap_array_0" (byte position 1377824): Warning: cell "sky130_sram_1kbyte_1rw1r_32x256_8_contact_7" placed on top of itself.  Ignoring the extra one.
Error while reading cell "sky130_sram_1kbyte_1rw1r_32x256_8_row_cap_array_0" (byte position 1378120): Warning: cell "sky130_sram_1kbyte_1rw1r_32x256_8_contact_7" placed on top of itself.  Ignoring the extra one.
Error while reading cell "sky130_sram_1kbyte_1rw1r_32x256_8_row_cap_array_0" (byte position 1378416): Warning: cell "sky130_sram_1kbyte_1rw1r_32x256_8_contact_7" placed on top of itself.  Ignoring the extra one.
Error while reading cell "sky130_sram_1kbyte_1rw1r_32x256_8_row_cap_array_0" (byte position 1378712): Warning: cell "sky130_sram_1kbyte_1rw1r_32x256_8_contact_7" placed on top of itself.  Ignoring the extra one.
Error while reading cell "sky130_sram_1kbyte_1rw1r_32x256_8_row_cap_array_0" (byte position 1379008): Warning: cell "sky130_sram_1kbyte_1rw1r_32x256_8_contact_7" placed on top of itself.  Ignoring the extra one.
Error while reading cell "sky130_sram_1kbyte_1rw1r_32x256_8_row_cap_array_0" (byte position 1379304): Warning: cell "sky130_sram_1kbyte_1rw1r_32x256_8_contact_7" placed on top of itself.  Ignoring the extra one.
Error while reading cell "sky130_sram_1kbyte_1rw1r_32x256_8_row_cap_array_0" (byte position 1379600): Warning: cell "sky130_sram_1kbyte_1rw1r_32x256_8_contact_7" placed on top of itself.  Ignoring the extra one.
Error while reading cell "sky130_sram_1kbyte_1rw1r_32x256_8_row_cap_array_0" (byte position 1379896): Warning: cell "sky130_sram_1kbyte_1rw1r_32x256_8_contact_7" placed on top of itself.  Ignoring the extra one.
Error while reading cell "sky130_sram_1kbyte_1rw1r_32x256_8_row_cap_array_0" (byte position 1380192): Warning: cell "sky130_sram_1kbyte_1rw1r_32x256_8_contact_7" placed on top of itself.  Ignoring the extra one.
Error while reading cell "sky130_sram_1kbyte_1rw1r_32x256_8_row_cap_array_0" (byte position 1380488): Warning: cell "sky130_sram_1kbyte_1rw1r_32x256_8_contact_7" placed on top of itself.  Ignoring the extra one.
Error while reading cell "sky130_sram_1kbyte_1rw1r_32x256_8_row_cap_array_0" (byte position 1380784): Warning: cell "sky130_sram_1kbyte_1rw1r_32x256_8_contact_7" placed on top of itself.  Ignoring the extra one.
Error while reading cell "sky130_sram_1kbyte_1rw1r_32x256_8_row_cap_array_0" (byte position 1381080): Warning: cell "sky130_sram_1kbyte_1rw1r_32x256_8_contact_7" placed on top of itself.  Ignoring the extra one.
Error while reading cell "sky130_sram_1kbyte_1rw1r_32x256_8_row_cap_array_0" (byte position 1381376): Warning: cell "sky130_sram_1kbyte_1rw1r_32x256_8_contact_7" placed on top of itself.  Ignoring the extra one.
Error while reading cell "sky130_sram_1kbyte_1rw1r_32x256_8_row_cap_array_0" (byte position 1381672): Warning: cell "sky130_sram_1kbyte_1rw1r_32x256_8_contact_7" placed on top of itself.  Ignoring the extra one.
Error while reading cell "sky130_sram_1kbyte_1rw1r_32x256_8_row_cap_array_0" (byte position 1381968): Warning: cell "sky130_sram_1kbyte_1rw1r_32x256_8_contact_7" placed on top of itself.  Ignoring the extra one.
Error while reading cell "sky130_sram_1kbyte_1rw1r_32x256_8_row_cap_array_0" (byte position 1382486): Warning: cell "sky130_sram_1kbyte_1rw1r_32x256_8_contact_7" placed on top of itself.  Ignoring the extra one.
Error while reading cell "sky130_sram_1kbyte_1rw1r_32x256_8_row_cap_array_0" (byte position 1382782): Warning: cell "sky130_sram_1kbyte_1rw1r_32x256_8_contact_7" placed on top of itself.  Ignoring the extra one.
Error while reading cell "sky130_sram_1kbyte_1rw1r_32x256_8_row_cap_array_0" (byte position 1383078): Warning: cell "sky130_sram_1kbyte_1rw1r_32x256_8_contact_7" placed on top of itself.  Ignoring the extra one.
Error while reading cell "sky130_sram_1kbyte_1rw1r_32x256_8_row_cap_array_0" (byte position 1383374): Warning: cell "sky130_sram_1kbyte_1rw1r_32x256_8_contact_7" placed on top of itself.  Ignoring the extra one.
Error while reading cell "sky130_sram_1kbyte_1rw1r_32x256_8_row_cap_array_0" (byte position 1383670): Warning: cell "sky130_sram_1kbyte_1rw1r_32x256_8_contact_7" placed on top of itself.  Ignoring the extra one.
Error while reading cell "sky130_sram_1kbyte_1rw1r_32x256_8_row_cap_array_0" (byte position 1383966): Warning: cell "sky130_sram_1kbyte_1rw1r_32x256_8_contact_7" placed on top of itself.  Ignoring the extra one.
Error while reading cell "sky130_sram_1kbyte_1rw1r_32x256_8_row_cap_array_0" (byte position 1384262): Warning: cell "sky130_sram_1kbyte_1rw1r_32x256_8_contact_7" placed on top of itself.  Ignoring the extra one.
Error while reading cell "sky130_sram_1kbyte_1rw1r_32x256_8_row_cap_array_0" (byte position 1384568): Warning: cell "sky130_sram_1kbyte_1rw1r_32x256_8_contact_7" placed on top of itself.  Ignoring the extra one.
Error while reading cell "sky130_sram_1kbyte_1rw1r_32x256_8_row_cap_array_0" (byte position 1387458): Warning: cell "sky130_sram_1kbyte_1rw1r_32x256_8_contact_7" placed on top of itself.  Ignoring the extra one.
Error while reading cell "sky130_sram_1kbyte_1rw1r_32x256_8_row_cap_array_0" (byte position 1387754): Warning: cell "sky130_sram_1kbyte_1rw1r_32x256_8_contact_7" placed on top of itself.  Ignoring the extra one.
Error while reading cell "sky130_sram_1kbyte_1rw1r_32x256_8_row_cap_array_0" (byte position 1388050): Warning: cell "sky130_sram_1kbyte_1rw1r_32x256_8_contact_7" placed on top of itself.  Ignoring the extra one.
Error while reading cell "sky130_sram_1kbyte_1rw1r_32x256_8_row_cap_array_0" (byte position 1388346): Warning: cell "sky130_sram_1kbyte_1rw1r_32x256_8_contact_7" placed on top of itself.  Ignoring the extra one.
Error while reading cell "sky130_sram_1kbyte_1rw1r_32x256_8_row_cap_array_0" (byte position 1388642): Warning: cell "sky130_sram_1kbyte_1rw1r_32x256_8_contact_7" placed on top of itself.  Ignoring the extra one.
Error while reading cell "sky130_sram_1kbyte_1rw1r_32x256_8_row_cap_array_0" (byte position 1388938): Warning: cell "sky130_sram_1kbyte_1rw1r_32x256_8_contact_7" placed on top of itself.  Ignoring the extra one.
Error while reading cell "sky130_sram_1kbyte_1rw1r_32x256_8_row_cap_array_0" (byte position 1389234): Warning: cell "sky130_sram_1kbyte_1rw1r_32x256_8_contact_7" placed on top of itself.  Ignoring the extra one.
Error while reading cell "sky130_sram_1kbyte_1rw1r_32x256_8_row_cap_array_0" (byte position 1389382): Warning: cell "sky130_sram_1kbyte_1rw1r_32x256_8_contact_7" placed on top of itself.  Ignoring the extra one.
Error while reading cell "sky130_sram_1kbyte_1rw1r_32x256_8_row_cap_array_0" (byte position 1389836): Warning: cell "sky130_sram_1kbyte_1rw1r_32x256_8_contact_7" placed on top of itself.  Ignoring the extra one.
Error while reading cell "sky130_sram_1kbyte_1rw1r_32x256_8_row_cap_array_0" (byte position 1390132): Warning: cell "sky130_sram_1kbyte_1rw1r_32x256_8_contact_7" placed on top of itself.  Ignoring the extra one.
Error while reading cell "sky130_sram_1kbyte_1rw1r_32x256_8_row_cap_array_0" (byte position 1390428): Warning: cell "sky130_sram_1kbyte_1rw1r_32x256_8_contact_7" placed on top of itself.  Ignoring the extra one.
Error while reading cell "sky130_sram_1kbyte_1rw1r_32x256_8_row_cap_array_0" (byte position 1390724): Warning: cell "sky130_sram_1kbyte_1rw1r_32x256_8_contact_7" placed on top of itself.  Ignoring the extra one.
Error while reading cell "sky130_sram_1kbyte_1rw1r_32x256_8_row_cap_array_0" (byte position 1391020): Warning: cell "sky130_sram_1kbyte_1rw1r_32x256_8_contact_7" placed on top of itself.  Ignoring the extra one.
Error while reading cell "sky130_sram_1kbyte_1rw1r_32x256_8_row_cap_array_0" (byte position 1391316): Warning: cell "sky130_sram_1kbyte_1rw1r_32x256_8_contact_7" placed on top of itself.  Ignoring the extra one.
Error while reading cell "sky130_sram_1kbyte_1rw1r_32x256_8_row_cap_array_0" (byte position 1391612): Warning: cell "sky130_sram_1kbyte_1rw1r_32x256_8_contact_7" placed on top of itself.  Ignoring the extra one.
Error while reading cell "sky130_sram_1kbyte_1rw1r_32x256_8_row_cap_array_0" (byte position 1391908): Warning: cell "sky130_sram_1kbyte_1rw1r_32x256_8_contact_7" placed on top of itself.  Ignoring the extra one.
Error while reading cell "sky130_sram_1kbyte_1rw1r_32x256_8_row_cap_array_0" (byte position 1392204): Warning: cell "sky130_sram_1kbyte_1rw1r_32x256_8_contact_7" placed on top of itself.  Ignoring the extra one.
Error while reading cell "sky130_sram_1kbyte_1rw1r_32x256_8_row_cap_array_0" (byte position 1392500): Warning: cell "sky130_sram_1kbyte_1rw1r_32x256_8_contact_7" placed on top of itself.  Ignoring the extra one.
Error while reading cell "sky130_sram_1kbyte_1rw1r_32x256_8_row_cap_array_0" (byte position 1392796): Warning: cell "sky130_sram_1kbyte_1rw1r_32x256_8_contact_7" placed on top of itself.  Ignoring the extra one.
Error while reading cell "sky130_sram_1kbyte_1rw1r_32x256_8_row_cap_array_0" (byte position 1393092): Warning: cell "sky130_sram_1kbyte_1rw1r_32x256_8_contact_7" placed on top of itself.  Ignoring the extra one.
Error while reading cell "sky130_sram_1kbyte_1rw1r_32x256_8_row_cap_array_0" (byte position 1393388): Warning: cell "sky130_sram_1kbyte_1rw1r_32x256_8_contact_7" placed on top of itself.  Ignoring the extra one.
Error while reading cell "sky130_sram_1kbyte_1rw1r_32x256_8_row_cap_array_0" (byte position 1393684): Warning: cell "sky130_sram_1kbyte_1rw1r_32x256_8_contact_7" placed on top of itself.  Ignoring the extra one.
Error while reading cell "sky130_sram_1kbyte_1rw1r_32x256_8_row_cap_array_0" (byte position 1393980): Warning: cell "sky130_sram_1kbyte_1rw1r_32x256_8_contact_7" placed on top of itself.  Ignoring the extra one.
Error while reading cell "sky130_sram_1kbyte_1rw1r_32x256_8_row_cap_array_0" (byte position 1396880): Warning: cell "sky130_sram_1kbyte_1rw1r_32x256_8_contact_7" placed on top of itself.  Ignoring the extra one.
Error while reading cell "sky130_sram_1kbyte_1rw1r_32x256_8_row_cap_array_0" (byte position 1399834): Warning: cell "sky130_sram_1kbyte_1rw1r_32x256_8_contact_7" placed on top of itself.  Ignoring the extra one.
Error while reading cell "sky130_sram_1kbyte_1rw1r_32x256_8_row_cap_array_0" (byte position 1400130): Warning: cell "sky130_sram_1kbyte_1rw1r_32x256_8_contact_7" placed on top of itself.  Ignoring the extra one.
Error while reading cell "sky130_sram_1kbyte_1rw1r_32x256_8_row_cap_array_0" (byte position 1400426): Warning: cell "sky130_sram_1kbyte_1rw1r_32x256_8_contact_7" placed on top of itself.  Ignoring the extra one.
Error while reading cell "sky130_sram_1kbyte_1rw1r_32x256_8_row_cap_array_0" (byte position 1400722): Warning: cell "sky130_sram_1kbyte_1rw1r_32x256_8_contact_7" placed on top of itself.  Ignoring the extra one.
Error while reading cell "sky130_sram_1kbyte_1rw1r_32x256_8_row_cap_array_0" (byte position 1401018): Warning: cell "sky130_sram_1kbyte_1rw1r_32x256_8_contact_7" placed on top of itself.  Ignoring the extra one.
Error while reading cell "sky130_sram_1kbyte_1rw1r_32x256_8_row_cap_array_0" (byte position 1401314): Warning: cell "sky130_sram_1kbyte_1rw1r_32x256_8_contact_7" placed on top of itself.  Ignoring the extra one.
Error while reading cell "sky130_sram_1kbyte_1rw1r_32x256_8_row_cap_array_0" (byte position 1401610): Warning: cell "sky130_sram_1kbyte_1rw1r_32x256_8_contact_7" placed on top of itself.  Ignoring the extra one.
Error while reading cell "sky130_sram_1kbyte_1rw1r_32x256_8_row_cap_array_0" (byte position 1401906): Warning: cell "sky130_sram_1kbyte_1rw1r_32x256_8_contact_7" placed on top of itself.  Ignoring the extra one.
Error while reading cell "sky130_sram_1kbyte_1rw1r_32x256_8_row_cap_array_0" (byte position 1402202): Warning: cell "sky130_sram_1kbyte_1rw1r_32x256_8_contact_7" placed on top of itself.  Ignoring the extra one.
Error while reading cell "sky130_sram_1kbyte_1rw1r_32x256_8_row_cap_array_0" (byte position 1402498): Warning: cell "sky130_sram_1kbyte_1rw1r_32x256_8_contact_7" placed on top of itself.  Ignoring the extra one.
Error while reading cell "sky130_sram_1kbyte_1rw1r_32x256_8_row_cap_array_0" (byte position 1402794): Warning: cell "sky130_sram_1kbyte_1rw1r_32x256_8_contact_7" placed on top of itself.  Ignoring the extra one.
Error while reading cell "sky130_sram_1kbyte_1rw1r_32x256_8_row_cap_array_0" (byte position 1403090): Warning: cell "sky130_sram_1kbyte_1rw1r_32x256_8_contact_7" placed on top of itself.  Ignoring the extra one.
Error while reading cell "sky130_sram_1kbyte_1rw1r_32x256_8_row_cap_array_0" (byte position 1403386): Warning: cell "sky130_sram_1kbyte_1rw1r_32x256_8_contact_7" placed on top of itself.  Ignoring the extra one.
Error while reading cell "sky130_sram_1kbyte_1rw1r_32x256_8_row_cap_array_0" (byte position 1403682): Warning: cell "sky130_sram_1kbyte_1rw1r_32x256_8_contact_7" placed on top of itself.  Ignoring the extra one.
Error while reading cell "sky130_sram_1kbyte_1rw1r_32x256_8_row_cap_array_0" (byte position 1403978): Warning: cell "sky130_sram_1kbyte_1rw1r_32x256_8_contact_7" placed on top of itself.  Ignoring the extra one.
Reading "sky130_sram_1kbyte_1rw1r_32x256_8_row_cap_array".
Error while reading cell "sky130_sram_1kbyte_1rw1r_32x256_8_row_cap_array" (byte position 1483488): Warning: cell "sky130_sram_1kbyte_1rw1r_32x256_8_contact_7" placed on top of itself.  Ignoring the extra one.
Error while reading cell "sky130_sram_1kbyte_1rw1r_32x256_8_row_cap_array" (byte position 1486234): Warning: cell "sky130_sram_1kbyte_1rw1r_32x256_8_contact_7" placed on top of itself.  Ignoring the extra one.
Error while reading cell "sky130_sram_1kbyte_1rw1r_32x256_8_row_cap_array" (byte position 1486530): Warning: cell "sky130_sram_1kbyte_1rw1r_32x256_8_contact_7" placed on top of itself.  Ignoring the extra one.
Error while reading cell "sky130_sram_1kbyte_1rw1r_32x256_8_row_cap_array" (byte position 1486826): Warning: cell "sky130_sram_1kbyte_1rw1r_32x256_8_contact_7" placed on top of itself.  Ignoring the extra one.
Error while reading cell "sky130_sram_1kbyte_1rw1r_32x256_8_row_cap_array" (byte position 1487122): Warning: cell "sky130_sram_1kbyte_1rw1r_32x256_8_contact_7" placed on top of itself.  Ignoring the extra one.
Error while reading cell "sky130_sram_1kbyte_1rw1r_32x256_8_row_cap_array" (byte position 1487418): Warning: cell "sky130_sram_1kbyte_1rw1r_32x256_8_contact_7" placed on top of itself.  Ignoring the extra one.
Error while reading cell "sky130_sram_1kbyte_1rw1r_32x256_8_row_cap_array" (byte position 1487714): Warning: cell "sky130_sram_1kbyte_1rw1r_32x256_8_contact_7" placed on top of itself.  Ignoring the extra one.
Error while reading cell "sky130_sram_1kbyte_1rw1r_32x256_8_row_cap_array" (byte position 1488010): Warning: cell "sky130_sram_1kbyte_1rw1r_32x256_8_contact_7" placed on top of itself.  Ignoring the extra one.
Error while reading cell "sky130_sram_1kbyte_1rw1r_32x256_8_row_cap_array" (byte position 1488306): Warning: cell "sky130_sram_1kbyte_1rw1r_32x256_8_contact_7" placed on top of itself.  Ignoring the extra one.
Error while reading cell "sky130_sram_1kbyte_1rw1r_32x256_8_row_cap_array" (byte position 1488602): Warning: cell "sky130_sram_1kbyte_1rw1r_32x256_8_contact_7" placed on top of itself.  Ignoring the extra one.
Error while reading cell "sky130_sram_1kbyte_1rw1r_32x256_8_row_cap_array" (byte position 1488898): Warning: cell "sky130_sram_1kbyte_1rw1r_32x256_8_contact_7" placed on top of itself.  Ignoring the extra one.
Error while reading cell "sky130_sram_1kbyte_1rw1r_32x256_8_row_cap_array" (byte position 1489194): Warning: cell "sky130_sram_1kbyte_1rw1r_32x256_8_contact_7" placed on top of itself.  Ignoring the extra one.
Error while reading cell "sky130_sram_1kbyte_1rw1r_32x256_8_row_cap_array" (byte position 1489490): Warning: cell "sky130_sram_1kbyte_1rw1r_32x256_8_contact_7" placed on top of itself.  Ignoring the extra one.
Error while reading cell "sky130_sram_1kbyte_1rw1r_32x256_8_row_cap_array" (byte position 1489786): Warning: cell "sky130_sram_1kbyte_1rw1r_32x256_8_contact_7" placed on top of itself.  Ignoring the extra one.
Error while reading cell "sky130_sram_1kbyte_1rw1r_32x256_8_row_cap_array" (byte position 1490082): Warning: cell "sky130_sram_1kbyte_1rw1r_32x256_8_contact_7" placed on top of itself.  Ignoring the extra one.
Error while reading cell "sky130_sram_1kbyte_1rw1r_32x256_8_row_cap_array" (byte position 1490378): Warning: cell "sky130_sram_1kbyte_1rw1r_32x256_8_contact_7" placed on top of itself.  Ignoring the extra one.
Error while reading cell "sky130_sram_1kbyte_1rw1r_32x256_8_row_cap_array" (byte position 1490896): Warning: cell "sky130_sram_1kbyte_1rw1r_32x256_8_contact_7" placed on top of itself.  Ignoring the extra one.
Error while reading cell "sky130_sram_1kbyte_1rw1r_32x256_8_row_cap_array" (byte position 1491192): Warning: cell "sky130_sram_1kbyte_1rw1r_32x256_8_contact_7" placed on top of itself.  Ignoring the extra one.
Error while reading cell "sky130_sram_1kbyte_1rw1r_32x256_8_row_cap_array" (byte position 1491488): Warning: cell "sky130_sram_1kbyte_1rw1r_32x256_8_contact_7" placed on top of itself.  Ignoring the extra one.
Error while reading cell "sky130_sram_1kbyte_1rw1r_32x256_8_row_cap_array" (byte position 1491784): Warning: cell "sky130_sram_1kbyte_1rw1r_32x256_8_contact_7" placed on top of itself.  Ignoring the extra one.
Error while reading cell "sky130_sram_1kbyte_1rw1r_32x256_8_row_cap_array" (byte position 1492080): Warning: cell "sky130_sram_1kbyte_1rw1r_32x256_8_contact_7" placed on top of itself.  Ignoring the extra one.
Error while reading cell "sky130_sram_1kbyte_1rw1r_32x256_8_row_cap_array" (byte position 1492376): Warning: cell "sky130_sram_1kbyte_1rw1r_32x256_8_contact_7" placed on top of itself.  Ignoring the extra one.
Error while reading cell "sky130_sram_1kbyte_1rw1r_32x256_8_row_cap_array" (byte position 1492672): Warning: cell "sky130_sram_1kbyte_1rw1r_32x256_8_contact_7" placed on top of itself.  Ignoring the extra one.
Error while reading cell "sky130_sram_1kbyte_1rw1r_32x256_8_row_cap_array" (byte position 1492966): Warning: cell "sky130_sram_1kbyte_1rw1r_32x256_8_contact_7" placed on top of itself.  Ignoring the extra one.
Error while reading cell "sky130_sram_1kbyte_1rw1r_32x256_8_row_cap_array" (byte position 1495496): Warning: cell "sky130_sram_1kbyte_1rw1r_32x256_8_contact_7" placed on top of itself.  Ignoring the extra one.
Error while reading cell "sky130_sram_1kbyte_1rw1r_32x256_8_row_cap_array" (byte position 1495792): Warning: cell "sky130_sram_1kbyte_1rw1r_32x256_8_contact_7" placed on top of itself.  Ignoring the extra one.
Error while reading cell "sky130_sram_1kbyte_1rw1r_32x256_8_row_cap_array" (byte position 1496088): Warning: cell "sky130_sram_1kbyte_1rw1r_32x256_8_contact_7" placed on top of itself.  Ignoring the extra one.
Error while reading cell "sky130_sram_1kbyte_1rw1r_32x256_8_row_cap_array" (byte position 1496384): Warning: cell "sky130_sram_1kbyte_1rw1r_32x256_8_contact_7" placed on top of itself.  Ignoring the extra one.
Error while reading cell "sky130_sram_1kbyte_1rw1r_32x256_8_row_cap_array" (byte position 1496680): Warning: cell "sky130_sram_1kbyte_1rw1r_32x256_8_contact_7" placed on top of itself.  Ignoring the extra one.
Error while reading cell "sky130_sram_1kbyte_1rw1r_32x256_8_row_cap_array" (byte position 1496976): Warning: cell "sky130_sram_1kbyte_1rw1r_32x256_8_contact_7" placed on top of itself.  Ignoring the extra one.
Error while reading cell "sky130_sram_1kbyte_1rw1r_32x256_8_row_cap_array" (byte position 1497272): Warning: cell "sky130_sram_1kbyte_1rw1r_32x256_8_contact_7" placed on top of itself.  Ignoring the extra one.
Error while reading cell "sky130_sram_1kbyte_1rw1r_32x256_8_row_cap_array" (byte position 1497420): Warning: cell "sky130_sram_1kbyte_1rw1r_32x256_8_contact_7" placed on top of itself.  Ignoring the extra one.
Error while reading cell "sky130_sram_1kbyte_1rw1r_32x256_8_row_cap_array" (byte position 1497862): Warning: cell "sky130_sram_1kbyte_1rw1r_32x256_8_contact_7" placed on top of itself.  Ignoring the extra one.
Error while reading cell "sky130_sram_1kbyte_1rw1r_32x256_8_row_cap_array" (byte position 1498158): Warning: cell "sky130_sram_1kbyte_1rw1r_32x256_8_contact_7" placed on top of itself.  Ignoring the extra one.
Error while reading cell "sky130_sram_1kbyte_1rw1r_32x256_8_row_cap_array" (byte position 1498454): Warning: cell "sky130_sram_1kbyte_1rw1r_32x256_8_contact_7" placed on top of itself.  Ignoring the extra one.
Error while reading cell "sky130_sram_1kbyte_1rw1r_32x256_8_row_cap_array" (byte position 1498750): Warning: cell "sky130_sram_1kbyte_1rw1r_32x256_8_contact_7" placed on top of itself.  Ignoring the extra one.
Error while reading cell "sky130_sram_1kbyte_1rw1r_32x256_8_row_cap_array" (byte position 1499046): Warning: cell "sky130_sram_1kbyte_1rw1r_32x256_8_contact_7" placed on top of itself.  Ignoring the extra one.
Error while reading cell "sky130_sram_1kbyte_1rw1r_32x256_8_row_cap_array" (byte position 1499342): Warning: cell "sky130_sram_1kbyte_1rw1r_32x256_8_contact_7" placed on top of itself.  Ignoring the extra one.
Error while reading cell "sky130_sram_1kbyte_1rw1r_32x256_8_row_cap_array" (byte position 1499638): Warning: cell "sky130_sram_1kbyte_1rw1r_32x256_8_contact_7" placed on top of itself.  Ignoring the extra one.
Error while reading cell "sky130_sram_1kbyte_1rw1r_32x256_8_row_cap_array" (byte position 1499934): Warning: cell "sky130_sram_1kbyte_1rw1r_32x256_8_contact_7" placed on top of itself.  Ignoring the extra one.
Error while reading cell "sky130_sram_1kbyte_1rw1r_32x256_8_row_cap_array" (byte position 1500230): Warning: cell "sky130_sram_1kbyte_1rw1r_32x256_8_contact_7" placed on top of itself.  Ignoring the extra one.
Error while reading cell "sky130_sram_1kbyte_1rw1r_32x256_8_row_cap_array" (byte position 1500526): Warning: cell "sky130_sram_1kbyte_1rw1r_32x256_8_contact_7" placed on top of itself.  Ignoring the extra one.
Error while reading cell "sky130_sram_1kbyte_1rw1r_32x256_8_row_cap_array" (byte position 1500822): Warning: cell "sky130_sram_1kbyte_1rw1r_32x256_8_contact_7" placed on top of itself.  Ignoring the extra one.
Error while reading cell "sky130_sram_1kbyte_1rw1r_32x256_8_row_cap_array" (byte position 1501118): Warning: cell "sky130_sram_1kbyte_1rw1r_32x256_8_contact_7" placed on top of itself.  Ignoring the extra one.
Error while reading cell "sky130_sram_1kbyte_1rw1r_32x256_8_row_cap_array" (byte position 1501414): Warning: cell "sky130_sram_1kbyte_1rw1r_32x256_8_contact_7" placed on top of itself.  Ignoring the extra one.
Error while reading cell "sky130_sram_1kbyte_1rw1r_32x256_8_row_cap_array" (byte position 1501710): Warning: cell "sky130_sram_1kbyte_1rw1r_32x256_8_contact_7" placed on top of itself.  Ignoring the extra one.
Error while reading cell "sky130_sram_1kbyte_1rw1r_32x256_8_row_cap_array" (byte position 1502006): Warning: cell "sky130_sram_1kbyte_1rw1r_32x256_8_contact_7" placed on top of itself.  Ignoring the extra one.
Error while reading cell "sky130_sram_1kbyte_1rw1r_32x256_8_row_cap_array" (byte position 1504534): Warning: cell "sky130_sram_1kbyte_1rw1r_32x256_8_contact_7" placed on top of itself.  Ignoring the extra one.
Error while reading cell "sky130_sram_1kbyte_1rw1r_32x256_8_row_cap_array" (byte position 1507140): Warning: cell "sky130_sram_1kbyte_1rw1r_32x256_8_contact_7" placed on top of itself.  Ignoring the extra one.
Error while reading cell "sky130_sram_1kbyte_1rw1r_32x256_8_row_cap_array" (byte position 1507436): Warning: cell "sky130_sram_1kbyte_1rw1r_32x256_8_contact_7" placed on top of itself.  Ignoring the extra one.
Error while reading cell "sky130_sram_1kbyte_1rw1r_32x256_8_row_cap_array" (byte position 1507732): Warning: cell "sky130_sram_1kbyte_1rw1r_32x256_8_contact_7" placed on top of itself.  Ignoring the extra one.
Error while reading cell "sky130_sram_1kbyte_1rw1r_32x256_8_row_cap_array" (byte position 1508028): Warning: cell "sky130_sram_1kbyte_1rw1r_32x256_8_contact_7" placed on top of itself.  Ignoring the extra one.
Error while reading cell "sky130_sram_1kbyte_1rw1r_32x256_8_row_cap_array" (byte position 1508324): Warning: cell "sky130_sram_1kbyte_1rw1r_32x256_8_contact_7" placed on top of itself.  Ignoring the extra one.
Error while reading cell "sky130_sram_1kbyte_1rw1r_32x256_8_row_cap_array" (byte position 1508620): Warning: cell "sky130_sram_1kbyte_1rw1r_32x256_8_contact_7" placed on top of itself.  Ignoring the extra one.
Error while reading cell "sky130_sram_1kbyte_1rw1r_32x256_8_row_cap_array" (byte position 1508916): Warning: cell "sky130_sram_1kbyte_1rw1r_32x256_8_contact_7" placed on top of itself.  Ignoring the extra one.
Error while reading cell "sky130_sram_1kbyte_1rw1r_32x256_8_row_cap_array" (byte position 1509212): Warning: cell "sky130_sram_1kbyte_1rw1r_32x256_8_contact_7" placed on top of itself.  Ignoring the extra one.
Error while reading cell "sky130_sram_1kbyte_1rw1r_32x256_8_row_cap_array" (byte position 1509508): Warning: cell "sky130_sram_1kbyte_1rw1r_32x256_8_contact_7" placed on top of itself.  Ignoring the extra one.
Error while reading cell "sky130_sram_1kbyte_1rw1r_32x256_8_row_cap_array" (byte position 1509804): Warning: cell "sky130_sram_1kbyte_1rw1r_32x256_8_contact_7" placed on top of itself.  Ignoring the extra one.
Error while reading cell "sky130_sram_1kbyte_1rw1r_32x256_8_row_cap_array" (byte position 1510100): Warning: cell "sky130_sram_1kbyte_1rw1r_32x256_8_contact_7" placed on top of itself.  Ignoring the extra one.
Error while reading cell "sky130_sram_1kbyte_1rw1r_32x256_8_row_cap_array" (byte position 1510396): Warning: cell "sky130_sram_1kbyte_1rw1r_32x256_8_contact_7" placed on top of itself.  Ignoring the extra one.
Error while reading cell "sky130_sram_1kbyte_1rw1r_32x256_8_row_cap_array" (byte position 1510692): Warning: cell "sky130_sram_1kbyte_1rw1r_32x256_8_contact_7" placed on top of itself.  Ignoring the extra one.
Error while reading cell "sky130_sram_1kbyte_1rw1r_32x256_8_row_cap_array" (byte position 1510988): Warning: cell "sky130_sram_1kbyte_1rw1r_32x256_8_contact_7" placed on top of itself.  Ignoring the extra one.
Error while reading cell "sky130_sram_1kbyte_1rw1r_32x256_8_row_cap_array" (byte position 1511284): Warning: cell "sky130_sram_1kbyte_1rw1r_32x256_8_contact_7" placed on top of itself.  Ignoring the extra one.
Reading "sky130_sram_1kbyte_1rw1r_32x256_8_col_cap_array".
Reading "sky130_sram_1kbyte_1rw1r_32x256_8_col_cap_array_0".
Reading "sky130_sram_1kbyte_1rw1r_32x256_8_dummy_array".
Reading "sky130_sram_1kbyte_1rw1r_32x256_8_replica_column_0".
Reading "sky130_sram_1kbyte_1rw1r_32x256_8_replica_column".
Reading "sky130_sram_1kbyte_1rw1r_32x256_8_bitcell_array".
    5000 uses
Reading "sky130_sram_1kbyte_1rw1r_32x256_8_pdriver_6".
Reading "sky130_sram_1kbyte_1rw1r_32x256_8_dff_buf_array_0".
Reading "sky130_sram_1kbyte_1rw1r_32x256_8_pdriver_5".
Reading "sky130_sram_1kbyte_1rw1r_32x256_8_pnand2_1".
Reading "sky130_sram_1kbyte_1rw1r_32x256_8_delay_chain".
Error while reading cell "sky130_sram_1kbyte_1rw1r_32x256_8_delay_chain" (byte position 6246158): Warning: cell "sky130_sram_1kbyte_1rw1r_32x256_8_contact_14" placed on top of itself.  Ignoring the extra one.
Error while reading cell "sky130_sram_1kbyte_1rw1r_32x256_8_delay_chain" (byte position 6246232): Warning: cell "sky130_sram_1kbyte_1rw1r_32x256_8_contact_19" placed on top of itself.  Ignoring the extra one.
Error while reading cell "sky130_sram_1kbyte_1rw1r_32x256_8_delay_chain" (byte position 6246306): Warning: cell "sky130_sram_1kbyte_1rw1r_32x256_8_contact_7" placed on top of itself.  Ignoring the extra one.
Error while reading cell "sky130_sram_1kbyte_1rw1r_32x256_8_delay_chain" (byte position 6246824): Warning: cell "sky130_sram_1kbyte_1rw1r_32x256_8_contact_14" placed on top of itself.  Ignoring the extra one.
Error while reading cell "sky130_sram_1kbyte_1rw1r_32x256_8_delay_chain" (byte position 6246898): Warning: cell "sky130_sram_1kbyte_1rw1r_32x256_8_contact_19" placed on top of itself.  Ignoring the extra one.
Error while reading cell "sky130_sram_1kbyte_1rw1r_32x256_8_delay_chain" (byte position 6246972): Warning: cell "sky130_sram_1kbyte_1rw1r_32x256_8_contact_7" placed on top of itself.  Ignoring the extra one.
Error while reading cell "sky130_sram_1kbyte_1rw1r_32x256_8_delay_chain" (byte position 6247046): Warning: cell "sky130_sram_1kbyte_1rw1r_32x256_8_contact_14" placed on top of itself.  Ignoring the extra one.
Error while reading cell "sky130_sram_1kbyte_1rw1r_32x256_8_delay_chain" (byte position 6248296): Warning: cell "sky130_sram_1kbyte_1rw1r_32x256_8_contact_14" placed on top of itself.  Ignoring the extra one.
Error while reading cell "sky130_sram_1kbyte_1rw1r_32x256_8_delay_chain" (byte position 6248370): Warning: cell "sky130_sram_1kbyte_1rw1r_32x256_8_contact_19" placed on top of itself.  Ignoring the extra one.
Error while reading cell "sky130_sram_1kbyte_1rw1r_32x256_8_delay_chain" (byte position 6248444): Warning: cell "sky130_sram_1kbyte_1rw1r_32x256_8_contact_7" placed on top of itself.  Ignoring the extra one.
Error while reading cell "sky130_sram_1kbyte_1rw1r_32x256_8_delay_chain" (byte position 6249628): Warning: cell "sky130_sram_1kbyte_1rw1r_32x256_8_contact_14" placed on top of itself.  Ignoring the extra one.
Error while reading cell "sky130_sram_1kbyte_1rw1r_32x256_8_delay_chain" (byte position 6249702): Warning: cell "sky130_sram_1kbyte_1rw1r_32x256_8_contact_19" placed on top of itself.  Ignoring the extra one.
Error while reading cell "sky130_sram_1kbyte_1rw1r_32x256_8_delay_chain" (byte position 6249776): Warning: cell "sky130_sram_1kbyte_1rw1r_32x256_8_contact_7" placed on top of itself.  Ignoring the extra one.
Error while reading cell "sky130_sram_1kbyte_1rw1r_32x256_8_delay_chain" (byte position 6250812): Warning: cell "sky130_sram_1kbyte_1rw1r_32x256_8_contact_19" placed on top of itself.  Ignoring the extra one.
Error while reading cell "sky130_sram_1kbyte_1rw1r_32x256_8_delay_chain" (byte position 6250886): Warning: cell "sky130_sram_1kbyte_1rw1r_32x256_8_contact_7" placed on top of itself.  Ignoring the extra one.
Error while reading cell "sky130_sram_1kbyte_1rw1r_32x256_8_delay_chain" (byte position 6252510): Warning: cell "sky130_sram_1kbyte_1rw1r_32x256_8_contact_14" placed on top of itself.  Ignoring the extra one.
Error while reading cell "sky130_sram_1kbyte_1rw1r_32x256_8_delay_chain" (byte position 6252584): Warning: cell "sky130_sram_1kbyte_1rw1r_32x256_8_contact_19" placed on top of itself.  Ignoring the extra one.
Error while reading cell "sky130_sram_1kbyte_1rw1r_32x256_8_delay_chain" (byte position 6252658): Warning: cell "sky130_sram_1kbyte_1rw1r_32x256_8_contact_7" placed on top of itself.  Ignoring the extra one.
Error while reading cell "sky130_sram_1kbyte_1rw1r_32x256_8_delay_chain" (byte position 6252732): Warning: cell "sky130_sram_1kbyte_1rw1r_32x256_8_contact_14" placed on top of itself.  Ignoring the extra one.
Error while reading cell "sky130_sram_1kbyte_1rw1r_32x256_8_delay_chain" (byte position 6253324): Warning: cell "sky130_sram_1kbyte_1rw1r_32x256_8_contact_19" placed on top of itself.  Ignoring the extra one.
Error while reading cell "sky130_sram_1kbyte_1rw1r_32x256_8_delay_chain" (byte position 6253398): Warning: cell "sky130_sram_1kbyte_1rw1r_32x256_8_contact_7" placed on top of itself.  Ignoring the extra one.
Error while reading cell "sky130_sram_1kbyte_1rw1r_32x256_8_delay_chain" (byte position 6253840): Warning: cell "sky130_sram_1kbyte_1rw1r_32x256_8_contact_7" placed on top of itself.  Ignoring the extra one.
Error while reading cell "sky130_sram_1kbyte_1rw1r_32x256_8_delay_chain" (byte position 6254504): Warning: cell "sky130_sram_1kbyte_1rw1r_32x256_8_contact_14" placed on top of itself.  Ignoring the extra one.
Error while reading cell "sky130_sram_1kbyte_1rw1r_32x256_8_delay_chain" (byte position 6254578): Warning: cell "sky130_sram_1kbyte_1rw1r_32x256_8_contact_14" placed on top of itself.  Ignoring the extra one.
Error while reading cell "sky130_sram_1kbyte_1rw1r_32x256_8_delay_chain" (byte position 6254652): Warning: cell "sky130_sram_1kbyte_1rw1r_32x256_8_contact_19" placed on top of itself.  Ignoring the extra one.
Error while reading cell "sky130_sram_1kbyte_1rw1r_32x256_8_delay_chain" (byte position 6255524): Warning: cell "sky130_sram_1kbyte_1rw1r_32x256_8_contact_7" placed on top of itself.  Ignoring the extra one.
Error while reading cell "sky130_sram_1kbyte_1rw1r_32x256_8_delay_chain" (byte position 6255820): Warning: cell "sky130_sram_1kbyte_1rw1r_32x256_8_contact_14" placed on top of itself.  Ignoring the extra one.
Error while reading cell "sky130_sram_1kbyte_1rw1r_32x256_8_delay_chain" (byte position 6255894): Warning: cell "sky130_sram_1kbyte_1rw1r_32x256_8_contact_19" placed on top of itself.  Ignoring the extra one.
Error while reading cell "sky130_sram_1kbyte_1rw1r_32x256_8_delay_chain" (byte position 6255968): Warning: cell "sky130_sram_1kbyte_1rw1r_32x256_8_contact_7" placed on top of itself.  Ignoring the extra one.
Error while reading cell "sky130_sram_1kbyte_1rw1r_32x256_8_delay_chain" (byte position 6257374): Warning: cell "sky130_sram_1kbyte_1rw1r_32x256_8_contact_14" placed on top of itself.  Ignoring the extra one.
Error while reading cell "sky130_sram_1kbyte_1rw1r_32x256_8_delay_chain" (byte position 6257592): Warning: cell "sky130_sram_1kbyte_1rw1r_32x256_8_contact_19" placed on top of itself.  Ignoring the extra one.
Error while reading cell "sky130_sram_1kbyte_1rw1r_32x256_8_delay_chain" (byte position 6258406): Warning: cell "sky130_sram_1kbyte_1rw1r_32x256_8_contact_19" placed on top of itself.  Ignoring the extra one.
Error while reading cell "sky130_sram_1kbyte_1rw1r_32x256_8_delay_chain" (byte position 6258480): Warning: cell "sky130_sram_1kbyte_1rw1r_32x256_8_contact_7" placed on top of itself.  Ignoring the extra one.
Error while reading cell "sky130_sram_1kbyte_1rw1r_32x256_8_delay_chain" (byte position 6259738): Warning: cell "sky130_sram_1kbyte_1rw1r_32x256_8_contact_7" placed on top of itself.  Ignoring the extra one.
Error while reading cell "sky130_sram_1kbyte_1rw1r_32x256_8_delay_chain" (byte position 6260330): Warning: cell "sky130_sram_1kbyte_1rw1r_32x256_8_contact_14" placed on top of itself.  Ignoring the extra one.
Error while reading cell "sky130_sram_1kbyte_1rw1r_32x256_8_delay_chain" (byte position 6260992): Warning: cell "sky130_sram_1kbyte_1rw1r_32x256_8_contact_14" placed on top of itself.  Ignoring the extra one.
Error while reading cell "sky130_sram_1kbyte_1rw1r_32x256_8_delay_chain" (byte position 6261066): Warning: cell "sky130_sram_1kbyte_1rw1r_32x256_8_contact_19" placed on top of itself.  Ignoring the extra one.
Error while reading cell "sky130_sram_1kbyte_1rw1r_32x256_8_delay_chain" (byte position 6263430): Warning: cell "sky130_sram_1kbyte_1rw1r_32x256_8_contact_14" placed on top of itself.  Ignoring the extra one.
Error while reading cell "sky130_sram_1kbyte_1rw1r_32x256_8_delay_chain" (byte position 6263504): Warning: cell "sky130_sram_1kbyte_1rw1r_32x256_8_contact_19" placed on top of itself.  Ignoring the extra one.
Error while reading cell "sky130_sram_1kbyte_1rw1r_32x256_8_delay_chain" (byte position 6263578): Warning: cell "sky130_sram_1kbyte_1rw1r_32x256_8_contact_7" placed on top of itself.  Ignoring the extra one.
Error while reading cell "sky130_sram_1kbyte_1rw1r_32x256_8_delay_chain" (byte position 6263652): Warning: cell "sky130_sram_1kbyte_1rw1r_32x256_8_contact_14" placed on top of itself.  Ignoring the extra one.
Error while reading cell "sky130_sram_1kbyte_1rw1r_32x256_8_delay_chain" (byte position 6263726): Warning: cell "sky130_sram_1kbyte_1rw1r_32x256_8_contact_19" placed on top of itself.  Ignoring the extra one.
Error while reading cell "sky130_sram_1kbyte_1rw1r_32x256_8_delay_chain" (byte position 6263800): Warning: cell "sky130_sram_1kbyte_1rw1r_32x256_8_contact_7" placed on top of itself.  Ignoring the extra one.
Error while reading cell "sky130_sram_1kbyte_1rw1r_32x256_8_delay_chain" (byte position 6265198): Warning: cell "sky130_sram_1kbyte_1rw1r_32x256_8_contact_19" placed on top of itself.  Ignoring the extra one.
Error while reading cell "sky130_sram_1kbyte_1rw1r_32x256_8_delay_chain" (byte position 6265272): Warning: cell "sky130_sram_1kbyte_1rw1r_32x256_8_contact_7" placed on top of itself.  Ignoring the extra one.
Error while reading cell "sky130_sram_1kbyte_1rw1r_32x256_8_delay_chain" (byte position 6266082): Warning: cell "sky130_sram_1kbyte_1rw1r_32x256_8_contact_14" placed on top of itself.  Ignoring the extra one.
Error while reading cell "sky130_sram_1kbyte_1rw1r_32x256_8_delay_chain" (byte position 6266156): Warning: cell "sky130_sram_1kbyte_1rw1r_32x256_8_contact_19" placed on top of itself.  Ignoring the extra one.
Error while reading cell "sky130_sram_1kbyte_1rw1r_32x256_8_delay_chain" (byte position 6266230): Warning: cell "sky130_sram_1kbyte_1rw1r_32x256_8_contact_7" placed on top of itself.  Ignoring the extra one.
Error while reading cell "sky130_sram_1kbyte_1rw1r_32x256_8_delay_chain" (byte position 6266526): Warning: cell "sky130_sram_1kbyte_1rw1r_32x256_8_contact_14" placed on top of itself.  Ignoring the extra one.
Reading "sky130_sram_1kbyte_1rw1r_32x256_8_pand3_0".
Reading "sky130_sram_1kbyte_1rw1r_32x256_8_pand3".
Reading "sky130_sram_1kbyte_1rw1r_32x256_8_pdriver_2".
Reading "sky130_sram_1kbyte_1rw1r_32x256_8_pand2_0".
Reading "sky130_sram_1kbyte_1rw1r_32x256_8_pdriver_1".
Reading "sky130_sram_1kbyte_1rw1r_32x256_8_dff_buf_array".
Error while reading cell "sky130_sram_1kbyte_1rw1r_32x256_8_dff_buf_array" (byte position 6278122): Warning: cell "sky130_sram_1kbyte_1rw1r_32x256_8_contact_14" placed on top of itself.  Ignoring the extra one.
Error while reading cell "sky130_sram_1kbyte_1rw1r_32x256_8_dff_buf_array" (byte position 6278196): Warning: cell "sky130_sram_1kbyte_1rw1r_32x256_8_contact_19" placed on top of itself.  Ignoring the extra one.
Error while reading cell "sky130_sram_1kbyte_1rw1r_32x256_8_dff_buf_array" (byte position 6278270): Warning: cell "sky130_sram_1kbyte_1rw1r_32x256_8_contact_7" placed on top of itself.  Ignoring the extra one.
Reading "sky130_sram_1kbyte_1rw1r_32x256_8_pinvbuf".
Reading "sky130_sram_1kbyte_1rw1r_32x256_8_port_address_0".
Reading "sky130_sram_1kbyte_1rw1r_32x256_8_port_address".
Reading "sky130_sram_1kbyte_1rw1r_32x256_8_port_data_0".
Reading "sky130_sram_1kbyte_1rw1r_32x256_8_port_data".
Reading "sky130_sram_1kbyte_1rw1r_32x256_8_replica_bitcell_array".
Reading "sky130_sram_1kbyte_1rw1r_32x256_8_contact_34".
Reading "sky130_sram_1kbyte_1rw1r_32x256_8_contact_33".
Reading "sky130_sram_1kbyte_1rw1r_32x256_8_contact_40".
Reading "sky130_sram_1kbyte_1rw1r_32x256_8_contact_39".
Reading "sky130_sram_1kbyte_1rw1r_32x256_8_cr_5".
Reading "sky130_sram_1kbyte_1rw1r_32x256_8_cr_4".
Reading "sky130_sram_1kbyte_1rw1r_32x256_8_cr_3".
Reading "sky130_sram_1kbyte_1rw1r_32x256_8_data_dff".
Reading "sky130_sram_1kbyte_1rw1r_32x256_8_wmask_dff".
Reading "sky130_sram_1kbyte_1rw1r_32x256_8_col_addr_dff".
Reading "sky130_sram_1kbyte_1rw1r_32x256_8_row_addr_dff".
Error while reading cell "sky130_sram_1kbyte_1rw1r_32x256_8_row_addr_dff" (byte position 7390398): Warning: cell "sky130_sram_1kbyte_1rw1r_32x256_8_contact_14" placed on top of itself.  Ignoring the extra one.
Error while reading cell "sky130_sram_1kbyte_1rw1r_32x256_8_row_addr_dff" (byte position 7390472): Warning: cell "sky130_sram_1kbyte_1rw1r_32x256_8_contact_19" placed on top of itself.  Ignoring the extra one.
Error while reading cell "sky130_sram_1kbyte_1rw1r_32x256_8_row_addr_dff" (byte position 7390546): Warning: cell "sky130_sram_1kbyte_1rw1r_32x256_8_contact_7" placed on top of itself.  Ignoring the extra one.
Error while reading cell "sky130_sram_1kbyte_1rw1r_32x256_8_row_addr_dff" (byte position 7391064): Warning: cell "sky130_sram_1kbyte_1rw1r_32x256_8_contact_14" placed on top of itself.  Ignoring the extra one.
Error while reading cell "sky130_sram_1kbyte_1rw1r_32x256_8_row_addr_dff" (byte position 7391138): Warning: cell "sky130_sram_1kbyte_1rw1r_32x256_8_contact_19" placed on top of itself.  Ignoring the extra one.
Error while reading cell "sky130_sram_1kbyte_1rw1r_32x256_8_row_addr_dff" (byte position 7391212): Warning: cell "sky130_sram_1kbyte_1rw1r_32x256_8_contact_7" placed on top of itself.  Ignoring the extra one.
Error while reading cell "sky130_sram_1kbyte_1rw1r_32x256_8_row_addr_dff" (byte position 7391286): Warning: cell "sky130_sram_1kbyte_1rw1r_32x256_8_contact_14" placed on top of itself.  Ignoring the extra one.
Error while reading cell "sky130_sram_1kbyte_1rw1r_32x256_8_row_addr_dff" (byte position 7391360): Warning: cell "sky130_sram_1kbyte_1rw1r_32x256_8_contact_19" placed on top of itself.  Ignoring the extra one.
Error while reading cell "sky130_sram_1kbyte_1rw1r_32x256_8_row_addr_dff" (byte position 7391434): Warning: cell "sky130_sram_1kbyte_1rw1r_32x256_8_contact_7" placed on top of itself.  Ignoring the extra one.
Error while reading cell "sky130_sram_1kbyte_1rw1r_32x256_8_row_addr_dff" (byte position 7391952): Warning: cell "sky130_sram_1kbyte_1rw1r_32x256_8_contact_14" placed on top of itself.  Ignoring the extra one.
Error while reading cell "sky130_sram_1kbyte_1rw1r_32x256_8_row_addr_dff" (byte position 7392026): Warning: cell "sky130_sram_1kbyte_1rw1r_32x256_8_contact_19" placed on top of itself.  Ignoring the extra one.
Error while reading cell "sky130_sram_1kbyte_1rw1r_32x256_8_row_addr_dff" (byte position 7392100): Warning: cell "sky130_sram_1kbyte_1rw1r_32x256_8_contact_7" placed on top of itself.  Ignoring the extra one.
Error while reading cell "sky130_sram_1kbyte_1rw1r_32x256_8_row_addr_dff" (byte position 7392174): Warning: cell "sky130_sram_1kbyte_1rw1r_32x256_8_contact_14" placed on top of itself.  Ignoring the extra one.
Error while reading cell "sky130_sram_1kbyte_1rw1r_32x256_8_row_addr_dff" (byte position 7392248): Warning: cell "sky130_sram_1kbyte_1rw1r_32x256_8_contact_19" placed on top of itself.  Ignoring the extra one.
Error while reading cell "sky130_sram_1kbyte_1rw1r_32x256_8_row_addr_dff" (byte position 7392322): Warning: cell "sky130_sram_1kbyte_1rw1r_32x256_8_contact_7" placed on top of itself.  Ignoring the extra one.
Error while reading cell "sky130_sram_1kbyte_1rw1r_32x256_8_row_addr_dff" (byte position 7392840): Warning: cell "sky130_sram_1kbyte_1rw1r_32x256_8_contact_14" placed on top of itself.  Ignoring the extra one.
Error while reading cell "sky130_sram_1kbyte_1rw1r_32x256_8_row_addr_dff" (byte position 7392914): Warning: cell "sky130_sram_1kbyte_1rw1r_32x256_8_contact_19" placed on top of itself.  Ignoring the extra one.
Error while reading cell "sky130_sram_1kbyte_1rw1r_32x256_8_row_addr_dff" (byte position 7392988): Warning: cell "sky130_sram_1kbyte_1rw1r_32x256_8_contact_7" placed on top of itself.  Ignoring the extra one.
Reading "sky130_sram_1kbyte_1rw1r_32x256_8_control_logic_r".
Error while reading cell "sky130_sram_1kbyte_1rw1r_32x256_8_control_logic_r" (byte position 7408538): Warning: cell "sky130_sram_1kbyte_1rw1r_32x256_8_contact_14" placed on top of itself.  Ignoring the extra one.
Error while reading cell "sky130_sram_1kbyte_1rw1r_32x256_8_control_logic_r" (byte position 7408612): Warning: cell "sky130_sram_1kbyte_1rw1r_32x256_8_contact_19" placed on top of itself.  Ignoring the extra one.
Error while reading cell "sky130_sram_1kbyte_1rw1r_32x256_8_control_logic_r" (byte position 7408686): Warning: cell "sky130_sram_1kbyte_1rw1r_32x256_8_contact_7" placed on top of itself.  Ignoring the extra one.
Error while reading cell "sky130_sram_1kbyte_1rw1r_32x256_8_control_logic_r" (byte position 7409648): Warning: cell "sky130_sram_1kbyte_1rw1r_32x256_8_contact_14" placed on top of itself.  Ignoring the extra one.
Error while reading cell "sky130_sram_1kbyte_1rw1r_32x256_8_control_logic_r" (byte position 7409722): Warning: cell "sky130_sram_1kbyte_1rw1r_32x256_8_contact_19" placed on top of itself.  Ignoring the extra one.
Error while reading cell "sky130_sram_1kbyte_1rw1r_32x256_8_control_logic_r" (byte position 7409944): Warning: cell "sky130_sram_1kbyte_1rw1r_32x256_8_contact_14" placed on top of itself.  Ignoring the extra one.
Error while reading cell "sky130_sram_1kbyte_1rw1r_32x256_8_control_logic_r" (byte position 7410018): Warning: cell "sky130_sram_1kbyte_1rw1r_32x256_8_contact_19" placed on top of itself.  Ignoring the extra one.
Error while reading cell "sky130_sram_1kbyte_1rw1r_32x256_8_control_logic_r" (byte position 7410906): Warning: cell "sky130_sram_1kbyte_1rw1r_32x256_8_contact_14" placed on top of itself.  Ignoring the extra one.
Error while reading cell "sky130_sram_1kbyte_1rw1r_32x256_8_control_logic_r" (byte position 7410980): Warning: cell "sky130_sram_1kbyte_1rw1r_32x256_8_contact_19" placed on top of itself.  Ignoring the extra one.
Error while reading cell "sky130_sram_1kbyte_1rw1r_32x256_8_control_logic_r" (byte position 7411054): Warning: cell "sky130_sram_1kbyte_1rw1r_32x256_8_contact_7" placed on top of itself.  Ignoring the extra one.
Error while reading cell "sky130_sram_1kbyte_1rw1r_32x256_8_control_logic_r" (byte position 7411572): Warning: cell "sky130_sram_1kbyte_1rw1r_32x256_8_contact_14" placed on top of itself.  Ignoring the extra one.
Error while reading cell "sky130_sram_1kbyte_1rw1r_32x256_8_control_logic_r" (byte position 7411646): Warning: cell "sky130_sram_1kbyte_1rw1r_32x256_8_contact_19" placed on top of itself.  Ignoring the extra one.
Error while reading cell "sky130_sram_1kbyte_1rw1r_32x256_8_control_logic_r" (byte position 7411720): Warning: cell "sky130_sram_1kbyte_1rw1r_32x256_8_contact_7" placed on top of itself.  Ignoring the extra one.
Error while reading cell "sky130_sram_1kbyte_1rw1r_32x256_8_control_logic_r" (byte position 7411794): Warning: cell "sky130_sram_1kbyte_1rw1r_32x256_8_contact_14" placed on top of itself.  Ignoring the extra one.
Error while reading cell "sky130_sram_1kbyte_1rw1r_32x256_8_control_logic_r" (byte position 7411868): Warning: cell "sky130_sram_1kbyte_1rw1r_32x256_8_contact_19" placed on top of itself.  Ignoring the extra one.
Error while reading cell "sky130_sram_1kbyte_1rw1r_32x256_8_control_logic_r" (byte position 7411942): Warning: cell "sky130_sram_1kbyte_1rw1r_32x256_8_contact_7" placed on top of itself.  Ignoring the extra one.
Error while reading cell "sky130_sram_1kbyte_1rw1r_32x256_8_control_logic_r" (byte position 7412460): Warning: cell "sky130_sram_1kbyte_1rw1r_32x256_8_contact_14" placed on top of itself.  Ignoring the extra one.
Error while reading cell "sky130_sram_1kbyte_1rw1r_32x256_8_control_logic_r" (byte position 7412534): Warning: cell "sky130_sram_1kbyte_1rw1r_32x256_8_contact_19" placed on top of itself.  Ignoring the extra one.
Error while reading cell "sky130_sram_1kbyte_1rw1r_32x256_8_control_logic_r" (byte position 7412608): Warning: cell "sky130_sram_1kbyte_1rw1r_32x256_8_contact_7" placed on top of itself.  Ignoring the extra one.
Error while reading cell "sky130_sram_1kbyte_1rw1r_32x256_8_control_logic_r" (byte position 7412682): Warning: cell "sky130_sram_1kbyte_1rw1r_32x256_8_contact_14" placed on top of itself.  Ignoring the extra one.
Error while reading cell "sky130_sram_1kbyte_1rw1r_32x256_8_control_logic_r" (byte position 7412756): Warning: cell "sky130_sram_1kbyte_1rw1r_32x256_8_contact_19" placed on top of itself.  Ignoring the extra one.
Error while reading cell "sky130_sram_1kbyte_1rw1r_32x256_8_control_logic_r" (byte position 7412830): Warning: cell "sky130_sram_1kbyte_1rw1r_32x256_8_contact_7" placed on top of itself.  Ignoring the extra one.
Reading "sky130_sram_1kbyte_1rw1r_32x256_8_control_logic_rw".
Error while reading cell "sky130_sram_1kbyte_1rw1r_32x256_8_control_logic_rw" (byte position 7429392): Warning: cell "sky130_sram_1kbyte_1rw1r_32x256_8_contact_14" placed on top of itself.  Ignoring the extra one.
Error while reading cell "sky130_sram_1kbyte_1rw1r_32x256_8_control_logic_rw" (byte position 7429466): Warning: cell "sky130_sram_1kbyte_1rw1r_32x256_8_contact_19" placed on top of itself.  Ignoring the extra one.
Error while reading cell "sky130_sram_1kbyte_1rw1r_32x256_8_control_logic_rw" (byte position 7429540): Warning: cell "sky130_sram_1kbyte_1rw1r_32x256_8_contact_7" placed on top of itself.  Ignoring the extra one.
Error while reading cell "sky130_sram_1kbyte_1rw1r_32x256_8_control_logic_rw" (byte position 7433016): Warning: cell "sky130_sram_1kbyte_1rw1r_32x256_8_contact_14" placed on top of itself.  Ignoring the extra one.
Error while reading cell "sky130_sram_1kbyte_1rw1r_32x256_8_control_logic_rw" (byte position 7433090): Warning: cell "sky130_sram_1kbyte_1rw1r_32x256_8_contact_19" placed on top of itself.  Ignoring the extra one.
Error while reading cell "sky130_sram_1kbyte_1rw1r_32x256_8_control_logic_rw" (byte position 7433164): Warning: cell "sky130_sram_1kbyte_1rw1r_32x256_8_contact_7" placed on top of itself.  Ignoring the extra one.
Error while reading cell "sky130_sram_1kbyte_1rw1r_32x256_8_control_logic_rw" (byte position 7434126): Warning: cell "sky130_sram_1kbyte_1rw1r_32x256_8_contact_14" placed on top of itself.  Ignoring the extra one.
Error while reading cell "sky130_sram_1kbyte_1rw1r_32x256_8_control_logic_rw" (byte position 7434200): Warning: cell "sky130_sram_1kbyte_1rw1r_32x256_8_contact_19" placed on top of itself.  Ignoring the extra one.
Error while reading cell "sky130_sram_1kbyte_1rw1r_32x256_8_control_logic_rw" (byte position 7435380): Warning: cell "sky130_sram_1kbyte_1rw1r_32x256_8_contact_7" placed on top of itself.  Ignoring the extra one.
Error while reading cell "sky130_sram_1kbyte_1rw1r_32x256_8_control_logic_rw" (byte position 7435898): Warning: cell "sky130_sram_1kbyte_1rw1r_32x256_8_contact_14" placed on top of itself.  Ignoring the extra one.
Error while reading cell "sky130_sram_1kbyte_1rw1r_32x256_8_control_logic_rw" (byte position 7435972): Warning: cell "sky130_sram_1kbyte_1rw1r_32x256_8_contact_19" placed on top of itself.  Ignoring the extra one.
Error while reading cell "sky130_sram_1kbyte_1rw1r_32x256_8_control_logic_rw" (byte position 7436046): Warning: cell "sky130_sram_1kbyte_1rw1r_32x256_8_contact_7" placed on top of itself.  Ignoring the extra one.
Error while reading cell "sky130_sram_1kbyte_1rw1r_32x256_8_control_logic_rw" (byte position 7436120): Warning: cell "sky130_sram_1kbyte_1rw1r_32x256_8_contact_14" placed on top of itself.  Ignoring the extra one.
Error while reading cell "sky130_sram_1kbyte_1rw1r_32x256_8_control_logic_rw" (byte position 7436194): Warning: cell "sky130_sram_1kbyte_1rw1r_32x256_8_contact_19" placed on top of itself.  Ignoring the extra one.
Error while reading cell "sky130_sram_1kbyte_1rw1r_32x256_8_control_logic_rw" (byte position 7436268): Warning: cell "sky130_sram_1kbyte_1rw1r_32x256_8_contact_7" placed on top of itself.  Ignoring the extra one.
Error while reading cell "sky130_sram_1kbyte_1rw1r_32x256_8_control_logic_rw" (byte position 7436786): Warning: cell "sky130_sram_1kbyte_1rw1r_32x256_8_contact_14" placed on top of itself.  Ignoring the extra one.
Error while reading cell "sky130_sram_1kbyte_1rw1r_32x256_8_control_logic_rw" (byte position 7436860): Warning: cell "sky130_sram_1kbyte_1rw1r_32x256_8_contact_19" placed on top of itself.  Ignoring the extra one.
Error while reading cell "sky130_sram_1kbyte_1rw1r_32x256_8_control_logic_rw" (byte position 7436934): Warning: cell "sky130_sram_1kbyte_1rw1r_32x256_8_contact_7" placed on top of itself.  Ignoring the extra one.
Error while reading cell "sky130_sram_1kbyte_1rw1r_32x256_8_control_logic_rw" (byte position 7437008): Warning: cell "sky130_sram_1kbyte_1rw1r_32x256_8_contact_14" placed on top of itself.  Ignoring the extra one.
Error while reading cell "sky130_sram_1kbyte_1rw1r_32x256_8_control_logic_rw" (byte position 7437082): Warning: cell "sky130_sram_1kbyte_1rw1r_32x256_8_contact_19" placed on top of itself.  Ignoring the extra one.
Error while reading cell "sky130_sram_1kbyte_1rw1r_32x256_8_control_logic_rw" (byte position 7437156): Warning: cell "sky130_sram_1kbyte_1rw1r_32x256_8_contact_7" placed on top of itself.  Ignoring the extra one.
Error while reading cell "sky130_sram_1kbyte_1rw1r_32x256_8_control_logic_rw" (byte position 7437674): Warning: cell "sky130_sram_1kbyte_1rw1r_32x256_8_contact_14" placed on top of itself.  Ignoring the extra one.
Error while reading cell "sky130_sram_1kbyte_1rw1r_32x256_8_control_logic_rw" (byte position 7437748): Warning: cell "sky130_sram_1kbyte_1rw1r_32x256_8_contact_19" placed on top of itself.  Ignoring the extra one.
Error while reading cell "sky130_sram_1kbyte_1rw1r_32x256_8_control_logic_rw" (byte position 7437822): Warning: cell "sky130_sram_1kbyte_1rw1r_32x256_8_contact_7" placed on top of itself.  Ignoring the extra one.
Error while reading cell "sky130_sram_1kbyte_1rw1r_32x256_8_control_logic_rw" (byte position 7437896): Warning: cell "sky130_sram_1kbyte_1rw1r_32x256_8_contact_14" placed on top of itself.  Ignoring the extra one.
Error while reading cell "sky130_sram_1kbyte_1rw1r_32x256_8_control_logic_rw" (byte position 7437970): Warning: cell "sky130_sram_1kbyte_1rw1r_32x256_8_contact_19" placed on top of itself.  Ignoring the extra one.
Error while reading cell "sky130_sram_1kbyte_1rw1r_32x256_8_control_logic_rw" (byte position 7438192): Warning: cell "sky130_sram_1kbyte_1rw1r_32x256_8_contact_14" placed on top of itself.  Ignoring the extra one.
Error while reading cell "sky130_sram_1kbyte_1rw1r_32x256_8_control_logic_rw" (byte position 7438266): Warning: cell "sky130_sram_1kbyte_1rw1r_32x256_8_contact_19" placed on top of itself.  Ignoring the extra one.
Reading "sky130_sram_1kbyte_1rw1r_32x256_8_bank".
Reading "sky130_sram_1kbyte_1rw1r_32x256_8".
    5000 uses
Warning: Calma reading is not undoable!  I hope that's OK.
Library written using GDS-II Release 3.0
Library name: aes
Reading "sky130_fd_sc_hd__fill_8".
Warning:  cell sky130_fd_sc_hd__fill_8 already existed before reading GDS!
Reading "sky130_fd_sc_hd__fill_2".
Warning:  cell sky130_fd_sc_hd__fill_2 already existed before reading GDS!
Reading "sky130_fd_sc_hd__fill_4".
Warning:  cell sky130_fd_sc_hd__fill_4 already existed before reading GDS!
Reading "sky130_fd_sc_hd__diode_2".
Warning:  cell sky130_fd_sc_hd__diode_2 already existed before reading GDS!
Reading "sky130_fd_sc_hd__dfrtp_1".
Warning:  cell sky130_fd_sc_hd__dfrtp_1 already existed before reading GDS!
Reading "sky130_fd_sc_hd__fill_1".
Warning:  cell sky130_fd_sc_hd__fill_1 already existed before reading GDS!
Reading "sky130_fd_sc_hd__mux2_1".
Warning:  cell sky130_fd_sc_hd__mux2_1 already existed before reading GDS!
Reading "sky130_fd_sc_hd__a21oi_1".
Warning:  cell sky130_fd_sc_hd__a21oi_1 already existed before reading GDS!
Reading "sky130_fd_sc_hd__o21ai_0".
Warning:  cell sky130_fd_sc_hd__o21ai_0 already existed before reading GDS!
Reading "sky130_fd_sc_hd__nand2_1".
Warning:  cell sky130_fd_sc_hd__nand2_1 already existed before reading GDS!
Reading "sky130_fd_sc_hd__buf_16".
Warning:  cell sky130_fd_sc_hd__buf_16 already existed before reading GDS!
Reading "sky130_fd_sc_hd__nor2_1".
Warning:  cell sky130_fd_sc_hd__nor2_1 already existed before reading GDS!
Reading "sky130_fd_sc_hd__a222oi_1".
Warning:  cell sky130_fd_sc_hd__a222oi_1 already existed before reading GDS!
Reading "sky130_fd_sc_hd__a22oi_1".
Warning:  cell sky130_fd_sc_hd__a22oi_1 already existed before reading GDS!
Reading "sky130_fd_sc_hd__a22o_1".
Warning:  cell sky130_fd_sc_hd__a22o_1 already existed before reading GDS!
Reading "sky130_fd_sc_hd__buf_6".
Warning:  cell sky130_fd_sc_hd__buf_6 already existed before reading GDS!
Reading "sky130_fd_sc_hd__a221oi_1".
Warning:  cell sky130_fd_sc_hd__a221oi_1 already existed before reading GDS!
Reading "sky130_fd_sc_hd__nand4_1".
Warning:  cell sky130_fd_sc_hd__nand4_1 already existed before reading GDS!
Reading "sky130_fd_sc_hd__nand3_1".
Warning:  cell sky130_fd_sc_hd__nand3_1 already existed before reading GDS!
Reading "sky130_fd_sc_hd__nand4_2".
Warning:  cell sky130_fd_sc_hd__nand4_2 already existed before reading GDS!
Reading "sky130_fd_sc_hd__clkinv_2".
Warning:  cell sky130_fd_sc_hd__clkinv_2 already existed before reading GDS!
Reading "sky130_fd_sc_hd__clkinv_4".
Warning:  cell sky130_fd_sc_hd__clkinv_4 already existed before reading GDS!
Reading "sky130_fd_sc_hd__o22ai_4".
Warning:  cell sky130_fd_sc_hd__o22ai_4 already existed before reading GDS!
Reading "sky130_fd_sc_hd__clkbuf_8".
Warning:  cell sky130_fd_sc_hd__clkbuf_8 already existed before reading GDS!
Reading "sky130_fd_sc_hd__clkbuf_4".
Warning:  cell sky130_fd_sc_hd__clkbuf_4 already existed before reading GDS!
Reading "sky130_fd_sc_hd__buf_8".
Warning:  cell sky130_fd_sc_hd__buf_8 already existed before reading GDS!
Reading "sky130_fd_sc_hd__o22a_4".
Warning:  cell sky130_fd_sc_hd__o22a_4 already existed before reading GDS!
Reading "sky130_fd_sc_hd__clkinvlp_4".
Warning:  cell sky130_fd_sc_hd__clkinvlp_4 already existed before reading GDS!
Reading "sky130_fd_sc_hd__buf_12".
Warning:  cell sky130_fd_sc_hd__buf_12 already existed before reading GDS!
Reading "sky130_fd_sc_hd__o32ai_4".
Warning:  cell sky130_fd_sc_hd__o32ai_4 already existed before reading GDS!
Reading "sky130_fd_sc_hd__and2_0".
Warning:  cell sky130_fd_sc_hd__and2_0 already existed before reading GDS!
Reading "sky130_fd_sc_hd__buf_4".
Warning:  cell sky130_fd_sc_hd__buf_4 already existed before reading GDS!
Reading "sky130_fd_sc_hd__bufinv_16".
Warning:  cell sky130_fd_sc_hd__bufinv_16 already existed before reading GDS!
Reading "sky130_fd_sc_hd__a211o_1".
Warning:  cell sky130_fd_sc_hd__a211o_1 already existed before reading GDS!
Reading "sky130_fd_sc_hd__inv_6".
Warning:  cell sky130_fd_sc_hd__inv_6 already existed before reading GDS!
Reading "sky130_fd_sc_hd__o21ai_4".
Warning:  cell sky130_fd_sc_hd__o21ai_4 already existed before reading GDS!
Reading "sky130_fd_sc_hd__a21boi_4".
Warning:  cell sky130_fd_sc_hd__a21boi_4 already existed before reading GDS!
Reading "sky130_fd_sc_hd__a21oi_4".
Warning:  cell sky130_fd_sc_hd__a21oi_4 already existed before reading GDS!
Reading "sky130_fd_sc_hd__a211oi_4".
Warning:  cell sky130_fd_sc_hd__a211oi_4 already existed before reading GDS!
Reading "sky130_fd_sc_hd__o21ai_1".
Warning:  cell sky130_fd_sc_hd__o21ai_1 already existed before reading GDS!
Reading "sky130_fd_sc_hd__o211a_4".
Warning:  cell sky130_fd_sc_hd__o211a_4 already existed before reading GDS!
Reading "sky130_fd_sc_hd__a21oi_2".
Warning:  cell sky130_fd_sc_hd__a21oi_2 already existed before reading GDS!
Reading "sky130_fd_sc_hd__a211oi_2".
Warning:  cell sky130_fd_sc_hd__a211oi_2 already existed before reading GDS!
Reading "sky130_fd_sc_hd__o31ai_1".
Warning:  cell sky130_fd_sc_hd__o31ai_1 already existed before reading GDS!
Reading "sky130_fd_sc_hd__xor2_1".
Warning:  cell sky130_fd_sc_hd__xor2_1 already existed before reading GDS!
Reading "sky130_fd_sc_hd__xnor2_1".
Warning:  cell sky130_fd_sc_hd__xnor2_1 already existed before reading GDS!
Reading "sky130_fd_sc_hd__o211ai_4".
Warning:  cell sky130_fd_sc_hd__o211ai_4 already existed before reading GDS!
Reading "sky130_fd_sc_hd__lpflow_inputiso1p_1".
Warning:  cell sky130_fd_sc_hd__lpflow_inputiso1p_1 already existed before reading GDS!
Reading "sky130_fd_sc_hd__a311oi_4".
Warning:  cell sky130_fd_sc_hd__a311oi_4 already existed before reading GDS!
Reading "sky130_fd_sc_hd__nor3_1".
Warning:  cell sky130_fd_sc_hd__nor3_1 already existed before reading GDS!
Reading "sky130_fd_sc_hd__xor3_1".
Warning:  cell sky130_fd_sc_hd__xor3_1 already existed before reading GDS!
Reading "sky130_fd_sc_hd__xor2_2".
Warning:  cell sky130_fd_sc_hd__xor2_2 already existed before reading GDS!
Reading "sky130_fd_sc_hd__o21a_1".
Warning:  cell sky130_fd_sc_hd__o21a_1 already existed before reading GDS!
Reading "sky130_fd_sc_hd__dfrtp_4".
Warning:  cell sky130_fd_sc_hd__dfrtp_4 already existed before reading GDS!
Reading "sky130_fd_sc_hd__xnor3_2".
Warning:  cell sky130_fd_sc_hd__xnor3_2 already existed before reading GDS!
Reading "sky130_fd_sc_hd__o22ai_1".
Warning:  cell sky130_fd_sc_hd__o22ai_1 already existed before reading GDS!
Reading "sky130_fd_sc_hd__xnor3_1".
Warning:  cell sky130_fd_sc_hd__xnor3_1 already existed before reading GDS!
Reading "sky130_fd_sc_hd__o221ai_4".
Warning:  cell sky130_fd_sc_hd__o221ai_4 already existed before reading GDS!
Reading "sky130_fd_sc_hd__a221o_1".
Warning:  cell sky130_fd_sc_hd__a221o_1 already existed before reading GDS!
Reading "sky130_fd_sc_hd__o21ai_2".
Warning:  cell sky130_fd_sc_hd__o21ai_2 already existed before reading GDS!
Reading "sky130_fd_sc_hd__inv_1".
Warning:  cell sky130_fd_sc_hd__inv_1 already existed before reading GDS!
Reading "sky130_fd_sc_hd__nor3b_2".
Warning:  cell sky130_fd_sc_hd__nor3b_2 already existed before reading GDS!
Reading "sky130_fd_sc_hd__a21o_1".
Warning:  cell sky130_fd_sc_hd__a21o_1 already existed before reading GDS!
Reading "sky130_fd_sc_hd__a211oi_1".
Warning:  cell sky130_fd_sc_hd__a211oi_1 already existed before reading GDS!
Reading "sky130_fd_sc_hd__o32a_1".
Warning:  cell sky130_fd_sc_hd__o32a_1 already existed before reading GDS!
Reading "sky130_fd_sc_hd__a221oi_4".
Warning:  cell sky130_fd_sc_hd__a221oi_4 already existed before reading GDS!
Reading "sky130_fd_sc_hd__dfrtp_2".
Warning:  cell sky130_fd_sc_hd__dfrtp_2 already existed before reading GDS!
Reading "sky130_fd_sc_hd__nand2_2".
Warning:  cell sky130_fd_sc_hd__nand2_2 already existed before reading GDS!
Reading "sky130_fd_sc_hd__nand2b_4".
Warning:  cell sky130_fd_sc_hd__nand2b_4 already existed before reading GDS!
Reading "sky130_fd_sc_hd__nor2_8".
Warning:  cell sky130_fd_sc_hd__nor2_8 already existed before reading GDS!
Reading "sky130_fd_sc_hd__nor3_4".
Warning:  cell sky130_fd_sc_hd__nor3_4 already existed before reading GDS!
Reading "sky130_fd_sc_hd__nand3b_4".
Warning:  cell sky130_fd_sc_hd__nand3b_4 already existed before reading GDS!
Reading "sky130_fd_sc_hd__nor2_4".
Warning:  cell sky130_fd_sc_hd__nor2_4 already existed before reading GDS!
Reading "sky130_fd_sc_hd__nand2_8".
Warning:  cell sky130_fd_sc_hd__nand2_8 already existed before reading GDS!
Reading "sky130_fd_sc_hd__nand4_4".
Warning:  cell sky130_fd_sc_hd__nand4_4 already existed before reading GDS!
Reading "sky130_fd_sc_hd__nor2_2".
Warning:  cell sky130_fd_sc_hd__nor2_2 already existed before reading GDS!
Reading "sky130_fd_sc_hd__lpflow_isobufsrc_1".
Warning:  cell sky130_fd_sc_hd__lpflow_isobufsrc_1 already existed before reading GDS!
Reading "sky130_fd_sc_hd__nor4_4".
Warning:  cell sky130_fd_sc_hd__nor4_4 already existed before reading GDS!
Reading "sky130_fd_sc_hd__nand3_4".
Warning:  cell sky130_fd_sc_hd__nand3_4 already existed before reading GDS!
Reading "sky130_fd_sc_hd__nor4_2".
Warning:  cell sky130_fd_sc_hd__nor4_2 already existed before reading GDS!
Reading "sky130_fd_sc_hd__o22ai_2".
Warning:  cell sky130_fd_sc_hd__o22ai_2 already existed before reading GDS!
Reading "sky130_fd_sc_hd__and3_4".
Warning:  cell sky130_fd_sc_hd__and3_4 already existed before reading GDS!
Reading "sky130_fd_sc_hd__nand2b_1".
Warning:  cell sky130_fd_sc_hd__nand2b_1 already existed before reading GDS!
Reading "sky130_fd_sc_hd__dfstp_1".
Warning:  cell sky130_fd_sc_hd__dfstp_1 already existed before reading GDS!
Reading "sky130_fd_sc_hd__o2111ai_1".
Warning:  cell sky130_fd_sc_hd__o2111ai_1 already existed before reading GDS!
Reading "sky130_fd_sc_hd__nor4_1".
Warning:  cell sky130_fd_sc_hd__nor4_1 already existed before reading GDS!
Reading "sky130_fd_sc_hd__nor2b_4".
Warning:  cell sky130_fd_sc_hd__nor2b_4 already existed before reading GDS!
Reading "sky130_fd_sc_hd__mux2i_4".
Warning:  cell sky130_fd_sc_hd__mux2i_4 already existed before reading GDS!
Reading "sky130_fd_sc_hd__a2111oi_0".
Warning:  cell sky130_fd_sc_hd__a2111oi_0 already existed before reading GDS!
Reading "sky130_fd_sc_hd__nor2b_1".
Warning:  cell sky130_fd_sc_hd__nor2b_1 already existed before reading GDS!
Reading "sky130_fd_sc_hd__nand3b_1".
Warning:  cell sky130_fd_sc_hd__nand3b_1 already existed before reading GDS!
Reading "sky130_fd_sc_hd__a31o_1".
Warning:  cell sky130_fd_sc_hd__a31o_1 already existed before reading GDS!
Reading "sky130_fd_sc_hd__mux2_8".
Warning:  cell sky130_fd_sc_hd__mux2_8 already existed before reading GDS!
Reading "sky130_fd_sc_hd__o221ai_1".
Warning:  cell sky130_fd_sc_hd__o221ai_1 already existed before reading GDS!
Reading "sky130_fd_sc_hd__and3_1".
Warning:  cell sky130_fd_sc_hd__and3_1 already existed before reading GDS!
Reading "sky130_fd_sc_hd__nand2_4".
Warning:  cell sky130_fd_sc_hd__nand2_4 already existed before reading GDS!
Reading "sky130_fd_sc_hd__a22oi_2".
Warning:  cell sky130_fd_sc_hd__a22oi_2 already existed before reading GDS!
Reading "sky130_fd_sc_hd__o211ai_1".
Warning:  cell sky130_fd_sc_hd__o211ai_1 already existed before reading GDS!
Reading "sky130_fd_sc_hd__or3_4".
Warning:  cell sky130_fd_sc_hd__or3_4 already existed before reading GDS!
Reading "sky130_fd_sc_hd__nor3b_4".
Warning:  cell sky130_fd_sc_hd__nor3b_4 already existed before reading GDS!
Reading "sky130_fd_sc_hd__nand4b_4".
Warning:  cell sky130_fd_sc_hd__nand4b_4 already existed before reading GDS!
Reading "sky130_fd_sc_hd__and4b_4".
Warning:  cell sky130_fd_sc_hd__and4b_4 already existed before reading GDS!
Reading "sky130_fd_sc_hd__a2111oi_2".
Warning:  cell sky130_fd_sc_hd__a2111oi_2 already existed before reading GDS!
Reading "sky130_fd_sc_hd__o21ba_4".
Warning:  cell sky130_fd_sc_hd__o21ba_4 already existed before reading GDS!
Reading "sky130_fd_sc_hd__xnor2_2".
Warning:  cell sky130_fd_sc_hd__xnor2_2 already existed before reading GDS!
Reading "sky130_fd_sc_hd__nand4b_1".
Warning:  cell sky130_fd_sc_hd__nand4b_1 already existed before reading GDS!
Reading "sky130_fd_sc_hd__nand3_2".
Warning:  cell sky130_fd_sc_hd__nand3_2 already existed before reading GDS!
Reading "sky130_fd_sc_hd__nor2b_2".
Warning:  cell sky130_fd_sc_hd__nor2b_2 already existed before reading GDS!
Reading "sky130_fd_sc_hd__or4_1".
Warning:  cell sky130_fd_sc_hd__or4_1 already existed before reading GDS!
Reading "sky130_fd_sc_hd__a2111o_1".
Warning:  cell sky130_fd_sc_hd__a2111o_1 already existed before reading GDS!
Reading "sky130_fd_sc_hd__o22a_1".
Warning:  cell sky130_fd_sc_hd__o22a_1 already existed before reading GDS!
Reading "sky130_fd_sc_hd__a31oi_4".
Warning:  cell sky130_fd_sc_hd__a31oi_4 already existed before reading GDS!
Reading "sky130_fd_sc_hd__a21o_4".
Warning:  cell sky130_fd_sc_hd__a21o_4 already existed before reading GDS!
Reading "sky130_fd_sc_hd__a2111oi_1".
Warning:  cell sky130_fd_sc_hd__a2111oi_1 already existed before reading GDS!
Reading "sky130_fd_sc_hd__nor3_2".
Warning:  cell sky130_fd_sc_hd__nor3_2 already existed before reading GDS!
Reading "sky130_fd_sc_hd__a32oi_4".
Warning:  cell sky130_fd_sc_hd__a32oi_4 already existed before reading GDS!
Reading "sky130_fd_sc_hd__inv_12".
Warning:  cell sky130_fd_sc_hd__inv_12 already existed before reading GDS!
Reading "sky130_fd_sc_hd__o211ai_2".
Warning:  cell sky130_fd_sc_hd__o211ai_2 already existed before reading GDS!
Reading "sky130_fd_sc_hd__and4b_1".
Warning:  cell sky130_fd_sc_hd__and4b_1 already existed before reading GDS!
Reading "sky130_fd_sc_hd__a32oi_2".
Warning:  cell sky130_fd_sc_hd__a32oi_2 already existed before reading GDS!
Reading "sky130_fd_sc_hd__o221a_1".
Warning:  cell sky130_fd_sc_hd__o221a_1 already existed before reading GDS!
Reading "sky130_fd_sc_hd__o2111a_1".
Warning:  cell sky130_fd_sc_hd__o2111a_1 already existed before reading GDS!
Reading "sky130_fd_sc_hd__nor4b_1".
Warning:  cell sky130_fd_sc_hd__nor4b_1 already existed before reading GDS!
Reading "sky130_fd_sc_hd__o32ai_1".
Warning:  cell sky130_fd_sc_hd__o32ai_1 already existed before reading GDS!
Reading "sky130_fd_sc_hd__and2_4".
Warning:  cell sky130_fd_sc_hd__and2_4 already existed before reading GDS!
Reading "sky130_fd_sc_hd__o221a_4".
Warning:  cell sky130_fd_sc_hd__o221a_4 already existed before reading GDS!
Reading "sky130_fd_sc_hd__o311a_4".
Warning:  cell sky130_fd_sc_hd__o311a_4 already existed before reading GDS!
Reading "sky130_fd_sc_hd__xor2_4".
Warning:  cell sky130_fd_sc_hd__xor2_4 already existed before reading GDS!
Reading "sky130_fd_sc_hd__a21boi_0".
Warning:  cell sky130_fd_sc_hd__a21boi_0 already existed before reading GDS!
Reading "sky130_fd_sc_hd__a22oi_4".
Warning:  cell sky130_fd_sc_hd__a22oi_4 already existed before reading GDS!
Reading "sky130_fd_sc_hd__a311oi_1".
Warning:  cell sky130_fd_sc_hd__a311oi_1 already existed before reading GDS!
Reading "sky130_fd_sc_hd__o32ai_2".
Warning:  cell sky130_fd_sc_hd__o32ai_2 already existed before reading GDS!
Reading "sky130_fd_sc_hd__and3b_1".
Warning:  cell sky130_fd_sc_hd__and3b_1 already existed before reading GDS!
Reading "sky130_fd_sc_hd__a41oi_1".
Warning:  cell sky130_fd_sc_hd__a41oi_1 already existed before reading GDS!
Reading "sky130_fd_sc_hd__a31oi_1".
Warning:  cell sky130_fd_sc_hd__a31oi_1 already existed before reading GDS!
Reading "sky130_fd_sc_hd__o2111ai_4".
Warning:  cell sky130_fd_sc_hd__o2111ai_4 already existed before reading GDS!
Reading "sky130_fd_sc_hd__o2111ai_2".
Warning:  cell sky130_fd_sc_hd__o2111ai_2 already existed before reading GDS!
Reading "sky130_fd_sc_hd__and4_1".
Warning:  cell sky130_fd_sc_hd__and4_1 already existed before reading GDS!
Reading "sky130_fd_sc_hd__or3b_1".
Warning:  cell sky130_fd_sc_hd__or3b_1 already existed before reading GDS!
Reading "sky130_fd_sc_hd__o31a_1".
Warning:  cell sky130_fd_sc_hd__o31a_1 already existed before reading GDS!
Reading "sky130_fd_sc_hd__xnor2_4".
Warning:  cell sky130_fd_sc_hd__xnor2_4 already existed before reading GDS!
Reading "sky130_fd_sc_hd__o221ai_2".
Warning:  cell sky130_fd_sc_hd__o221ai_2 already existed before reading GDS!
Reading "sky130_fd_sc_hd__o31ai_4".
Warning:  cell sky130_fd_sc_hd__o31ai_4 already existed before reading GDS!
Reading "sky130_fd_sc_hd__or3_1".
Warning:  cell sky130_fd_sc_hd__or3_1 already existed before reading GDS!
Reading "sky130_fd_sc_hd__o21a_4".
Warning:  cell sky130_fd_sc_hd__o21a_4 already existed before reading GDS!
Reading "sky130_fd_sc_hd__and4_2".
Warning:  cell sky130_fd_sc_hd__and4_2 already existed before reading GDS!
Reading "sky130_fd_sc_hd__a22o_4".
Warning:  cell sky130_fd_sc_hd__a22o_4 already existed before reading GDS!
Reading "sky130_fd_sc_hd__and2_2".
Warning:  cell sky130_fd_sc_hd__and2_2 already existed before reading GDS!
Reading "sky130_fd_sc_hd__a32o_4".
Warning:  cell sky130_fd_sc_hd__a32o_4 already existed before reading GDS!
Reading "sky130_fd_sc_hd__o21bai_4".
Warning:  cell sky130_fd_sc_hd__o21bai_4 already existed before reading GDS!
Reading "sky130_fd_sc_hd__o21a_2".
Warning:  cell sky130_fd_sc_hd__o21a_2 already existed before reading GDS!
Reading "sky130_fd_sc_hd__clkinv_1".
Warning:  cell sky130_fd_sc_hd__clkinv_1 already existed before reading GDS!
Reading "sky130_fd_sc_hd__a32oi_1".
Warning:  cell sky130_fd_sc_hd__a32oi_1 already existed before reading GDS!
Reading "sky130_fd_sc_hd__or3_2".
Warning:  cell sky130_fd_sc_hd__or3_2 already existed before reading GDS!
Reading "sky130_fd_sc_hd__and2_1".
Warning:  cell sky130_fd_sc_hd__and2_1 already existed before reading GDS!
Reading "sky130_fd_sc_hd__xnor3_4".
Warning:  cell sky130_fd_sc_hd__xnor3_4 already existed before reading GDS!
Reading "sky130_fd_sc_hd__o311ai_1".
Warning:  cell sky130_fd_sc_hd__o311ai_1 already existed before reading GDS!
Reading "sky130_fd_sc_hd__and3_2".
Warning:  cell sky130_fd_sc_hd__and3_2 already existed before reading GDS!
Reading "sky130_fd_sc_hd__a41oi_2".
Warning:  cell sky130_fd_sc_hd__a41oi_2 already existed before reading GDS!
Reading "sky130_fd_sc_hd__a311o_1".
Warning:  cell sky130_fd_sc_hd__a311o_1 already existed before reading GDS!
Reading "sky130_fd_sc_hd__a221oi_2".
Warning:  cell sky130_fd_sc_hd__a221oi_2 already existed before reading GDS!
Reading "sky130_fd_sc_hd__a31oi_2".
Warning:  cell sky130_fd_sc_hd__a31oi_2 already existed before reading GDS!
Reading "sky130_fd_sc_hd__or4b_1".
Warning:  cell sky130_fd_sc_hd__or4b_1 already existed before reading GDS!
Reading "sky130_fd_sc_hd__nor3b_1".
Warning:  cell sky130_fd_sc_hd__nor3b_1 already existed before reading GDS!
Reading "sky130_fd_sc_hd__and4_4".
Warning:  cell sky130_fd_sc_hd__and4_4 already existed before reading GDS!
Reading "sky130_fd_sc_hd__a2bb2oi_1".
Warning:  cell sky130_fd_sc_hd__a2bb2oi_1 already existed before reading GDS!
Reading "sky130_fd_sc_hd__o211a_1".
Warning:  cell sky130_fd_sc_hd__o211a_1 already existed before reading GDS!
Reading "sky130_fd_sc_hd__o2bb2ai_1".
Warning:  cell sky130_fd_sc_hd__o2bb2ai_1 already existed before reading GDS!
Reading "sky130_fd_sc_hd__nand4bb_1".
Warning:  cell sky130_fd_sc_hd__nand4bb_1 already existed before reading GDS!
Reading "sky130_fd_sc_hd__a2111oi_4".
Warning:  cell sky130_fd_sc_hd__a2111oi_4 already existed before reading GDS!
Reading "sky130_fd_sc_hd__nand4b_2".
Warning:  cell sky130_fd_sc_hd__nand4b_2 already existed before reading GDS!
Reading "sky130_fd_sc_hd__o31ai_2".
Warning:  cell sky130_fd_sc_hd__o31ai_2 already existed before reading GDS!
Reading "sky130_fd_sc_hd__or4_2".
Warning:  cell sky130_fd_sc_hd__or4_2 already existed before reading GDS!
Reading "sky130_fd_sc_hd__a41o_2".
Warning:  cell sky130_fd_sc_hd__a41o_2 already existed before reading GDS!
Reading "sky130_fd_sc_hd__o311ai_2".
Warning:  cell sky130_fd_sc_hd__o311ai_2 already existed before reading GDS!
Reading "sky130_fd_sc_hd__nor4bb_2".
Warning:  cell sky130_fd_sc_hd__nor4bb_2 already existed before reading GDS!
Reading "sky130_fd_sc_hd__and4b_2".
Warning:  cell sky130_fd_sc_hd__and4b_2 already existed before reading GDS!
Reading "sky130_fd_sc_hd__a21boi_1".
Warning:  cell sky130_fd_sc_hd__a21boi_1 already existed before reading GDS!
Reading "sky130_fd_sc_hd__inv_8".
Warning:  cell sky130_fd_sc_hd__inv_8 already existed before reading GDS!
Reading "sky130_fd_sc_hd__nand4bb_2".
Warning:  cell sky130_fd_sc_hd__nand4bb_2 already existed before reading GDS!
Reading "sky130_fd_sc_hd__xor3_2".
Warning:  cell sky130_fd_sc_hd__xor3_2 already existed before reading GDS!
Reading "sky130_fd_sc_hd__o41ai_4".
Warning:  cell sky130_fd_sc_hd__o41ai_4 already existed before reading GDS!
Reading "sky130_fd_sc_hd__a31o_2".
Warning:  cell sky130_fd_sc_hd__a31o_2 already existed before reading GDS!
Reading "sky130_fd_sc_hd__o2bb2ai_4".
Warning:  cell sky130_fd_sc_hd__o2bb2ai_4 already existed before reading GDS!
Reading "sky130_fd_sc_hd__o311ai_0".
Warning:  cell sky130_fd_sc_hd__o311ai_0 already existed before reading GDS!
Reading "sky130_fd_sc_hd__conb_1".
Warning:  cell sky130_fd_sc_hd__conb_1 already existed before reading GDS!
Reading "sky130_fd_sc_hd__clkinv_16".
Warning:  cell sky130_fd_sc_hd__clkinv_16 already existed before reading GDS!
Reading "aes".
    5000 uses
    10000 uses
    15000 uses
    20000 uses
    25000 uses
    30000 uses
    35000 uses
    40000 uses
    45000 uses
    50000 uses
    55000 uses
    60000 uses
    65000 uses
    70000 uses
Reading LEF data from file /Users/hello.welcometothisdevice/.ciel/ciel/sky130/versions/0fe599b2afb6708d281543108caf8310912f54af/sky130A/libs.ref/sky130_fd_sc_hd/techlef/sky130_fd_sc_hd__nom.tlef.
This action cannot be undone.
LEF read, Line 82 (Message): Unknown keyword "ANTENNAMODEL" in LEF file; ignoring.
LEF read, Line 83 (Message): Unknown keyword "ANTENNADIFFSIDEAREARATIO" in LEF file; ignoring.
LEF read, Line 116 (Message): Unknown keyword "MINENCLOSEDAREA" in LEF file; ignoring.
LEF read, Line 118 (Message): Unknown keyword "ANTENNAMODEL" in LEF file; ignoring.
LEF read, Line 119 (Message): Unknown keyword "ANTENNADIFFSIDEAREARATIO" in LEF file; ignoring.
LEF read, Line 125 (Message): Unknown keyword "MAXIMUMDENSITY" in LEF file; ignoring.
LEF read, Line 126 (Message): Unknown keyword "DENSITYCHECKWINDOW" in LEF file; ignoring.
LEF read, Line 127 (Message): Unknown keyword "DENSITYCHECKSTEP" in LEF file; ignoring.
LEF read, Line 160 (Message): Unknown keyword "MINENCLOSEDAREA" in LEF file; ignoring.
LEF read, Line 168 (Message): Unknown keyword "ANTENNAMODEL" in LEF file; ignoring.
LEF read, Line 169 (Message): Unknown keyword "ANTENNADIFFSIDEAREARATIO" in LEF file; ignoring.
LEF read, Line 171 (Message): Unknown keyword "MAXIMUMDENSITY" in LEF file; ignoring.
LEF read, Line 172 (Message): Unknown keyword "DENSITYCHECKWINDOW" in LEF file; ignoring.
LEF read, Line 173 (Message): Unknown keyword "DENSITYCHECKSTEP" in LEF file; ignoring.
LEF read, Line 210 (Message): Unknown keyword "ANTENNAMODEL" in LEF file; ignoring.
LEF read, Line 211 (Message): Unknown keyword "ANTENNADIFFSIDEAREARATIO" in LEF file; ignoring.
LEF read, Line 213 (Message): Unknown keyword "MAXIMUMDENSITY" in LEF file; ignoring.
LEF read, Line 214 (Message): Unknown keyword "DENSITYCHECKWINDOW" in LEF file; ignoring.
LEF read, Line 215 (Message): Unknown keyword "DENSITYCHECKSTEP" in LEF file; ignoring.
LEF read, Line 252 (Message): Unknown keyword "ANTENNAMODEL" in LEF file; ignoring.
LEF read, Line 253 (Message): Unknown keyword "ANTENNADIFFSIDEAREARATIO" in LEF file; ignoring.
LEF read, Line 255 (Message): Unknown keyword "MAXIMUMDENSITY" in LEF file; ignoring.
LEF read, Line 256 (Message): Unknown keyword "DENSITYCHECKWINDOW" in LEF file; ignoring.
LEF read, Line 257 (Message): Unknown keyword "DENSITYCHECKSTEP" in LEF file; ignoring.
LEF read, Line 294 (Message): Unknown keyword "ANTENNAMODEL" in LEF file; ignoring.
LEF read, Line 295 (Message): Unknown keyword "ANTENNADIFFSIDEAREARATIO" in LEF file; ignoring.
LEF read: Processed 801 lines.
Reading LEF data from file /Users/hello.welcometothisdevice/.ciel/ciel/sky130/versions/0fe599b2afb6708d281543108caf8310912f54af/sky130A/libs.ref/sky130_fd_sc_hd/lef/sky130_fd_sc_hd.lef.
This action cannot be undone.
LEF read: Processed 56536 lines.
Reading LEF data from file /Users/hello.welcometothisdevice/CAD-Project-AES128-DMA-/pico_aes_soc/src/our_runs/run_com/sky130_sram_1kbyte_1rw1r_32x256_8.lef.
This action cannot be undone.
LEF read: Processed 1093 lines.
Reading LEF data from file /Users/hello.welcometothisdevice/CAD-Project-AES128-DMA-/pico_aes_soc/src/our_runs/run_com/aes_abstract.lef.
This action cannot be undone.
LEF read, Line 9 (Message): Unknown keyword "VIARULE" in LEF file; ignoring.
LEF read, Line 10 (Message): Unknown keyword "CUTSIZE" in LEF file; ignoring.
LEF read, Line 11 (Message): Unknown keyword "LAYERS" in LEF file; ignoring.
LEF read, Line 12 (Message): Unknown keyword "CUTSPACING" in LEF file; ignoring.
LEF read, Line 14 (Message): Unknown keyword "ROWCOL" in LEF file; ignoring.
LEF read, Line 18 (Message): Unknown keyword "VIARULE" in LEF file; ignoring.
LEF read, Line 19 (Message): Unknown keyword "CUTSIZE" in LEF file; ignoring.
LEF read, Line 20 (Message): Unknown keyword "LAYERS" in LEF file; ignoring.
LEF read, Line 21 (Message): Unknown keyword "CUTSPACING" in LEF file; ignoring.
LEF read, Line 23 (Message): Unknown keyword "ROWCOL" in LEF file; ignoring.
LEF read, Line 27 (Message): Unknown keyword "VIARULE" in LEF file; ignoring.
LEF read, Line 28 (Message): Unknown keyword "CUTSIZE" in LEF file; ignoring.
LEF read, Line 29 (Message): Unknown keyword "LAYERS" in LEF file; ignoring.
LEF read, Line 30 (Message): Unknown keyword "CUTSPACING" in LEF file; ignoring.
LEF read, Line 32 (Message): Unknown keyword "ROWCOL" in LEF file; ignoring.
LEF read, Line 36 (Message): Unknown keyword "VIARULE" in LEF file; ignoring.
LEF read, Line 37 (Message): Unknown keyword "CUTSIZE" in LEF file; ignoring.
LEF read, Line 38 (Message): Unknown keyword "LAYERS" in LEF file; ignoring.
LEF read, Line 39 (Message): Unknown keyword "CUTSPACING" in LEF file; ignoring.
LEF read, Line 44 (Message): Unknown keyword "VIARULE" in LEF file; ignoring.
LEF read, Line 45 (Message): Unknown keyword "CUTSIZE" in LEF file; ignoring.
LEF read, Line 46 (Message): Unknown keyword "LAYERS" in LEF file; ignoring.
LEF read, Line 47 (Message): Unknown keyword "CUTSPACING" in LEF file; ignoring.
LEF read: Processed 47600 lines.
Reading DEF data from file /Users/hello.welcometothisdevice/CAD-Project-AES128-DMA-/pico_aes_soc/src/our_runs/run_com/picosoc_aes_combined.def.
This action cannot be undone.
  Processed 5 vias total.
Cell sky130_sram_1kbyte_1rw1r_32x256_8 couldn't be read
DEF read, Line 291310 (Error): Cell sky130_sram_1kbyte_1rw1r_32x256_8 is not defined.  Maybe you have not read the corresponding LEF file?
  Processed 290356 subcell instances total.
  Processed 123 pins total.
DEF read, Line 291829 (Message): Unknown blockage property "PLACEMENT" in BLOCKAGES definition; ignoring.
DEF read, Line 291829 (Message): Unknown blockage property "+" in BLOCKAGES definition; ignoring.
DEF read, Line 291829 (Message): Unknown blockage property "SOFT" in BLOCKAGES definition; ignoring.
DEF read, Line 291830 (Message): Unknown blockage property "PLACEMENT" in BLOCKAGES definition; ignoring.
DEF read, Line 291830 (Message): Unknown blockage property "+" in BLOCKAGES definition; ignoring.
DEF read, Line 291830 (Message): Unknown blockage property "SOFT" in BLOCKAGES definition; ignoring.
  Processed 2 blockages.
  Processed 2 special nets total.
  Processed 18166 nets total.
DEF read: Processed 642595 lines.
DEF Read: encountered 1 error total.
   Generating output for cell sky130_sram_1kbyte_1rw1r_32x256_8_contact_40
   Generating output for cell sky130_sram_1kbyte_1rw1r_32x256_8_contact_34
   Generating output for cell sky130_sram_1kbyte_1rw1r_32x256_8_contact_39
   Generating output for cell sky130_sram_1kbyte_1rw1r_32x256_8_contact_7
   Generating output for cell sky130_sram_1kbyte_1rw1r_32x256_8_contact_19
   Generating output for cell sky130_sram_1kbyte_1rw1r_32x256_8_contact_14
   Generating output for cell sky130_sram_1kbyte_1rw1r_32x256_8_contact_13
   Generating output for cell sky130_sram_1kbyte_1rw1r_32x256_8_contact_33
   Generating output for cell sky130_fd_bd_sram__openram_dff
   Generating output for cell sky130_sram_1kbyte_1rw1r_32x256_8_col_addr_dff
   Generating output for cell sky130_sram_1kbyte_1rw1r_32x256_8_wmask_dff
   Generating output for cell sky130_sram_1kbyte_1rw1r_32x256_8_data_dff
   Generating output for cell sky130_sram_1kbyte_1rw1r_32x256_8_cr_4
   Generating output for cell sky130_fd_sc_hd__decap_3
   Generating output for cell sky130_fd_sc_hd__fill_8
   Generating output for cell sky130_fd_sc_hd__tapvpwrvgnd_1
   Generating output for cell sky130_fd_sc_hd__fill_1
   Generating output for cell sky130_fd_sc_hd__fill_2
   Generating output for cell sky130_fd_sc_hd__fill_4
   Generating output for cell sky130_sram_1kbyte_1rw1r_32x256_8_cr_3
   Generating output for cell sky130_sram_1kbyte_1rw1r_32x256_8_row_addr_dff
   Generating output for cell sky130_sram_1kbyte_1rw1r_32x256_8_contact_16
   Generating output for cell sky130_sram_1kbyte_1rw1r_32x256_8_contact_29
   Generating output for cell sky130_sram_1kbyte_1rw1r_32x256_8_contact_28
   Generating output for cell sky130_sram_1kbyte_1rw1r_32x256_8_contact_11
   Generating output for cell sky130_sram_1kbyte_1rw1r_32x256_8_nmos_m1_w0_360_sli_dli_da_p
   Generating output for cell sky130_sram_1kbyte_1rw1r_32x256_8_contact_12
   Generating output for cell sky130_sram_1kbyte_1rw1r_32x256_8_pmos_m1_w1_120_sli_dli_da_p
   Generating output for cell sky130_sram_1kbyte_1rw1r_32x256_8_pinv_0
   Generating output for cell sky130_sram_1kbyte_1rw1r_32x256_8_nmos_m1_w0_740_sactive_dli
   Generating output for cell sky130_sram_1kbyte_1rw1r_32x256_8_nmos_m1_w0_740_sli_dactive
   Generating output for cell sky130_sram_1kbyte_1rw1r_32x256_8_pmos_m1_w1_120_sli_dli
   Generating output for cell sky130_sram_1kbyte_1rw1r_32x256_8_pnand2_1
   Generating output for cell sky130_sram_1kbyte_1rw1r_32x256_8_nmos_m3_w1_680_sli_dli_da_p
   Generating output for cell sky130_sram_1kbyte_1rw1r_32x256_8_pmos_m3_w1_680_sli_dli_da_p
   Generating output for cell sky130_sram_1kbyte_1rw1r_32x256_8_pinv_2
   Generating output for cell sky130_sram_1kbyte_1rw1r_32x256_8_nmos_m2_w0_740_sli_dli_da_p
   Generating output for cell sky130_sram_1kbyte_1rw1r_32x256_8_pmos_m2_w1_260_sli_dli_da_p
   Generating output for cell sky130_sram_1kbyte_1rw1r_32x256_8_pinv_1
   Generating output for cell sky130_sram_1kbyte_1rw1r_32x256_8_dff_buf_0
   Generating output for cell sky130_sram_1kbyte_1rw1r_32x256_8_dff_buf_array
   Generating output for cell sky130_sram_1kbyte_1rw1r_32x256_8_nmos_m7_w1_680_sli_dli_da_p
   Generating output for cell sky130_sram_1kbyte_1rw1r_32x256_8_pmos_m7_w2_000_sli_dli_da_p
   Generating output for cell sky130_sram_1kbyte_1rw1r_32x256_8_pinv_3
   Generating output for cell sky130_sram_1kbyte_1rw1r_32x256_8_pdriver_0
   Generating output for cell sky130_sram_1kbyte_1rw1r_32x256_8_pnand2_0
   Generating output for cell sky130_sram_1kbyte_1rw1r_32x256_8_pand2_0
   Generating output for cell sky130_sram_1kbyte_1rw1r_32x256_8_nmos_m12_w2_000_sli_dli_da_p
   Generating output for cell sky130_sram_1kbyte_1rw1r_32x256_8_pmos_m12_w2_000_sli_dli_da_p
   Generating output for cell sky130_sram_1kbyte_1rw1r_32x256_8_pinv_18
   Generating output for cell sky130_sram_1kbyte_1rw1r_32x256_8_nmos_m4_w1_260_sli_dli_da_p
   Generating output for cell sky130_sram_1kbyte_1rw1r_32x256_8_pmos_m4_w2_000_sli_dli_da_p
   Generating output for cell sky130_sram_1kbyte_1rw1r_32x256_8_pinv_17
   Generating output for cell sky130_sram_1kbyte_1rw1r_32x256_8_pinv_11
   Generating output for cell sky130_sram_1kbyte_1rw1r_32x256_8_pinv_6
   Generating output for cell sky130_sram_1kbyte_1rw1r_32x256_8_pdriver_5
   Generating output for cell sky130_sram_1kbyte_1rw1r_32x256_8_pinv_19
   Generating output for cell sky130_sram_1kbyte_1rw1r_32x256_8_delay_chain
   Generating output for cell sky130_sram_1kbyte_1rw1r_32x256_8_nmos_m18_w2_000_sli_dli_da_p
   Generating output for cell sky130_sram_1kbyte_1rw1r_32x256_8_pmos_m18_w2_000_sli_dli_da_p
   Generating output for cell sky130_sram_1kbyte_1rw1r_32x256_8_pinv_16
   Generating output for cell sky130_sram_1kbyte_1rw1r_32x256_8_pdriver_4
   Generating output for cell sky130_sram_1kbyte_1rw1r_32x256_8_nmos_m1_w0_740_sactive_dactive
   Generating output for cell sky130_sram_1kbyte_1rw1r_32x256_8_pnand3
   Generating output for cell sky130_sram_1kbyte_1rw1r_32x256_8_pand3_0
   Generating output for cell sky130_sram_1kbyte_1rw1r_32x256_8_nmos_m22_w2_000_sli_dli_da_p
   Generating output for cell sky130_sram_1kbyte_1rw1r_32x256_8_pmos_m22_w2_000_sli_dli_da_p
   Generating output for cell sky130_sram_1kbyte_1rw1r_32x256_8_pinv_15
   Generating output for cell sky130_sram_1kbyte_1rw1r_32x256_8_pdriver_3
   Generating output for cell sky130_sram_1kbyte_1rw1r_32x256_8_pand3
   Generating output for cell sky130_sram_1kbyte_1rw1r_32x256_8_nmos_m24_w2_000_sli_dli_da_p
   Generating output for cell sky130_sram_1kbyte_1rw1r_32x256_8_pmos_m24_w2_000_sli_dli_da_p
   Generating output for cell sky130_sram_1kbyte_1rw1r_32x256_8_pinv_14
   Generating output for cell sky130_sram_1kbyte_1rw1r_32x256_8_nmos_m8_w2_000_sli_dli_da_p
   Generating output for cell sky130_sram_1kbyte_1rw1r_32x256_8_pmos_m8_w2_000_sli_dli_da_p
   Generating output for cell sky130_sram_1kbyte_1rw1r_32x256_8_pinv_13
   Generating output for cell sky130_sram_1kbyte_1rw1r_32x256_8_nmos_m3_w2_000_sli_dli_da_p
   Generating output for cell sky130_sram_1kbyte_1rw1r_32x256_8_pmos_m3_w2_000_sli_dli_da_p
   Generating output for cell sky130_sram_1kbyte_1rw1r_32x256_8_pinv_12
   Generating output for cell sky130_sram_1kbyte_1rw1r_32x256_8_pdriver_2
   Generating output for cell sky130_sram_1kbyte_1rw1r_32x256_8_nmos_m40_w2_000_sli_dli_da_p
   Generating output for cell sky130_sram_1kbyte_1rw1r_32x256_8_pmos_m40_w2_000_sli_dli_da_p
   Generating output for cell sky130_sram_1kbyte_1rw1r_32x256_8_pinv_10
   Generating output for cell sky130_sram_1kbyte_1rw1r_32x256_8_nmos_m13_w2_000_sli_dli_da_p
   Generating output for cell sky130_sram_1kbyte_1rw1r_32x256_8_pmos_m13_w2_000_sli_dli_da_p
   Generating output for cell sky130_sram_1kbyte_1rw1r_32x256_8_pinv_9
   Generating output for cell sky130_sram_1kbyte_1rw1r_32x256_8_nmos_m5_w1_680_sli_dli_da_p
   Generating output for cell sky130_sram_1kbyte_1rw1r_32x256_8_pmos_m5_w2_000_sli_dli_da_p
   Generating output for cell sky130_sram_1kbyte_1rw1r_32x256_8_pinv_8
   Generating output for cell sky130_sram_1kbyte_1rw1r_32x256_8_nmos_m2_w1_260_sli_dli_da_p
   Generating output for cell sky130_sram_1kbyte_1rw1r_32x256_8_pmos_m2_w2_000_sli_dli_da_p
   Generating output for cell sky130_sram_1kbyte_1rw1r_32x256_8_pinv_7
   Generating output for cell sky130_sram_1kbyte_1rw1r_32x256_8_pdriver_1
   Generating output for cell sky130_sram_1kbyte_1rw1r_32x256_8_control_logic_rw
   Generating output for cell sky130_sram_1kbyte_1rw1r_32x256_8_pinvbuf
   Generating output for cell sky130_sram_1kbyte_1rw1r_32x256_8_contact_15
   Generating output for cell sky130_sram_1kbyte_1rw1r_32x256_8_nmos_m1_w7_000_sli_dli_da_p
   Generating output for cell sky130_sram_1kbyte_1rw1r_32x256_8_pmos_m1_w7_000_sli_dli_da_p
   Generating output for cell sky130_sram_1kbyte_1rw1r_32x256_8_pinv_dec_0
   Generating output for cell sky130_fd_bd_sram__openram_dp_nand2_dec
   Generating output for cell sky130_sram_1kbyte_1rw1r_32x256_8_and2_dec_0
   Generating output for cell sky130_sram_1kbyte_1rw1r_32x256_8_wordline_driver
   Generating output for cell sky130_sram_1kbyte_1rw1r_32x256_8_wordline_driver_array
   Generating output for cell sky130_sram_1kbyte_1rw1r_32x256_8_contact_20
   Generating output for cell sky130_sram_1kbyte_1rw1r_32x256_8_contact_17
   Generating output for cell sky130_sram_1kbyte_1rw1r_32x256_8_pinv_dec
   Generating output for cell sky130_fd_bd_sram__openram_dp_nand3_dec
   Generating output for cell sky130_sram_1kbyte_1rw1r_32x256_8_and3_dec
   Generating output for cell sky130_sram_1kbyte_1rw1r_32x256_8_hierarchical_predecode3x8
   Generating output for cell sky130_sram_1kbyte_1rw1r_32x256_8_and2_dec
   Generating output for cell sky130_sram_1kbyte_1rw1r_32x256_8_hierarchical_predecode2x4
   Generating output for cell sky130_sram_1kbyte_1rw1r_32x256_8_hierarchical_decoder
   Generating output for cell sky130_sram_1kbyte_1rw1r_32x256_8_port_address_0
   Generating output for cell sky130_sram_1kbyte_1rw1r_32x256_8_port_address
   Generating output for cell sky130_sram_1kbyte_1rw1r_32x256_8_contact_27
   Generating output for cell sky130_sram_1kbyte_1rw1r_32x256_8_contact_26
   Generating output for cell sky130_sram_1kbyte_1rw1r_32x256_8_nmos_m1_w2_880_sli_dli
   Generating output for cell sky130_sram_1kbyte_1rw1r_32x256_8_column_mux_0
   Generating output for cell sky130_sram_1kbyte_1rw1r_32x256_8_contact_25
   Generating output for cell sky130_sram_1kbyte_1rw1r_32x256_8_contact_24
   Generating output for cell sky130_sram_1kbyte_1rw1r_32x256_8_column_mux_array_0
   Generating output for cell sky130_fd_bd_sram__openram_sense_amp
   Generating output for cell sky130_sram_1kbyte_1rw1r_32x256_8_sense_amp_array
   Generating output for cell sky130_sram_1kbyte_1rw1r_32x256_8_contact_23
   Generating output for cell sky130_sram_1kbyte_1rw1r_32x256_8_contact_21
   Generating output for cell sky130_sram_1kbyte_1rw1r_32x256_8_contact_22
   Generating output for cell sky130_sram_1kbyte_1rw1r_32x256_8_pmos_m1_w0_550_sli_dli
   Generating output for cell sky130_sram_1kbyte_1rw1r_32x256_8_precharge_1
   Generating output for cell sky130_sram_1kbyte_1rw1r_32x256_8_precharge_array_0
   Generating output for cell sky130_sram_1kbyte_1rw1r_32x256_8_port_data_0
   Generating output for cell sky130_sram_1kbyte_1rw1r_32x256_8_column_mux
   Generating output for cell sky130_sram_1kbyte_1rw1r_32x256_8_column_mux_array
   Generating output for cell sky130_sram_1kbyte_1rw1r_32x256_8_pinv
   Generating output for cell sky130_sram_1kbyte_1rw1r_32x256_8_pdriver
   Generating output for cell sky130_sram_1kbyte_1rw1r_32x256_8_pnand2
   Generating output for cell sky130_sram_1kbyte_1rw1r_32x256_8_pand2
   Generating output for cell sky130_sram_1kbyte_1rw1r_32x256_8_write_mask_and_array
   Generating output for cell sky130_fd_bd_sram__openram_write_driver
   Generating output for cell sky130_sram_1kbyte_1rw1r_32x256_8_write_driver_array
   Generating output for cell sky130_sram_1kbyte_1rw1r_32x256_8_precharge_0
   Generating output for cell sky130_sram_1kbyte_1rw1r_32x256_8_precharge_array
   Generating output for cell sky130_sram_1kbyte_1rw1r_32x256_8_port_data
   Generating output for cell sky130_sram_1kbyte_1rw1r_32x256_8_contact_9
   Generating output for cell sky130_sram_1kbyte_1rw1r_32x256_8_contact_8
   Generating output for cell sky130_fd_bd_sram__openram_dp_cell_cap_row
   Generating output for cell sky130_sram_1kbyte_1rw1r_32x256_8_row_cap_array_0
   Generating output for cell sky130_sram_1kbyte_1rw1r_32x256_8_row_cap_array
   Generating output for cell sky130_fd_bd_sram__openram_dp_cell_cap_col
   Generating output for cell sky130_sram_1kbyte_1rw1r_32x256_8_col_cap_array
   Generating output for cell sky130_sram_1kbyte_1rw1r_32x256_8_col_cap_array_0
   Generating output for cell sky130_fd_bd_sram__openram_dp_cell_dummy
   Generating output for cell sky130_sram_1kbyte_1rw1r_32x256_8_dummy_array
   Generating output for cell sky130_fd_bd_sram__openram_dp_cell_replica
   Generating output for cell sky130_sram_1kbyte_1rw1r_32x256_8_replica_column_0
   Generating output for cell sky130_sram_1kbyte_1rw1r_32x256_8_replica_column
   Generating output for cell sky130_fd_bd_sram__openram_dp_cell
   Generating output for cell sky130_sram_1kbyte_1rw1r_32x256_8_bitcell_array
   Generating output for cell sky130_sram_1kbyte_1rw1r_32x256_8_replica_bitcell_array
   Generating output for cell sky130_sram_1kbyte_1rw1r_32x256_8_bank
   Generating output for cell sky130_fd_sc_hd__dfxtp_1
   Generating output for cell sky130_fd_sc_hd__o22ai_1
   Generating output for cell sky130_fd_sc_hd__buf_2
   Generating output for cell sky130_fd_sc_hd__diode_2
   Generating output for cell sky130_fd_sc_hd__o32ai_1
   Generating output for cell sky130_fd_sc_hd__inv_1
   Generating output for cell sky130_fd_sc_hd__xor2_1
   Generating output for cell sky130_fd_sc_hd__and3_1
   Generating output for cell sky130_fd_sc_hd__a21oi_1
   Generating output for cell sky130_fd_sc_hd__nand2_1
   Generating output for cell sky130_fd_sc_hd__o21ai_0
   Generating output for cell sky130_fd_sc_hd__nor2_1
   Generating output for cell sky130_fd_sc_hd__and2_0
   Generating output for cell sky130_fd_sc_hd__nand3_1
   Generating output for cell sky130_fd_sc_hd__a22oi_1
   Generating output for cell sky130_fd_sc_hd__xnor2_1
   Generating output for cell sky130_fd_sc_hd__maj3_1
   Generating output for cell sky130_fd_sc_hd__a22o_1
   Generating output for cell sky130_fd_sc_hd__dlygate4sd3_1
   Generating output for cell sky130_fd_sc_hd__nor3_1
   Generating output for cell sky130_fd_sc_hd__dfxtp_2
   Generating output for cell sky130_fd_sc_hd__a31oi_1
   Generating output for cell sky130_fd_sc_hd__nand4_1
   Generating output for cell sky130_fd_sc_hd__dlymetal6s2s_1
   Generating output for cell sky130_fd_sc_hd__clkbuf_4
   Generating output for cell sky130_fd_sc_hd__o2bb2ai_1
   Generating output for cell sky130_fd_sc_hd__a21o_1
   Generating output for cell sky130_fd_sc_hd__o21bai_1
   Generating output for cell sky130_fd_sc_hd__a32o_1
   Generating output for cell sky130_fd_sc_hd__or3_1
   Generating output for cell sky130_sram_1kbyte_1rw1r_32x256_8_dff_buf_array_0
   Generating output for cell sky130_sram_1kbyte_1rw1r_32x256_8_nmos_m39_w2_000_sli_dli_da_p
   Generating output for cell sky130_sram_1kbyte_1rw1r_32x256_8_pmos_m39_w2_000_sli_dli_da_p
   Generating output for cell sky130_sram_1kbyte_1rw1r_32x256_8_pinv_20
   Generating output for cell sky130_sram_1kbyte_1rw1r_32x256_8_pdriver_6
   Generating output for cell sky130_sram_1kbyte_1rw1r_32x256_8_control_logic_r
   Generating output for cell sky130_fd_sc_hd__clkbuf_8
   Generating output for cell sky130_fd_sc_hd__clkinv_2
   Generating output for cell sky130_fd_sc_hd__clkinv_4
   Generating output for cell sky130_fd_sc_hd__clkbuf_2
   Generating output for cell sky130_fd_sc_hd__buf_4
   Generating output for cell sky130_fd_sc_hd__buf_8
   Generating output for cell sky130_fd_sc_hd__nand4_2
   Generating output for cell sky130_fd_sc_hd__nor4_2
   Generating output for cell sky130_fd_sc_hd__nor3_4
   Generating output for cell sky130_fd_sc_hd__or4_2
   Generating output for cell sky130_fd_sc_hd__o31ai_1
   Generating output for cell sky130_fd_sc_hd__or4_1
   Generating output for cell sky130_fd_sc_hd__o31ai_2
   Generating output for cell sky130_fd_sc_hd__nand2_2
   Generating output for cell sky130_fd_sc_hd__a21boi_1
   Generating output for cell sky130_fd_sc_hd__mux2i_4
   Generating output for cell sky130_fd_sc_hd__xor2_2
   Generating output for cell sky130_fd_sc_hd__nand2b_1
   Generating output for cell sky130_fd_sc_hd__lpflow_isobufsrc_1
   Generating output for cell sky130_fd_sc_hd__o311ai_2
   Generating output for cell sky130_fd_sc_hd__lpflow_inputiso1p_1
   Generating output for cell sky130_fd_sc_hd__o21a_1
   Generating output for cell sky130_fd_sc_hd__a31oi_2
   Generating output for cell sky130_fd_sc_hd__dfxtp_4
   Generating output for cell sky130_fd_sc_hd__o221ai_1
   Generating output for cell sky130_fd_sc_hd__o21bai_4
   Generating output for cell sky130_fd_sc_hd__a211oi_1
   Generating output for cell sky130_fd_sc_hd__o211ai_1
   Generating output for cell sky130_fd_sc_hd__a21oi_2
   Generating output for cell sky130_fd_sc_hd__mux2_1
   Generating output for cell sky130_fd_sc_hd__a221o_1
   Generating output for cell sky130_fd_sc_hd__nor2_4
   Generating output for cell sky130_fd_sc_hd__o32a_1
   Generating output for cell sky130_fd_sc_hd__nand2b_2
   Generating output for cell sky130_fd_sc_hd__clkinvlp_4
   Generating output for cell sky130_fd_sc_hd__and2_1
   Generating output for cell sky130_fd_sc_hd__a222oi_1
   Generating output for cell sky130_fd_sc_hd__nor3b_1
   Generating output for cell sky130_fd_sc_hd__a221oi_1
   Generating output for cell sky130_fd_sc_hd__nor4b_1
   Generating output for cell sky130_fd_sc_hd__o2111ai_1
   Generating output for cell sky130_fd_sc_hd__a2111o_1
   Generating output for cell sky130_fd_sc_hd__nor4_1
   Generating output for cell sky130_fd_sc_hd__clkinv_1
   Generating output for cell sky130_fd_sc_hd__o21ai_1
   Generating output for cell sky130_fd_sc_hd__inv_2
   Generating output for cell sky130_fd_sc_hd__o21ai_2
   Generating output for cell sky130_fd_sc_hd__o21ai_4
   Generating output for cell sky130_fd_sc_hd__o221ai_4
   Generating output for cell sky130_fd_sc_hd__a211oi_4
   Generating output for cell sky130_fd_sc_hd__bufinv_16
   Generating output for cell sky130_fd_sc_hd__buf_6
   Generating output for cell sky130_fd_sc_hd__o211a_1
   Generating output for cell sky130_fd_sc_hd__o221a_1
   Generating output for cell sky130_fd_sc_hd__nor4bb_1
   Generating output for cell sky130_fd_sc_hd__a2111oi_1
   Generating output for cell sky130_fd_sc_hd__a2111oi_0
   Generating output for cell sky130_fd_sc_hd__a211oi_2
   Generating output for cell sky130_fd_sc_hd__nor2b_1
   Generating output for cell sky130_fd_sc_hd__clkbuf_1
   Generating output for cell sky130_fd_sc_hd__o22a_1
   Generating output for cell sky130_fd_sc_hd__mux2i_1
   Generating output for cell sky130_fd_sc_hd__and3_4
   Generating output for cell sky130_fd_sc_hd__a31o_1
   Generating output for cell sky130_fd_sc_hd__nor2_2
   Generating output for cell sky130_fd_sc_hd__or3_2
   Generating output for cell sky130_fd_sc_hd__nor3b_4
   Generating output for cell sky130_fd_sc_hd__nand4b_2
   Generating output for cell sky130_fd_sc_hd__a21oi_4
   Generating output for cell sky130_fd_sc_hd__o211ai_4
   Generating output for cell sky130_fd_sc_hd__nor3_2
   Generating output for cell sky130_fd_sc_hd__o211ai_2
   Generating output for cell sky130_fd_sc_hd__nand3_4
   Generating output for cell sky130_fd_sc_hd__nand4_4
   Generating output for cell sky130_fd_sc_hd__a41oi_4
   Generating output for cell sky130_fd_sc_hd__nand2_8
   Generating output for cell sky130_fd_sc_hd__buf_16
   Generating output for cell sky130_fd_sc_hd__a22oi_4
   Generating output for cell sky130_sram_1kbyte_1rw1r_32x256_8_cr_5
   Generating output for cell sky130_fd_sc_hd__inv_6
   Generating output for cell sky130_fd_sc_hd__xor2_4
   Generating output for cell sky130_fd_sc_hd__o41ai_1
   Generating output for cell sky130_fd_sc_hd__clkinv_16
   Generating output for cell sky130_fd_sc_hd__a21boi_0
   Generating output for cell sky130_fd_sc_hd__nor4_4
   Generating output for cell sky130_fd_sc_hd__nand3b_4
   Generating output for cell sky130_fd_sc_hd__nand2_4
   Generating output for cell sky130_fd_sc_hd__nand3b_1
   Generating output for cell sky130_fd_sc_hd__or4_4
   Generating output for cell sky130_fd_sc_hd__nand3b_2
   Generating output for cell sky130_fd_sc_hd__nand3_2
   Generating output for cell sky130_fd_sc_hd__buf_12
   Generating output for cell sky130_fd_sc_hd__and3_2
   Generating output for cell sky130_fd_sc_hd__o31a_1
   Generating output for cell sky130_fd_sc_hd__nand2b_4
   Generating output for cell sky130_fd_sc_hd__or4b_1
   Generating output for cell sky130_fd_sc_hd__a211o_1
   Generating output for cell sky130_fd_sc_hd__inv_4
   Generating output for cell sky130_fd_sc_hd__lpflow_isobufsrc_2
   Generating output for cell sky130_fd_sc_hd__o311ai_0
   Generating output for cell sky130_fd_sc_hd__mux4_1
   Generating output for cell sky130_fd_sc_hd__inv_8
   Generating output for cell sky130_fd_sc_hd__a31oi_4
   Generating output for cell sky130_fd_sc_hd__o22ai_2
   Generating output for cell sky130_fd_sc_hd__conb_1
   Generating output for cell sky130_fd_sc_hd__bufinv_8
   Generating output for cell sky130_fd_sc_hd__a221oi_4
   Generating output for cell sky130_fd_sc_hd__o221ai_2
   Generating output for cell sky130_fd_sc_hd__o21bai_2
   Generating output for cell sky130_fd_sc_hd__a221oi_2
   Generating output for cell sky130_fd_sc_hd__mux2i_2
   Generating output for cell sky130_fd_sc_hd__lpflow_isobufsrc_16
   Generating output for cell sky130_fd_sc_hd__o22ai_4
   Generating output for cell sky130_fd_sc_hd__clkbuf_16
   Generating output for cell sky130_fd_sc_hd__o2111ai_4
   Generating output for cell sky130_fd_sc_hd__and4_1
   Generating output for cell sky130_fd_sc_hd__a311oi_4
   Generating output for cell sky130_fd_sc_hd__and2_4
   Generating output for cell sky130_fd_sc_hd__mux2_8
   Generating output for cell sky130_fd_sc_hd__mux2_4
   Generating output for cell sky130_fd_sc_hd__xnor2_2
   Generating output for cell sky130_fd_sc_hd__o311ai_4
   Generating output for cell sky130_fd_sc_hd__a2bb2oi_1
   Generating output for cell sky130_fd_sc_hd__or3b_1
   Generating output for cell sky130_fd_sc_hd__o32ai_4
   Generating output for cell sky130_fd_sc_hd__a311o_1
   Generating output for cell sky130_fd_sc_hd__a311oi_1
   Generating output for cell sky130_fd_sc_hd__o311a_1
   Generating output for cell sky130_fd_sc_hd__o32ai_2
   Generating output for cell sky130_fd_sc_hd__o311ai_1
   Generating output for cell sky130_fd_sc_hd__nor4bb_2
   Generating output for cell sky130_fd_sc_hd__o31ai_4
   Generating output for cell sky130_fd_sc_hd__or3_4
   Generating output for cell sky130_fd_sc_hd__or3b_4
   Generating output for cell sky130_fd_sc_hd__a311oi_2
   Generating output for cell sky130_fd_sc_hd__a21bo_1
   Generating output for cell sky130_fd_sc_hd__maj3_2
   Generating output for cell sky130_fd_sc_hd__nand4b_1
   Generating output for cell sky130_fd_sc_hd__and4b_2
   Generating output for cell sky130_fd_sc_hd__and4b_1
   Generating output for cell sky130_fd_sc_hd__a41oi_1
   Generating output for cell sky130_fd_sc_hd__o2111ai_2
   Generating output for cell sky130_fd_sc_hd__and4b_4
   Generating output for cell sky130_fd_sc_hd__and4_2
   Generating output for cell sky130_fd_sc_hd__nor2_8
   Generating output for cell sky130_fd_sc_hd__a21o_2
   Generating output for cell sky130_fd_sc_hd__nor4b_4
   Generating output for cell sky130_fd_sc_hd__nor4b_2
   Generating output for cell sky130_fd_sc_hd__a22oi_2
   Generating output for cell sky130_fd_sc_hd__lpflow_isobufsrc_4
   Generating output for cell sky130_fd_sc_hd__a21boi_4
   Generating output for cell sky130_fd_sc_hd__o21a_4
   Generating output for cell sky130_fd_sc_hd__o21a_2
   Generating output for cell sky130_fd_sc_hd__a22o_2
   Generating output for cell sky130_fd_sc_hd__a21boi_2
   Generating output for cell sky130_fd_sc_hd__a2bb2oi_4
   Generating output for cell sky130_fd_sc_hd__a21o_4
   Generating output for cell sky130_fd_sc_hd__a32oi_1
   Generating output for cell sky130_fd_sc_hd__o32a_2
   Generating output for cell sky130_fd_sc_hd__o21ba_1
   Generating output for cell sky130_fd_sc_hd__a2111oi_2
   Generating output for cell sky130_fd_sc_hd__mux2_2
   Generating output for cell sky130_fd_sc_hd__a21bo_4
   Generating output for cell sky130_fd_sc_hd__a32oi_2
   Generating output for cell sky130_fd_sc_hd__a211o_2
   Generating output for cell sky130_fd_sc_hd__a2111oi_4
   Generating output for cell sky130_fd_sc_hd__a32oi_4
   Generating output for cell sky130_fd_sc_hd__and2_2
   Generating output for cell sky130_fd_sc_hd__o31a_4
   Generating output for cell sky130_fd_sc_hd__lpflow_isobufsrc_8
   Generating output for cell sky130_fd_sc_hd__clkinv_8
   Generating output for cell sky130_fd_sc_hd__nor2b_4
   Generating output for cell sky130_fd_sc_hd__and3b_4
   Generating output for cell sky130_fd_sc_hd__dfrtp_1
   Generating output for cell sky130_fd_sc_hd__o22a_4
   Generating output for cell sky130_fd_sc_hd__o211a_4
   Generating output for cell sky130_fd_sc_hd__xor3_1
   Generating output for cell sky130_fd_sc_hd__dfrtp_4
   Generating output for cell sky130_fd_sc_hd__xnor3_2
   Generating output for cell sky130_fd_sc_hd__xnor3_1
   Generating output for cell sky130_fd_sc_hd__nor3b_2
   Generating output for cell sky130_fd_sc_hd__dfrtp_2
   Generating output for cell sky130_fd_sc_hd__dfstp_1
   Generating output for cell sky130_fd_sc_hd__nand4b_4
   Generating output for cell sky130_fd_sc_hd__o21ba_4
   Generating output for cell sky130_fd_sc_hd__nor2b_2
   Generating output for cell sky130_fd_sc_hd__inv_12
   Generating output for cell sky130_fd_sc_hd__o2111a_1
   Generating output for cell sky130_fd_sc_hd__o221a_4
   Generating output for cell sky130_fd_sc_hd__o311a_4
   Generating output for cell sky130_fd_sc_hd__and3b_1
   Generating output for cell sky130_fd_sc_hd__xnor2_4
   Generating output for cell sky130_fd_sc_hd__a22o_4
   Generating output for cell sky130_fd_sc_hd__a32o_4
   Generating output for cell sky130_fd_sc_hd__xnor3_4
   Generating output for cell sky130_fd_sc_hd__a41oi_2
   Generating output for cell sky130_fd_sc_hd__and4_4
   Generating output for cell sky130_fd_sc_hd__nand4bb_1
   Generating output for cell sky130_fd_sc_hd__a41o_2
   Generating output for cell sky130_fd_sc_hd__nand4bb_2
   Generating output for cell sky130_fd_sc_hd__xor3_2
   Generating output for cell sky130_fd_sc_hd__o41ai_4
   Generating output for cell sky130_fd_sc_hd__a31o_2
   Generating output for cell sky130_fd_sc_hd__o2bb2ai_4
   Generating output for cell aes
   Generating output for cell picosoc

