
 /----------------------------------------------------------------------------\
 |  yosys -- Yosys Open SYnthesis Suite                                       |
 |  Copyright (C) 2012 - 2024  Claire Xenia Wolf <claire@yosyshq.com>         |
 |  Distributed under an ISC-like license, type "license" to see terms        |
 \----------------------------------------------------------------------------/
 Yosys 0.46 (git sha1 e97731b9dda91fa5fa53ed87df7c34163ba59a41, clang++ 16.0.6 -fPIC -O3)
Loaded SDC plugin

-- Executing script file `yosys.tcl' --

1. Executing Verilog-2005 frontend: /Users/hello.welcometothisdevice/CAD-Project-AES128-DMA-/pico_aes_soc/src/our_runs/run_com/aes_synth.v
Parsing Verilog input from `/Users/hello.welcometothisdevice/CAD-Project-AES128-DMA-/pico_aes_soc/src/our_runs/run_com/aes_synth.v' to AST representation.
Generating RTLIL representation for module `\aes'.
Successfully finished Verilog frontend.

2. Executing Verilog-2005 frontend: /Users/hello.welcometothisdevice/CAD-Project-AES128-DMA-/pico_aes_soc/src/simpleuart.v
Parsing SystemVerilog input from `/Users/hello.welcometothisdevice/CAD-Project-AES128-DMA-/pico_aes_soc/src/simpleuart.v' to AST representation.
Generating RTLIL representation for module `\simpleuart'.
Successfully finished Verilog frontend.

3. Executing Verilog-2005 frontend: /Users/hello.welcometothisdevice/CAD-Project-AES128-DMA-/pico_aes_soc/src/spimemio.v
Parsing SystemVerilog input from `/Users/hello.welcometothisdevice/CAD-Project-AES128-DMA-/pico_aes_soc/src/spimemio.v' to AST representation.
Generating RTLIL representation for module `\spimemio'.
Generating RTLIL representation for module `\spimemio_xfer'.
Successfully finished Verilog frontend.

4. Executing Verilog-2005 frontend: /Users/hello.welcometothisdevice/CAD-Project-AES128-DMA-/pico_aes_soc/src/picosoc_aes.v
Parsing SystemVerilog input from `/Users/hello.welcometothisdevice/CAD-Project-AES128-DMA-/pico_aes_soc/src/picosoc_aes.v' to AST representation.
Generating RTLIL representation for module `\picosoc'.
Generating RTLIL representation for module `\picosoc_regs'.
Generating RTLIL representation for module `\picosoc_mem'.
Successfully finished Verilog frontend.

5. Executing Verilog-2005 frontend: /Users/hello.welcometothisdevice/CAD-Project-AES128-DMA-/pico_aes_soc/src/picorv32.v
Parsing SystemVerilog input from `/Users/hello.welcometothisdevice/CAD-Project-AES128-DMA-/pico_aes_soc/src/picorv32.v' to AST representation.
Generating RTLIL representation for module `\picorv32'.
Generating RTLIL representation for module `\picorv32_regs'.
Generating RTLIL representation for module `\picorv32_pcpi_mul'.
Generating RTLIL representation for module `\picorv32_pcpi_fast_mul'.
Generating RTLIL representation for module `\picorv32_pcpi_div'.
Generating RTLIL representation for module `\picorv32_axi'.
Generating RTLIL representation for module `\picorv32_axi_adapter'.
Generating RTLIL representation for module `\picorv32_wb'.
Successfully finished Verilog frontend.

6. Executing Verilog-2005 frontend: /Users/hello.welcometothisdevice/CAD-Project-AES128-DMA-/pico_aes_soc/src/our_runs/run_com/sky130_sram_1kbyte_1rw1r_32x256_8.v
Parsing Verilog input from `/Users/hello.welcometothisdevice/CAD-Project-AES128-DMA-/pico_aes_soc/src/our_runs/run_com/sky130_sram_1kbyte_1rw1r_32x256_8.v' to AST representation.
Generating RTLIL representation for module `\sky130_sram_1kbyte_1rw1r_32x256_8'.
Successfully finished Verilog frontend.
""

14 modules:
  picorv32
  picorv32_axi
  picorv32_axi_adapter
  picorv32_pcpi_div
  picorv32_pcpi_fast_mul
  picorv32_pcpi_mul
  picorv32_regs
  picorv32_wb
  picosoc
  picosoc_mem
  picosoc_regs
  simpleuart
  spimemio
  spimemio_xfer

7. Executing HIERARCHY pass (managing design hierarchy).

7.1. Analyzing design hierarchy..
Top module:  \picosoc
Used module:     \picosoc_mem
Used module:     \simpleuart
Used module:     \spimemio
Used module:         \spimemio_xfer
Used module:     \picorv32
Used module:         \picosoc_regs
Parameter \WORDS = 256

7.2. Executing AST frontend in derive mode using pre-parsed AST for module `\picosoc_mem'.
Parameter \WORDS = 256
Generating RTLIL representation for module `$paramod\picosoc_mem\WORDS=s32'00000000000000000000000100000000'.
Parameter \ENABLE_COUNTERS = 1'1
Parameter \BARREL_SHIFTER = 1'1
Parameter \COMPRESSED_ISA = 1'1
Parameter \ENABLE_MUL = 1'1
Parameter \ENABLE_FAST_MUL = 1'0
Parameter \ENABLE_DIV = 1'1
Parameter \ENABLE_IRQ = 1
Parameter \ENABLE_IRQ_QREGS = 1'0
Parameter \PROGADDR_RESET = 1048576
Parameter \PROGADDR_IRQ = 0
Parameter \STACKADDR = 1024

7.3. Executing AST frontend in derive mode using pre-parsed AST for module `\picorv32'.
Parameter \ENABLE_COUNTERS = 1'1
Parameter \BARREL_SHIFTER = 1'1
Parameter \COMPRESSED_ISA = 1'1
Parameter \ENABLE_MUL = 1'1
Parameter \ENABLE_FAST_MUL = 1'0
Parameter \ENABLE_DIV = 1'1
Parameter \ENABLE_IRQ = 1
Parameter \ENABLE_IRQ_QREGS = 1'0
Parameter \PROGADDR_RESET = 1048576
Parameter \PROGADDR_IRQ = 0
Parameter \STACKADDR = 1024
Generating RTLIL representation for module `$paramod$06842abc62b3c20142c06bb43d357850e31ce8c4\picorv32'.

7.4. Analyzing design hierarchy..
Top module:  \picosoc
Used module:     $paramod\picosoc_mem\WORDS=s32'00000000000000000000000100000000
Used module:     \simpleuart
Used module:     \spimemio
Used module:         \spimemio_xfer
Used module:     $paramod$06842abc62b3c20142c06bb43d357850e31ce8c4\picorv32
Used module:         \picorv32_pcpi_div
Used module:         \picorv32_pcpi_mul
Used module:         \picosoc_regs

7.5. Analyzing design hierarchy..
Top module:  \picosoc
Used module:     $paramod\picosoc_mem\WORDS=s32'00000000000000000000000100000000
Used module:     \simpleuart
Used module:     \spimemio
Used module:         \spimemio_xfer
Used module:     $paramod$06842abc62b3c20142c06bb43d357850e31ce8c4\picorv32
Used module:         \picorv32_pcpi_div
Used module:         \picorv32_pcpi_mul
Used module:         \picosoc_regs
Removing unused module `\picorv32_wb'.
Removing unused module `\picorv32_axi_adapter'.
Removing unused module `\picorv32_axi'.
Removing unused module `\picorv32_pcpi_fast_mul'.
Removing unused module `\picorv32_regs'.
Removing unused module `\picorv32'.
Removing unused module `\picosoc_mem'.
Removed 7 unused modules.

8. Executing PROC pass (convert processes to netlists).

8.1. Executing PROC_CLEAN pass (remove empty switches from decision trees).
Found and cleaned up 16 empty switches in `$paramod$06842abc62b3c20142c06bb43d357850e31ce8c4\picorv32.$proc$/Users/hello.welcometothisdevice/CAD-Project-AES128-DMA-/pico_aes_soc/src/picorv32.v:1402$1534'.
Found and cleaned up 1 empty switch in `$paramod$06842abc62b3c20142c06bb43d357850e31ce8c4\picorv32.$proc$/Users/hello.welcometothisdevice/CAD-Project-AES128-DMA-/pico_aes_soc/src/picorv32.v:1387$1520'.
Found and cleaned up 6 empty switches in `$paramod$06842abc62b3c20142c06bb43d357850e31ce8c4\picorv32.$proc$/Users/hello.welcometothisdevice/CAD-Project-AES128-DMA-/pico_aes_soc/src/picorv32.v:546$1163'.
Removing empty process `$paramod$06842abc62b3c20142c06bb43d357850e31ce8c4\picorv32.$proc$/Users/hello.welcometothisdevice/CAD-Project-AES128-DMA-/pico_aes_soc/src/picorv32.v:546$1163'.
Found and cleaned up 1 empty switch in `\picorv32_pcpi_mul.$proc$/Users/hello.welcometothisdevice/CAD-Project-AES128-DMA-/pico_aes_soc/src/picorv32.v:2249$890'.
Cleaned up 24 empty switches.

8.2. Executing PROC_RMDEAD pass (remove dead branches from decision trees).
Marked 41 switch rules as full_case in process $proc$/Users/hello.welcometothisdevice/CAD-Project-AES128-DMA-/pico_aes_soc/src/picorv32.v:1402$1534 in module $paramod$06842abc62b3c20142c06bb43d357850e31ce8c4\picorv32.
Marked 2 switch rules as full_case in process $proc$/Users/hello.welcometothisdevice/CAD-Project-AES128-DMA-/pico_aes_soc/src/picorv32.v:1309$1506 in module $paramod$06842abc62b3c20142c06bb43d357850e31ce8c4\picorv32.
Marked 2 switch rules as full_case in process $proc$/Users/hello.welcometothisdevice/CAD-Project-AES128-DMA-/pico_aes_soc/src/picorv32.v:1295$1501 in module $paramod$06842abc62b3c20142c06bb43d357850e31ce8c4\picorv32.
Marked 8 switch rules as full_case in process $proc$/Users/hello.welcometothisdevice/CAD-Project-AES128-DMA-/pico_aes_soc/src/picorv32.v:1186$1466 in module $paramod$06842abc62b3c20142c06bb43d357850e31ce8c4\picorv32.
Marked 3 switch rules as full_case in process $proc$/Users/hello.welcometothisdevice/CAD-Project-AES128-DMA-/pico_aes_soc/src/picorv32.v:858$1203 in module $paramod$06842abc62b3c20142c06bb43d357850e31ce8c4\picorv32.
Marked 3 switch rules as full_case in process $proc$/Users/hello.welcometothisdevice/CAD-Project-AES128-DMA-/pico_aes_soc/src/picorv32.v:809$1201 in module $paramod$06842abc62b3c20142c06bb43d357850e31ce8c4\picorv32.
Marked 2 switch rules as full_case in process $proc$/Users/hello.welcometothisdevice/CAD-Project-AES128-DMA-/pico_aes_soc/src/picorv32.v:778$1197 in module $paramod$06842abc62b3c20142c06bb43d357850e31ce8c4\picorv32.
Marked 48 switch rules as full_case in process $proc$/Users/hello.welcometothisdevice/CAD-Project-AES128-DMA-/pico_aes_soc/src/picorv32.v:701$1196 in module $paramod$06842abc62b3c20142c06bb43d357850e31ce8c4\picorv32.
Marked 4 switch rules as full_case in process $proc$/Users/hello.welcometothisdevice/CAD-Project-AES128-DMA-/pico_aes_soc/src/picorv32.v:565$1172 in module $paramod$06842abc62b3c20142c06bb43d357850e31ce8c4\picorv32.
Marked 1 switch rules as full_case in process $proc$/Users/hello.welcometothisdevice/CAD-Project-AES128-DMA-/pico_aes_soc/src/picorv32.v:430$1134 in module $paramod$06842abc62b3c20142c06bb43d357850e31ce8c4\picorv32.
Removed 2 dead cases from process $proc$/Users/hello.welcometothisdevice/CAD-Project-AES128-DMA-/pico_aes_soc/src/picorv32.v:401$1131 in module $paramod$06842abc62b3c20142c06bb43d357850e31ce8c4\picorv32.
Marked 2 switch rules as full_case in process $proc$/Users/hello.welcometothisdevice/CAD-Project-AES128-DMA-/pico_aes_soc/src/picorv32.v:401$1131 in module $paramod$06842abc62b3c20142c06bb43d357850e31ce8c4\picorv32.
Marked 1 switch rules as full_case in process $proc$/Users/hello.welcometothisdevice/CAD-Project-AES128-DMA-/pico_aes_soc/src/picorv32.v:390$1126 in module $paramod$06842abc62b3c20142c06bb43d357850e31ce8c4\picorv32.
Marked 1 switch rules as full_case in process $proc$/Users/hello.welcometothisdevice/CAD-Project-AES128-DMA-/pico_aes_soc/src/picorv32.v:325$1052 in module $paramod$06842abc62b3c20142c06bb43d357850e31ce8c4\picorv32.
Marked 4 switch rules as full_case in process $proc$/Users/hello.welcometothisdevice/CAD-Project-AES128-DMA-/pico_aes_soc/src/picorv32.v:2273$928 in module picorv32_pcpi_mul.
Marked 4 switch rules as full_case in process $proc$/Users/hello.welcometothisdevice/CAD-Project-AES128-DMA-/pico_aes_soc/src/picorv32.v:2464$971 in module picorv32_pcpi_div.
Marked 1 switch rules as full_case in process $proc$/Users/hello.welcometothisdevice/CAD-Project-AES128-DMA-/pico_aes_soc/src/picosoc_aes.v:306$178 in module picosoc_regs.
Marked 2 switch rules as full_case in process $proc$/Users/hello.welcometothisdevice/CAD-Project-AES128-DMA-/pico_aes_soc/src/spimemio.v:535$112 in module spimemio_xfer.
Marked 5 switch rules as full_case in process $proc$/Users/hello.welcometothisdevice/CAD-Project-AES128-DMA-/pico_aes_soc/src/spimemio.v:447$88 in module spimemio_xfer.
Marked 3 switch rules as full_case in process $proc$/Users/hello.welcometothisdevice/CAD-Project-AES128-DMA-/pico_aes_soc/src/spimemio.v:207$58 in module spimemio.
Marked 1 switch rules as full_case in process $proc$/Users/hello.welcometothisdevice/CAD-Project-AES128-DMA-/pico_aes_soc/src/spimemio.v:99$36 in module spimemio.
Marked 3 switch rules as full_case in process $proc$/Users/hello.welcometothisdevice/CAD-Project-AES128-DMA-/pico_aes_soc/src/simpleuart.v:109$16 in module simpleuart.
Marked 2 switch rules as full_case in process $proc$/Users/hello.welcometothisdevice/CAD-Project-AES128-DMA-/pico_aes_soc/src/simpleuart.v:66$7 in module simpleuart.
Marked 1 switch rules as full_case in process $proc$/Users/hello.welcometothisdevice/CAD-Project-AES128-DMA-/pico_aes_soc/src/simpleuart.v:55$5 in module simpleuart.
Removed a total of 2 dead cases.

8.3. Executing PROC_PRUNE pass (remove redundant assignments in processes).
Removed 8 redundant assignments.
Promoted 113 assignments to connections.

8.4. Executing PROC_INIT pass (extract init attributes).

8.5. Executing PROC_ARST pass (detect async resets in processes).

8.6. Executing PROC_ROM pass (convert switches to ROMs).
Converted 0 switches.
<suppressed ~266 debug messages>

8.7. Executing PROC_MUX pass (convert decision trees to multiplexers).
Creating decoders for process `$paramod$06842abc62b3c20142c06bb43d357850e31ce8c4\picorv32.$proc$/Users/hello.welcometothisdevice/CAD-Project-AES128-DMA-/pico_aes_soc/src/picorv32.v:1402$1534'.
     1/86: $23\next_irq_pending[2:2]
     2/86: $22\next_irq_pending[2:2]
     3/86: $21\next_irq_pending[2:2]
     4/86: $20\next_irq_pending[2:2]
     5/86: $19\next_irq_pending[2:2]
     6/86: $18\next_irq_pending[2:2]
     7/86: $17\next_irq_pending[2:2]
     8/86: $16\next_irq_pending[0:0]
     9/86: $15\next_irq_pending[0:0]
    10/86: $14\next_irq_pending[31:0] [0]
    11/86: $14\next_irq_pending[31:0] [31:1]
    12/86: $2\next_irq_pending[31:0] [31:2]
    13/86: $3\set_mem_do_rdata[0:0]
    14/86: $2\next_irq_pending[31:0] [1]
    15/86: $3\set_mem_do_wdata[0:0]
    16/86: $2\next_irq_pending[31:0] [0]
    17/86: $4\set_mem_do_rinst[0:0]
    18/86: $3\set_mem_do_rinst[0:0]
    19/86: $4\set_mem_do_wdata[0:0]
    20/86: $12\next_irq_pending[1:1]
    21/86: $11\next_irq_pending[1:1]
    22/86: $10\next_irq_pending[1:1]
    23/86: $4\set_mem_do_rdata[0:0]
    24/86: $8\next_irq_pending[1:1]
    25/86: $7\next_irq_pending[1:1]
    26/86: $6\next_irq_pending[1:1]
    27/86: $5\next_irq_pending[1:1]
    28/86: $4\next_irq_pending[1:1]
    29/86: $13\next_irq_pending[1:1]
    30/86: $5\set_mem_do_rinst[0:0]
    31/86: $9\next_irq_pending[1:1]
    32/86: $3\next_irq_pending[31:0]
    33/86: $3\current_pc[31:0]
    34/86: $2\current_pc[31:0]
    35/86: $2\set_mem_do_wdata[0:0]
    36/86: $2\set_mem_do_rdata[0:0]
    37/86: $2\set_mem_do_rinst[0:0]
    38/86: $1\next_irq_pending[31:0]
    39/86: $1\current_pc[31:0]
    40/86: $1\set_mem_do_wdata[0:0]
    41/86: $1\set_mem_do_rdata[0:0]
    42/86: $1\set_mem_do_rinst[0:0]
    43/86: $0\trace_data[35:0]
    44/86: $0\count_cycle[63:0]
    45/86: $0\pcpi_timeout[0:0]
    46/86: $0\trace_valid[0:0]
    47/86: $0\do_waitirq[0:0]
    48/86: $0\decoder_pseudo_trigger[0:0]
    49/86: $0\decoder_trigger[0:0]
    50/86: $0\alu_wait_2[0:0]
    51/86: $0\alu_wait[0:0]
    52/86: $0\reg_out[31:0]
    53/86: $0\reg_sh[4:0]
    54/86: $0\trap[0:0]
    55/86: $0\pcpi_timeout_counter[3:0]
    56/86: $0\latched_rd[4:0]
    57/86: $0\latched_is_lb[0:0]
    58/86: $0\latched_is_lh[0:0]
    59/86: $0\latched_is_lu[0:0]
    60/86: $0\latched_trace[0:0]
    61/86: $0\latched_compr[0:0]
    62/86: $0\latched_branch[0:0]
    63/86: $0\latched_stalu[0:0]
    64/86: $0\latched_store[0:0]
    65/86: $0\irq_state[1:0]
    66/86: $0\cpu_state[7:0]
    67/86: $0\dbg_rs2val_valid[0:0]
    68/86: $0\dbg_rs1val_valid[0:0]
    69/86: $0\dbg_rs2val[31:0]
    70/86: $0\dbg_rs1val[31:0]
    71/86: $0\mem_do_wdata[0:0]
    72/86: $0\mem_do_rdata[0:0]
    73/86: $0\mem_do_rinst[0:0]
    74/86: $0\mem_do_prefetch[0:0]
    75/86: $0\mem_wordsize[1:0]
    76/86: $0\timer[31:0]
    77/86: $0\irq_mask[31:0]
    78/86: $0\irq_active[0:0]
    79/86: $0\irq_delay[0:0]
    80/86: $0\reg_op2[31:0]
    81/86: $0\reg_op1[31:0]
    82/86: $0\reg_next_pc[31:0]
    83/86: $0\reg_pc[31:0]
    84/86: $0\count_instr[63:0]
    85/86: $0\eoi[31:0]
    86/86: $0\pcpi_valid[0:0]
Creating decoders for process `$paramod$06842abc62b3c20142c06bb43d357850e31ce8c4\picorv32.$proc$/Users/hello.welcometothisdevice/CAD-Project-AES128-DMA-/pico_aes_soc/src/picorv32.v:1387$1520'.
Creating decoders for process `$paramod$06842abc62b3c20142c06bb43d357850e31ce8c4\picorv32.$proc$/Users/hello.welcometothisdevice/CAD-Project-AES128-DMA-/pico_aes_soc/src/picorv32.v:1309$1506'.
     1/4: $2\cpuregs_write[0:0]
     2/4: $2\cpuregs_wrdata[31:0]
     3/4: $1\cpuregs_wrdata[31:0]
     4/4: $1\cpuregs_write[0:0]
Creating decoders for process `$paramod$06842abc62b3c20142c06bb43d357850e31ce8c4\picorv32.$proc$/Users/hello.welcometothisdevice/CAD-Project-AES128-DMA-/pico_aes_soc/src/picorv32.v:1295$1501'.
     1/2: $2\clear_prefetched_high_word[0:0]
     2/2: $1\clear_prefetched_high_word[0:0]
Creating decoders for process `$paramod$06842abc62b3c20142c06bb43d357850e31ce8c4\picorv32.$proc$/Users/hello.welcometothisdevice/CAD-Project-AES128-DMA-/pico_aes_soc/src/picorv32.v:1293$1500'.
Creating decoders for process `$paramod$06842abc62b3c20142c06bb43d357850e31ce8c4\picorv32.$proc$/Users/hello.welcometothisdevice/CAD-Project-AES128-DMA-/pico_aes_soc/src/picorv32.v:1249$1478'.
     1/2: $1\alu_out[31:0]
     2/2: $1\alu_out_0[0:0]
Creating decoders for process `$paramod$06842abc62b3c20142c06bb43d357850e31ce8c4\picorv32.$proc$/Users/hello.welcometothisdevice/CAD-Project-AES128-DMA-/pico_aes_soc/src/picorv32.v:1186$1466'.
     1/8: $8\dbg_ascii_state[127:0]
     2/8: $7\dbg_ascii_state[127:0]
     3/8: $6\dbg_ascii_state[127:0]
     4/8: $5\dbg_ascii_state[127:0]
     5/8: $4\dbg_ascii_state[127:0]
     6/8: $3\dbg_ascii_state[127:0]
     7/8: $2\dbg_ascii_state[127:0]
     8/8: $1\dbg_ascii_state[127:0]
Creating decoders for process `$paramod$06842abc62b3c20142c06bb43d357850e31ce8c4\picorv32.$proc$/Users/hello.welcometothisdevice/CAD-Project-AES128-DMA-/pico_aes_soc/src/picorv32.v:858$1203'.
     1/77: $0\decoded_rs1[4:0] [4]
     2/77: $0\decoded_imm_j[31:0] [10]
     3/77: $0\decoded_imm_j[31:0] [7]
     4/77: $0\decoded_imm_j[31:0] [6]
     5/77: $0\decoded_imm_j[31:0] [3:1]
     6/77: $0\decoded_imm_j[31:0] [5]
     7/77: $0\decoded_imm_j[31:0] [9:8]
     8/77: $0\decoded_imm_j[31:0] [31:20]
     9/77: $0\decoded_imm_j[31:0] [4]
    10/77: $0\decoded_imm_j[31:0] [11]
    11/77: $0\decoded_imm_j[31:0] [0]
    12/77: $0\decoded_rs1[4:0] [3:0]
    13/77: $0\is_lui_auipc_jal_jalr_addi_add_sub[0:0]
    14/77: $0\is_alu_reg_reg[0:0]
    15/77: $0\is_alu_reg_imm[0:0]
    16/77: $0\is_beq_bne_blt_bge_bltu_bgeu[0:0]
    17/77: $0\is_sll_srl_sra[0:0]
    18/77: $0\is_sb_sh_sw[0:0]
    19/77: $0\is_jalr_addi_slti_sltiu_xori_ori_andi[0:0]
    20/77: $0\is_slli_srli_srai[0:0]
    21/77: $0\is_lb_lh_lw_lbu_lhu[0:0]
    22/77: $0\compressed_instr[0:0]
    23/77: $0\is_compare[0:0]
    24/77: $0\decoded_imm[31:0]
    25/77: $0\decoded_rs2[4:0]
    26/77: $0\decoded_imm_j[31:0] [19:12]
    27/77: $0\decoded_rd[4:0]
    28/77: $0\instr_timer[0:0]
    29/77: $0\instr_waitirq[0:0]
    30/77: $0\instr_maskirq[0:0]
    31/77: $0\instr_retirq[0:0]
    32/77: $0\instr_setq[0:0]
    33/77: $0\instr_getq[0:0]
    34/77: $0\instr_fence[0:0]
    35/77: $0\instr_ecall_ebreak[0:0]
    36/77: $0\instr_rdinstrh[0:0]
    37/77: $0\instr_rdinstr[0:0]
    38/77: $0\instr_rdcycleh[0:0]
    39/77: $0\instr_rdcycle[0:0]
    40/77: $0\instr_and[0:0]
    41/77: $0\instr_or[0:0]
    42/77: $0\instr_sra[0:0]
    43/77: $0\instr_srl[0:0]
    44/77: $0\instr_xor[0:0]
    45/77: $0\instr_sltu[0:0]
    46/77: $0\instr_slt[0:0]
    47/77: $0\instr_sll[0:0]
    48/77: $0\instr_sub[0:0]
    49/77: $0\instr_add[0:0]
    50/77: $0\instr_srai[0:0]
    51/77: $0\instr_srli[0:0]
    52/77: $0\instr_slli[0:0]
    53/77: $0\instr_andi[0:0]
    54/77: $0\instr_ori[0:0]
    55/77: $0\instr_xori[0:0]
    56/77: $0\instr_sltiu[0:0]
    57/77: $0\instr_slti[0:0]
    58/77: $0\instr_addi[0:0]
    59/77: $0\instr_sw[0:0]
    60/77: $0\instr_sh[0:0]
    61/77: $0\instr_sb[0:0]
    62/77: $0\instr_lhu[0:0]
    63/77: $0\instr_lbu[0:0]
    64/77: $0\instr_lw[0:0]
    65/77: $0\instr_lh[0:0]
    66/77: $0\instr_lb[0:0]
    67/77: $0\instr_bgeu[0:0]
    68/77: $0\instr_bltu[0:0]
    69/77: $0\instr_bge[0:0]
    70/77: $0\instr_blt[0:0]
    71/77: $0\instr_bne[0:0]
    72/77: $0\instr_beq[0:0]
    73/77: $0\instr_jalr[0:0]
    74/77: $0\instr_jal[0:0]
    75/77: $0\instr_auipc[0:0]
    76/77: $0\instr_lui[0:0]
    77/77: $0\pcpi_insn[31:0]
Creating decoders for process `$paramod$06842abc62b3c20142c06bb43d357850e31ce8c4\picorv32.$proc$/Users/hello.welcometothisdevice/CAD-Project-AES128-DMA-/pico_aes_soc/src/picorv32.v:809$1201'.
     1/13: $3\dbg_insn_opcode[31:0]
     2/13: $2\dbg_insn_rd[4:0]
     3/13: $2\dbg_insn_rs2[4:0]
     4/13: $2\dbg_insn_rs1[4:0]
     5/13: $2\dbg_insn_opcode[31:0]
     6/13: $2\dbg_insn_imm[31:0]
     7/13: $2\dbg_ascii_instr[63:0]
     8/13: $1\dbg_insn_rd[4:0]
     9/13: $1\dbg_insn_rs2[4:0]
    10/13: $1\dbg_insn_rs1[4:0]
    11/13: $1\dbg_insn_imm[31:0]
    12/13: $1\dbg_ascii_instr[63:0]
    13/13: $1\dbg_insn_opcode[31:0]
Creating decoders for process `$paramod$06842abc62b3c20142c06bb43d357850e31ce8c4\picorv32.$proc$/Users/hello.welcometothisdevice/CAD-Project-AES128-DMA-/pico_aes_soc/src/picorv32.v:778$1197'.
     1/8: $0\cached_insn_rd[4:0]
     2/8: $0\cached_insn_rs2[4:0]
     3/8: $0\cached_insn_rs1[4:0]
     4/8: $0\cached_insn_opcode[31:0]
     5/8: $0\cached_insn_imm[31:0]
     6/8: $0\cached_ascii_instr[63:0]
     7/8: $0\dbg_valid_insn[0:0]
     8/8: $0\dbg_insn_addr[31:0]
Creating decoders for process `$paramod$06842abc62b3c20142c06bb43d357850e31ce8c4\picorv32.$proc$/Users/hello.welcometothisdevice/CAD-Project-AES128-DMA-/pico_aes_soc/src/picorv32.v:701$1196'.
     1/48: $48\new_ascii_instr[63:0]
     2/48: $47\new_ascii_instr[63:0]
     3/48: $46\new_ascii_instr[63:0]
     4/48: $45\new_ascii_instr[63:0]
     5/48: $44\new_ascii_instr[63:0]
     6/48: $43\new_ascii_instr[63:0]
     7/48: $42\new_ascii_instr[63:0]
     8/48: $41\new_ascii_instr[63:0]
     9/48: $40\new_ascii_instr[63:0]
    10/48: $39\new_ascii_instr[63:0]
    11/48: $38\new_ascii_instr[63:0]
    12/48: $37\new_ascii_instr[63:0]
    13/48: $36\new_ascii_instr[63:0]
    14/48: $35\new_ascii_instr[63:0]
    15/48: $34\new_ascii_instr[63:0]
    16/48: $33\new_ascii_instr[63:0]
    17/48: $32\new_ascii_instr[63:0]
    18/48: $31\new_ascii_instr[63:0]
    19/48: $30\new_ascii_instr[63:0]
    20/48: $29\new_ascii_instr[63:0]
    21/48: $28\new_ascii_instr[63:0]
    22/48: $27\new_ascii_instr[63:0]
    23/48: $26\new_ascii_instr[63:0]
    24/48: $25\new_ascii_instr[63:0]
    25/48: $24\new_ascii_instr[63:0]
    26/48: $23\new_ascii_instr[63:0]
    27/48: $22\new_ascii_instr[63:0]
    28/48: $21\new_ascii_instr[63:0]
    29/48: $20\new_ascii_instr[63:0]
    30/48: $19\new_ascii_instr[63:0]
    31/48: $18\new_ascii_instr[63:0]
    32/48: $17\new_ascii_instr[63:0]
    33/48: $16\new_ascii_instr[63:0]
    34/48: $15\new_ascii_instr[63:0]
    35/48: $14\new_ascii_instr[63:0]
    36/48: $13\new_ascii_instr[63:0]
    37/48: $12\new_ascii_instr[63:0]
    38/48: $11\new_ascii_instr[63:0]
    39/48: $10\new_ascii_instr[63:0]
    40/48: $9\new_ascii_instr[63:0]
    41/48: $8\new_ascii_instr[63:0]
    42/48: $7\new_ascii_instr[63:0]
    43/48: $6\new_ascii_instr[63:0]
    44/48: $5\new_ascii_instr[63:0]
    45/48: $4\new_ascii_instr[63:0]
    46/48: $3\new_ascii_instr[63:0]
    47/48: $2\new_ascii_instr[63:0]
    48/48: $1\new_ascii_instr[63:0]
Creating decoders for process `$paramod$06842abc62b3c20142c06bb43d357850e31ce8c4\picorv32.$proc$/Users/hello.welcometothisdevice/CAD-Project-AES128-DMA-/pico_aes_soc/src/picorv32.v:565$1172'.
     1/9: $0\mem_16bit_buffer[15:0]
     2/9: $0\prefetched_high_word[0:0]
     3/9: $0\mem_la_secondword[0:0]
     4/9: $0\mem_state[1:0]
     5/9: $0\mem_wstrb[3:0]
     6/9: $0\mem_wdata[31:0]
     7/9: $0\mem_addr[31:0]
     8/9: $0\mem_instr[0:0]
     9/9: $0\mem_valid[0:0]
Creating decoders for process `$paramod$06842abc62b3c20142c06bb43d357850e31ce8c4\picorv32.$proc$/Users/hello.welcometothisdevice/CAD-Project-AES128-DMA-/pico_aes_soc/src/picorv32.v:1239$1714'.
Creating decoders for process `$paramod$06842abc62b3c20142c06bb43d357850e31ce8c4\picorv32.$proc$/Users/hello.welcometothisdevice/CAD-Project-AES128-DMA-/pico_aes_soc/src/picorv32.v:430$1134'.
     1/9: $0\mem_rdata_q[31:0] [31]
     2/9: $0\mem_rdata_q[31:0] [7]
     3/9: $0\mem_rdata_q[31:0] [24:20]
     4/9: $0\mem_rdata_q[31:0] [19:15]
     5/9: $0\mem_rdata_q[31:0] [6:0]
     6/9: $0\mem_rdata_q[31:0] [14:12]
     7/9: $0\mem_rdata_q[31:0] [11:8]
     8/9: $0\mem_rdata_q[31:0] [30:25]
     9/9: $0\next_insn_opcode[31:0]
Creating decoders for process `$paramod$06842abc62b3c20142c06bb43d357850e31ce8c4\picorv32.$proc$/Users/hello.welcometothisdevice/CAD-Project-AES128-DMA-/pico_aes_soc/src/picorv32.v:401$1131'.
     1/5: $3\mem_rdata_word[31:0]
     2/5: $2\mem_rdata_word[31:0]
     3/5: $1\mem_rdata_word[31:0]
     4/5: $1\mem_la_wstrb[3:0]
     5/5: $1\mem_la_wdata[31:0]
Creating decoders for process `$paramod$06842abc62b3c20142c06bb43d357850e31ce8c4\picorv32.$proc$/Users/hello.welcometothisdevice/CAD-Project-AES128-DMA-/pico_aes_soc/src/picorv32.v:390$1126'.
     1/2: $0\last_mem_valid[0:0]
     2/2: $0\mem_la_firstword_reg[0:0]
Creating decoders for process `$paramod$06842abc62b3c20142c06bb43d357850e31ce8c4\picorv32.$proc$/Users/hello.welcometothisdevice/CAD-Project-AES128-DMA-/pico_aes_soc/src/picorv32.v:325$1052'.
     1/2: $1\pcpi_int_rd[31:0]
     2/2: $1\pcpi_int_wr[0:0]
Creating decoders for process `\picorv32_pcpi_mul.$proc$/Users/hello.welcometothisdevice/CAD-Project-AES128-DMA-/pico_aes_soc/src/picorv32.v:2307$933'.
     1/3: $0\pcpi_ready[0:0]
     2/3: $0\pcpi_wr[0:0]
     3/3: $0\pcpi_rd[31:0]
Creating decoders for process `\picorv32_pcpi_mul.$proc$/Users/hello.welcometothisdevice/CAD-Project-AES128-DMA-/pico_aes_soc/src/picorv32.v:2273$928'.
     1/7: $0\mul_finish[0:0]
     2/7: $0\mul_waiting[0:0]
     3/7: $0\mul_counter[6:0]
     4/7: $0\rdx[63:0]
     5/7: $0\rd[63:0]
     6/7: $0\rs2[63:0]
     7/7: $0\rs1[63:0]
Creating decoders for process `\picorv32_pcpi_mul.$proc$/Users/hello.welcometothisdevice/CAD-Project-AES128-DMA-/pico_aes_soc/src/picorv32.v:2249$890'.
Creating decoders for process `\picorv32_pcpi_mul.$proc$/Users/hello.welcometothisdevice/CAD-Project-AES128-DMA-/pico_aes_soc/src/picorv32.v:2221$884'.
     1/4: $0\instr_mulhu[0:0]
     2/4: $0\instr_mulhsu[0:0]
     3/4: $0\instr_mulh[0:0]
     4/4: $0\instr_mul[0:0]
Creating decoders for process `\picorv32_pcpi_div.$proc$/Users/hello.welcometothisdevice/CAD-Project-AES128-DMA-/pico_aes_soc/src/picorv32.v:2464$971'.
     1/9: $0\pcpi_rd[31:0]
     2/9: $0\pcpi_wr[0:0]
     3/9: $0\pcpi_ready[0:0]
     4/9: $0\outsign[0:0]
     5/9: $0\running[0:0]
     6/9: $0\quotient_msk[31:0]
     7/9: $0\quotient[31:0]
     8/9: $0\divisor[62:0]
     9/9: $0\dividend[31:0]
Creating decoders for process `\picorv32_pcpi_div.$proc$/Users/hello.welcometothisdevice/CAD-Project-AES128-DMA-/pico_aes_soc/src/picorv32.v:2438$961'.
     1/4: $0\instr_remu[0:0]
     2/4: $0\instr_rem[0:0]
     3/4: $0\instr_divu[0:0]
     4/4: $0\instr_div[0:0]
Creating decoders for process `\picosoc_regs.$proc$/Users/hello.welcometothisdevice/CAD-Project-AES128-DMA-/pico_aes_soc/src/picosoc_aes.v:306$178'.
     1/3: $1$memwr$\regs$/Users/hello.welcometothisdevice/CAD-Project-AES128-DMA-/pico_aes_soc/src/picosoc_aes.v:307$177_EN[31:0]$184
     2/3: $1$memwr$\regs$/Users/hello.welcometothisdevice/CAD-Project-AES128-DMA-/pico_aes_soc/src/picosoc_aes.v:307$177_DATA[31:0]$183
     3/3: $1$memwr$\regs$/Users/hello.welcometothisdevice/CAD-Project-AES128-DMA-/pico_aes_soc/src/picosoc_aes.v:307$177_ADDR[4:0]$182
Creating decoders for process `\picosoc.$proc$/Users/hello.welcometothisdevice/CAD-Project-AES128-DMA-/pico_aes_soc/src/picosoc_aes.v:275$167'.
Creating decoders for process `\picosoc.$proc$/Users/hello.welcometothisdevice/CAD-Project-AES128-DMA-/pico_aes_soc/src/picosoc_aes.v:93$128'.
Creating decoders for process `\spimemio_xfer.$proc$/Users/hello.welcometothisdevice/CAD-Project-AES128-DMA-/pico_aes_soc/src/spimemio.v:535$112'.
     1/14: $0\last_fetch[0:0]
     2/14: $0\fetch[0:0]
     3/14: $0\xfer_tag[3:0]
     4/14: $0\xfer_rd[0:0]
     5/14: $0\xfer_qspi[0:0]
     6/14: $0\xfer_cont[0:0]
     7/14: $0\dummy_count[3:0]
     8/14: $0\count[3:0]
     9/14: $0\ibuffer[7:0]
    10/14: $0\obuffer[7:0]
    11/14: $0\xfer_ddr[0:0]
    12/14: $0\xfer_dspi[0:0]
    13/14: $0\flash_clk[0:0]
    14/14: $0\flash_csb[0:0]
Creating decoders for process `\spimemio_xfer.$proc$/Users/hello.welcometothisdevice/CAD-Project-AES128-DMA-/pico_aes_soc/src/spimemio.v:447$88'.
     1/33: $5\next_count[3:0]
     2/33: $5\next_obuffer[7:0]
     3/33: $5\next_ibuffer[7:0]
     4/33: $4\next_count[3:0]
     5/33: $4\next_obuffer[7:0]
     6/33: $4\next_ibuffer[7:0]
     7/33: $3\next_count[3:0]
     8/33: $3\next_obuffer[7:0]
     9/33: $3\next_ibuffer[7:0]
    10/33: $2\next_fetch[0:0]
    11/33: $2\next_count[3:0]
    12/33: $2\next_ibuffer[7:0]
    13/33: $2\next_obuffer[7:0]
    14/33: $2\flash_io0_do[0:0]
    15/33: $2\flash_io0_oe[0:0]
    16/33: $2\flash_io3_do[0:0]
    17/33: $2\flash_io2_do[0:0]
    18/33: $2\flash_io1_do[0:0]
    19/33: $2\flash_io3_oe[0:0]
    20/33: $2\flash_io2_oe[0:0]
    21/33: $2\flash_io1_oe[0:0]
    22/33: $1\next_fetch[0:0]
    23/33: $1\next_count[3:0]
    24/33: $1\next_ibuffer[7:0]
    25/33: $1\next_obuffer[7:0]
    26/33: $1\flash_io3_do[0:0]
    27/33: $1\flash_io2_do[0:0]
    28/33: $1\flash_io1_do[0:0]
    29/33: $1\flash_io0_do[0:0]
    30/33: $1\flash_io3_oe[0:0]
    31/33: $1\flash_io2_oe[0:0]
    32/33: $1\flash_io1_oe[0:0]
    33/33: $1\flash_io0_oe[0:0]
Creating decoders for process `\spimemio_xfer.$proc$/Users/hello.welcometothisdevice/CAD-Project-AES128-DMA-/pico_aes_soc/src/spimemio.v:436$79'.
Creating decoders for process `\spimemio.$proc$/Users/hello.welcometothisdevice/CAD-Project-AES128-DMA-/pico_aes_soc/src/spimemio.v:207$58'.
     1/17: $0\buffer[23:0] [23:16]
     2/17: $0\buffer[23:0] [15:8]
     3/17: $0\buffer[23:0] [7:0]
     4/17: $0\xfer_resetn[0:0]
     5/17: $0\state[3:0]
     6/17: $0\rd_inc[0:0]
     7/17: $0\rd_wait[0:0]
     8/17: $0\rd_valid[0:0]
     9/17: $0\rd_addr[23:0]
    10/17: $0\din_valid[0:0]
    11/17: $0\din_rd[0:0]
    12/17: $0\din_ddr[0:0]
    13/17: $0\din_qspi[0:0]
    14/17: $0\din_cont[0:0]
    15/17: $0\din_tag[3:0]
    16/17: $0\din_data[7:0]
    17/17: $0\rdata[31:0]
Creating decoders for process `\spimemio.$proc$/Users/hello.welcometothisdevice/CAD-Project-AES128-DMA-/pico_aes_soc/src/spimemio.v:151$40'.
Creating decoders for process `\spimemio.$proc$/Users/hello.welcometothisdevice/CAD-Project-AES128-DMA-/pico_aes_soc/src/spimemio.v:99$36'.
     1/10: $0\softreset[0:0]
     2/10: $0\config_do[3:0]
     3/10: $0\config_clk[0:0]
     4/10: $0\config_csb[0:0]
     5/10: $0\config_oe[3:0]
     6/10: $0\config_dummy[3:0]
     7/10: $0\config_cont[0:0]
     8/10: $0\config_qspi[0:0]
     9/10: $0\config_ddr[0:0]
    10/10: $0\config_en[0:0]
Creating decoders for process `\simpleuart.$proc$/Users/hello.welcometothisdevice/CAD-Project-AES128-DMA-/pico_aes_soc/src/simpleuart.v:109$16'.
     1/4: $0\send_divcnt[31:0]
     2/4: $0\send_dummy[0:0]
     3/4: $0\send_bitcnt[3:0]
     4/4: $0\send_pattern[9:0]
Creating decoders for process `\simpleuart.$proc$/Users/hello.welcometothisdevice/CAD-Project-AES128-DMA-/pico_aes_soc/src/simpleuart.v:66$7'.
     1/5: $0\recv_divcnt[31:0]
     2/5: $0\recv_buf_valid[0:0]
     3/5: $0\recv_buf_data[7:0]
     4/5: $0\recv_pattern[7:0]
     5/5: $0\recv_state[3:0]
Creating decoders for process `\simpleuart.$proc$/Users/hello.welcometothisdevice/CAD-Project-AES128-DMA-/pico_aes_soc/src/simpleuart.v:55$5'.
     1/4: $0\cfg_divider[31:0] [31:24]
     2/4: $0\cfg_divider[31:0] [23:16]
     3/4: $0\cfg_divider[31:0] [15:8]
     4/4: $0\cfg_divider[31:0] [7:0]

8.8. Executing PROC_DLATCH pass (convert process syncs to latches).
No latch inferred for signal `$paramod$06842abc62b3c20142c06bb43d357850e31ce8c4\picorv32.\cpuregs_rs1' from process `$paramod$06842abc62b3c20142c06bb43d357850e31ce8c4\picorv32.$proc$/Users/hello.welcometothisdevice/CAD-Project-AES128-DMA-/pico_aes_soc/src/picorv32.v:1387$1520'.
No latch inferred for signal `$paramod$06842abc62b3c20142c06bb43d357850e31ce8c4\picorv32.\cpuregs_rs2' from process `$paramod$06842abc62b3c20142c06bb43d357850e31ce8c4\picorv32.$proc$/Users/hello.welcometothisdevice/CAD-Project-AES128-DMA-/pico_aes_soc/src/picorv32.v:1387$1520'.
No latch inferred for signal `$paramod$06842abc62b3c20142c06bb43d357850e31ce8c4\picorv32.\decoded_rs' from process `$paramod$06842abc62b3c20142c06bb43d357850e31ce8c4\picorv32.$proc$/Users/hello.welcometothisdevice/CAD-Project-AES128-DMA-/pico_aes_soc/src/picorv32.v:1387$1520'.
No latch inferred for signal `$paramod$06842abc62b3c20142c06bb43d357850e31ce8c4\picorv32.\cpuregs_write' from process `$paramod$06842abc62b3c20142c06bb43d357850e31ce8c4\picorv32.$proc$/Users/hello.welcometothisdevice/CAD-Project-AES128-DMA-/pico_aes_soc/src/picorv32.v:1309$1506'.
No latch inferred for signal `$paramod$06842abc62b3c20142c06bb43d357850e31ce8c4\picorv32.\cpuregs_wrdata' from process `$paramod$06842abc62b3c20142c06bb43d357850e31ce8c4\picorv32.$proc$/Users/hello.welcometothisdevice/CAD-Project-AES128-DMA-/pico_aes_soc/src/picorv32.v:1309$1506'.
No latch inferred for signal `$paramod$06842abc62b3c20142c06bb43d357850e31ce8c4\picorv32.\clear_prefetched_high_word' from process `$paramod$06842abc62b3c20142c06bb43d357850e31ce8c4\picorv32.$proc$/Users/hello.welcometothisdevice/CAD-Project-AES128-DMA-/pico_aes_soc/src/picorv32.v:1295$1501'.
No latch inferred for signal `$paramod$06842abc62b3c20142c06bb43d357850e31ce8c4\picorv32.\alu_out' from process `$paramod$06842abc62b3c20142c06bb43d357850e31ce8c4\picorv32.$proc$/Users/hello.welcometothisdevice/CAD-Project-AES128-DMA-/pico_aes_soc/src/picorv32.v:1249$1478'.
No latch inferred for signal `$paramod$06842abc62b3c20142c06bb43d357850e31ce8c4\picorv32.\alu_out_0' from process `$paramod$06842abc62b3c20142c06bb43d357850e31ce8c4\picorv32.$proc$/Users/hello.welcometothisdevice/CAD-Project-AES128-DMA-/pico_aes_soc/src/picorv32.v:1249$1478'.
No latch inferred for signal `$paramod$06842abc62b3c20142c06bb43d357850e31ce8c4\picorv32.\dbg_ascii_state' from process `$paramod$06842abc62b3c20142c06bb43d357850e31ce8c4\picorv32.$proc$/Users/hello.welcometothisdevice/CAD-Project-AES128-DMA-/pico_aes_soc/src/picorv32.v:1186$1466'.
No latch inferred for signal `$paramod$06842abc62b3c20142c06bb43d357850e31ce8c4\picorv32.\dbg_insn_opcode' from process `$paramod$06842abc62b3c20142c06bb43d357850e31ce8c4\picorv32.$proc$/Users/hello.welcometothisdevice/CAD-Project-AES128-DMA-/pico_aes_soc/src/picorv32.v:809$1201'.
No latch inferred for signal `$paramod$06842abc62b3c20142c06bb43d357850e31ce8c4\picorv32.\dbg_ascii_instr' from process `$paramod$06842abc62b3c20142c06bb43d357850e31ce8c4\picorv32.$proc$/Users/hello.welcometothisdevice/CAD-Project-AES128-DMA-/pico_aes_soc/src/picorv32.v:809$1201'.
No latch inferred for signal `$paramod$06842abc62b3c20142c06bb43d357850e31ce8c4\picorv32.\dbg_insn_imm' from process `$paramod$06842abc62b3c20142c06bb43d357850e31ce8c4\picorv32.$proc$/Users/hello.welcometothisdevice/CAD-Project-AES128-DMA-/pico_aes_soc/src/picorv32.v:809$1201'.
No latch inferred for signal `$paramod$06842abc62b3c20142c06bb43d357850e31ce8c4\picorv32.\dbg_insn_rs1' from process `$paramod$06842abc62b3c20142c06bb43d357850e31ce8c4\picorv32.$proc$/Users/hello.welcometothisdevice/CAD-Project-AES128-DMA-/pico_aes_soc/src/picorv32.v:809$1201'.
No latch inferred for signal `$paramod$06842abc62b3c20142c06bb43d357850e31ce8c4\picorv32.\dbg_insn_rs2' from process `$paramod$06842abc62b3c20142c06bb43d357850e31ce8c4\picorv32.$proc$/Users/hello.welcometothisdevice/CAD-Project-AES128-DMA-/pico_aes_soc/src/picorv32.v:809$1201'.
No latch inferred for signal `$paramod$06842abc62b3c20142c06bb43d357850e31ce8c4\picorv32.\dbg_insn_rd' from process `$paramod$06842abc62b3c20142c06bb43d357850e31ce8c4\picorv32.$proc$/Users/hello.welcometothisdevice/CAD-Project-AES128-DMA-/pico_aes_soc/src/picorv32.v:809$1201'.
No latch inferred for signal `$paramod$06842abc62b3c20142c06bb43d357850e31ce8c4\picorv32.\new_ascii_instr' from process `$paramod$06842abc62b3c20142c06bb43d357850e31ce8c4\picorv32.$proc$/Users/hello.welcometothisdevice/CAD-Project-AES128-DMA-/pico_aes_soc/src/picorv32.v:701$1196'.
No latch inferred for signal `$paramod$06842abc62b3c20142c06bb43d357850e31ce8c4\picorv32.\alu_add_sub' from process `$paramod$06842abc62b3c20142c06bb43d357850e31ce8c4\picorv32.$proc$/Users/hello.welcometothisdevice/CAD-Project-AES128-DMA-/pico_aes_soc/src/picorv32.v:1239$1714'.
No latch inferred for signal `$paramod$06842abc62b3c20142c06bb43d357850e31ce8c4\picorv32.\alu_shl' from process `$paramod$06842abc62b3c20142c06bb43d357850e31ce8c4\picorv32.$proc$/Users/hello.welcometothisdevice/CAD-Project-AES128-DMA-/pico_aes_soc/src/picorv32.v:1239$1714'.
No latch inferred for signal `$paramod$06842abc62b3c20142c06bb43d357850e31ce8c4\picorv32.\alu_shr' from process `$paramod$06842abc62b3c20142c06bb43d357850e31ce8c4\picorv32.$proc$/Users/hello.welcometothisdevice/CAD-Project-AES128-DMA-/pico_aes_soc/src/picorv32.v:1239$1714'.
No latch inferred for signal `$paramod$06842abc62b3c20142c06bb43d357850e31ce8c4\picorv32.\alu_eq' from process `$paramod$06842abc62b3c20142c06bb43d357850e31ce8c4\picorv32.$proc$/Users/hello.welcometothisdevice/CAD-Project-AES128-DMA-/pico_aes_soc/src/picorv32.v:1239$1714'.
No latch inferred for signal `$paramod$06842abc62b3c20142c06bb43d357850e31ce8c4\picorv32.\alu_ltu' from process `$paramod$06842abc62b3c20142c06bb43d357850e31ce8c4\picorv32.$proc$/Users/hello.welcometothisdevice/CAD-Project-AES128-DMA-/pico_aes_soc/src/picorv32.v:1239$1714'.
No latch inferred for signal `$paramod$06842abc62b3c20142c06bb43d357850e31ce8c4\picorv32.\alu_lts' from process `$paramod$06842abc62b3c20142c06bb43d357850e31ce8c4\picorv32.$proc$/Users/hello.welcometothisdevice/CAD-Project-AES128-DMA-/pico_aes_soc/src/picorv32.v:1239$1714'.
No latch inferred for signal `$paramod$06842abc62b3c20142c06bb43d357850e31ce8c4\picorv32.\mem_la_wdata' from process `$paramod$06842abc62b3c20142c06bb43d357850e31ce8c4\picorv32.$proc$/Users/hello.welcometothisdevice/CAD-Project-AES128-DMA-/pico_aes_soc/src/picorv32.v:401$1131'.
No latch inferred for signal `$paramod$06842abc62b3c20142c06bb43d357850e31ce8c4\picorv32.\mem_la_wstrb' from process `$paramod$06842abc62b3c20142c06bb43d357850e31ce8c4\picorv32.$proc$/Users/hello.welcometothisdevice/CAD-Project-AES128-DMA-/pico_aes_soc/src/picorv32.v:401$1131'.
No latch inferred for signal `$paramod$06842abc62b3c20142c06bb43d357850e31ce8c4\picorv32.\mem_rdata_word' from process `$paramod$06842abc62b3c20142c06bb43d357850e31ce8c4\picorv32.$proc$/Users/hello.welcometothisdevice/CAD-Project-AES128-DMA-/pico_aes_soc/src/picorv32.v:401$1131'.
No latch inferred for signal `$paramod$06842abc62b3c20142c06bb43d357850e31ce8c4\picorv32.\pcpi_int_wr' from process `$paramod$06842abc62b3c20142c06bb43d357850e31ce8c4\picorv32.$proc$/Users/hello.welcometothisdevice/CAD-Project-AES128-DMA-/pico_aes_soc/src/picorv32.v:325$1052'.
No latch inferred for signal `$paramod$06842abc62b3c20142c06bb43d357850e31ce8c4\picorv32.\pcpi_int_rd' from process `$paramod$06842abc62b3c20142c06bb43d357850e31ce8c4\picorv32.$proc$/Users/hello.welcometothisdevice/CAD-Project-AES128-DMA-/pico_aes_soc/src/picorv32.v:325$1052'.
No latch inferred for signal `$paramod$06842abc62b3c20142c06bb43d357850e31ce8c4\picorv32.\pcpi_int_wait' from process `$paramod$06842abc62b3c20142c06bb43d357850e31ce8c4\picorv32.$proc$/Users/hello.welcometothisdevice/CAD-Project-AES128-DMA-/pico_aes_soc/src/picorv32.v:325$1052'.
No latch inferred for signal `$paramod$06842abc62b3c20142c06bb43d357850e31ce8c4\picorv32.\pcpi_int_ready' from process `$paramod$06842abc62b3c20142c06bb43d357850e31ce8c4\picorv32.$proc$/Users/hello.welcometothisdevice/CAD-Project-AES128-DMA-/pico_aes_soc/src/picorv32.v:325$1052'.
No latch inferred for signal `\picorv32_pcpi_mul.\next_rs1' from process `\picorv32_pcpi_mul.$proc$/Users/hello.welcometothisdevice/CAD-Project-AES128-DMA-/pico_aes_soc/src/picorv32.v:2249$890'.
No latch inferred for signal `\picorv32_pcpi_mul.\next_rs2' from process `\picorv32_pcpi_mul.$proc$/Users/hello.welcometothisdevice/CAD-Project-AES128-DMA-/pico_aes_soc/src/picorv32.v:2249$890'.
No latch inferred for signal `\picorv32_pcpi_mul.\this_rs2' from process `\picorv32_pcpi_mul.$proc$/Users/hello.welcometothisdevice/CAD-Project-AES128-DMA-/pico_aes_soc/src/picorv32.v:2249$890'.
No latch inferred for signal `\picorv32_pcpi_mul.\next_rd' from process `\picorv32_pcpi_mul.$proc$/Users/hello.welcometothisdevice/CAD-Project-AES128-DMA-/pico_aes_soc/src/picorv32.v:2249$890'.
No latch inferred for signal `\picorv32_pcpi_mul.\next_rdx' from process `\picorv32_pcpi_mul.$proc$/Users/hello.welcometothisdevice/CAD-Project-AES128-DMA-/pico_aes_soc/src/picorv32.v:2249$890'.
No latch inferred for signal `\picorv32_pcpi_mul.\next_rdt' from process `\picorv32_pcpi_mul.$proc$/Users/hello.welcometothisdevice/CAD-Project-AES128-DMA-/pico_aes_soc/src/picorv32.v:2249$890'.
No latch inferred for signal `\picorv32_pcpi_mul.\i' from process `\picorv32_pcpi_mul.$proc$/Users/hello.welcometothisdevice/CAD-Project-AES128-DMA-/pico_aes_soc/src/picorv32.v:2249$890'.
No latch inferred for signal `\picorv32_pcpi_mul.\j' from process `\picorv32_pcpi_mul.$proc$/Users/hello.welcometothisdevice/CAD-Project-AES128-DMA-/pico_aes_soc/src/picorv32.v:2249$890'.
No latch inferred for signal `\picosoc.\irq' from process `\picosoc.$proc$/Users/hello.welcometothisdevice/CAD-Project-AES128-DMA-/pico_aes_soc/src/picosoc_aes.v:93$128'.
No latch inferred for signal `\spimemio_xfer.\flash_io0_oe' from process `\spimemio_xfer.$proc$/Users/hello.welcometothisdevice/CAD-Project-AES128-DMA-/pico_aes_soc/src/spimemio.v:447$88'.
No latch inferred for signal `\spimemio_xfer.\flash_io1_oe' from process `\spimemio_xfer.$proc$/Users/hello.welcometothisdevice/CAD-Project-AES128-DMA-/pico_aes_soc/src/spimemio.v:447$88'.
No latch inferred for signal `\spimemio_xfer.\flash_io2_oe' from process `\spimemio_xfer.$proc$/Users/hello.welcometothisdevice/CAD-Project-AES128-DMA-/pico_aes_soc/src/spimemio.v:447$88'.
No latch inferred for signal `\spimemio_xfer.\flash_io3_oe' from process `\spimemio_xfer.$proc$/Users/hello.welcometothisdevice/CAD-Project-AES128-DMA-/pico_aes_soc/src/spimemio.v:447$88'.
No latch inferred for signal `\spimemio_xfer.\flash_io0_do' from process `\spimemio_xfer.$proc$/Users/hello.welcometothisdevice/CAD-Project-AES128-DMA-/pico_aes_soc/src/spimemio.v:447$88'.
No latch inferred for signal `\spimemio_xfer.\flash_io1_do' from process `\spimemio_xfer.$proc$/Users/hello.welcometothisdevice/CAD-Project-AES128-DMA-/pico_aes_soc/src/spimemio.v:447$88'.
No latch inferred for signal `\spimemio_xfer.\flash_io2_do' from process `\spimemio_xfer.$proc$/Users/hello.welcometothisdevice/CAD-Project-AES128-DMA-/pico_aes_soc/src/spimemio.v:447$88'.
No latch inferred for signal `\spimemio_xfer.\flash_io3_do' from process `\spimemio_xfer.$proc$/Users/hello.welcometothisdevice/CAD-Project-AES128-DMA-/pico_aes_soc/src/spimemio.v:447$88'.
No latch inferred for signal `\spimemio_xfer.\next_obuffer' from process `\spimemio_xfer.$proc$/Users/hello.welcometothisdevice/CAD-Project-AES128-DMA-/pico_aes_soc/src/spimemio.v:447$88'.
No latch inferred for signal `\spimemio_xfer.\next_ibuffer' from process `\spimemio_xfer.$proc$/Users/hello.welcometothisdevice/CAD-Project-AES128-DMA-/pico_aes_soc/src/spimemio.v:447$88'.
No latch inferred for signal `\spimemio_xfer.\next_count' from process `\spimemio_xfer.$proc$/Users/hello.welcometothisdevice/CAD-Project-AES128-DMA-/pico_aes_soc/src/spimemio.v:447$88'.
No latch inferred for signal `\spimemio_xfer.\next_fetch' from process `\spimemio_xfer.$proc$/Users/hello.welcometothisdevice/CAD-Project-AES128-DMA-/pico_aes_soc/src/spimemio.v:447$88'.

8.9. Executing PROC_DFF pass (convert process syncs to FFs).
Creating register for signal `$paramod$06842abc62b3c20142c06bb43d357850e31ce8c4\picorv32.\trap' using process `$paramod$06842abc62b3c20142c06bb43d357850e31ce8c4\picorv32.$proc$/Users/hello.welcometothisdevice/CAD-Project-AES128-DMA-/pico_aes_soc/src/picorv32.v:1402$1534'.
  created $dff cell `$procdff$5553' with positive edge clock.
Creating register for signal `$paramod$06842abc62b3c20142c06bb43d357850e31ce8c4\picorv32.\pcpi_valid' using process `$paramod$06842abc62b3c20142c06bb43d357850e31ce8c4\picorv32.$proc$/Users/hello.welcometothisdevice/CAD-Project-AES128-DMA-/pico_aes_soc/src/picorv32.v:1402$1534'.
  created $dff cell `$procdff$5554' with positive edge clock.
Creating register for signal `$paramod$06842abc62b3c20142c06bb43d357850e31ce8c4\picorv32.\eoi' using process `$paramod$06842abc62b3c20142c06bb43d357850e31ce8c4\picorv32.$proc$/Users/hello.welcometothisdevice/CAD-Project-AES128-DMA-/pico_aes_soc/src/picorv32.v:1402$1534'.
  created $dff cell `$procdff$5555' with positive edge clock.
Creating register for signal `$paramod$06842abc62b3c20142c06bb43d357850e31ce8c4\picorv32.\trace_valid' using process `$paramod$06842abc62b3c20142c06bb43d357850e31ce8c4\picorv32.$proc$/Users/hello.welcometothisdevice/CAD-Project-AES128-DMA-/pico_aes_soc/src/picorv32.v:1402$1534'.
  created $dff cell `$procdff$5556' with positive edge clock.
Creating register for signal `$paramod$06842abc62b3c20142c06bb43d357850e31ce8c4\picorv32.\trace_data' using process `$paramod$06842abc62b3c20142c06bb43d357850e31ce8c4\picorv32.$proc$/Users/hello.welcometothisdevice/CAD-Project-AES128-DMA-/pico_aes_soc/src/picorv32.v:1402$1534'.
  created $dff cell `$procdff$5557' with positive edge clock.
Creating register for signal `$paramod$06842abc62b3c20142c06bb43d357850e31ce8c4\picorv32.\count_cycle' using process `$paramod$06842abc62b3c20142c06bb43d357850e31ce8c4\picorv32.$proc$/Users/hello.welcometothisdevice/CAD-Project-AES128-DMA-/pico_aes_soc/src/picorv32.v:1402$1534'.
  created $dff cell `$procdff$5558' with positive edge clock.
Creating register for signal `$paramod$06842abc62b3c20142c06bb43d357850e31ce8c4\picorv32.\count_instr' using process `$paramod$06842abc62b3c20142c06bb43d357850e31ce8c4\picorv32.$proc$/Users/hello.welcometothisdevice/CAD-Project-AES128-DMA-/pico_aes_soc/src/picorv32.v:1402$1534'.
  created $dff cell `$procdff$5559' with positive edge clock.
Creating register for signal `$paramod$06842abc62b3c20142c06bb43d357850e31ce8c4\picorv32.\reg_pc' using process `$paramod$06842abc62b3c20142c06bb43d357850e31ce8c4\picorv32.$proc$/Users/hello.welcometothisdevice/CAD-Project-AES128-DMA-/pico_aes_soc/src/picorv32.v:1402$1534'.
  created $dff cell `$procdff$5560' with positive edge clock.
Creating register for signal `$paramod$06842abc62b3c20142c06bb43d357850e31ce8c4\picorv32.\reg_next_pc' using process `$paramod$06842abc62b3c20142c06bb43d357850e31ce8c4\picorv32.$proc$/Users/hello.welcometothisdevice/CAD-Project-AES128-DMA-/pico_aes_soc/src/picorv32.v:1402$1534'.
  created $dff cell `$procdff$5561' with positive edge clock.
Creating register for signal `$paramod$06842abc62b3c20142c06bb43d357850e31ce8c4\picorv32.\reg_op1' using process `$paramod$06842abc62b3c20142c06bb43d357850e31ce8c4\picorv32.$proc$/Users/hello.welcometothisdevice/CAD-Project-AES128-DMA-/pico_aes_soc/src/picorv32.v:1402$1534'.
  created $dff cell `$procdff$5562' with positive edge clock.
Creating register for signal `$paramod$06842abc62b3c20142c06bb43d357850e31ce8c4\picorv32.\reg_op2' using process `$paramod$06842abc62b3c20142c06bb43d357850e31ce8c4\picorv32.$proc$/Users/hello.welcometothisdevice/CAD-Project-AES128-DMA-/pico_aes_soc/src/picorv32.v:1402$1534'.
  created $dff cell `$procdff$5563' with positive edge clock.
Creating register for signal `$paramod$06842abc62b3c20142c06bb43d357850e31ce8c4\picorv32.\reg_out' using process `$paramod$06842abc62b3c20142c06bb43d357850e31ce8c4\picorv32.$proc$/Users/hello.welcometothisdevice/CAD-Project-AES128-DMA-/pico_aes_soc/src/picorv32.v:1402$1534'.
  created $dff cell `$procdff$5564' with positive edge clock.
Creating register for signal `$paramod$06842abc62b3c20142c06bb43d357850e31ce8c4\picorv32.\reg_sh' using process `$paramod$06842abc62b3c20142c06bb43d357850e31ce8c4\picorv32.$proc$/Users/hello.welcometothisdevice/CAD-Project-AES128-DMA-/pico_aes_soc/src/picorv32.v:1402$1534'.
  created $dff cell `$procdff$5565' with positive edge clock.
Creating register for signal `$paramod$06842abc62b3c20142c06bb43d357850e31ce8c4\picorv32.\irq_delay' using process `$paramod$06842abc62b3c20142c06bb43d357850e31ce8c4\picorv32.$proc$/Users/hello.welcometothisdevice/CAD-Project-AES128-DMA-/pico_aes_soc/src/picorv32.v:1402$1534'.
  created $dff cell `$procdff$5566' with positive edge clock.
Creating register for signal `$paramod$06842abc62b3c20142c06bb43d357850e31ce8c4\picorv32.\irq_active' using process `$paramod$06842abc62b3c20142c06bb43d357850e31ce8c4\picorv32.$proc$/Users/hello.welcometothisdevice/CAD-Project-AES128-DMA-/pico_aes_soc/src/picorv32.v:1402$1534'.
  created $dff cell `$procdff$5567' with positive edge clock.
Creating register for signal `$paramod$06842abc62b3c20142c06bb43d357850e31ce8c4\picorv32.\irq_mask' using process `$paramod$06842abc62b3c20142c06bb43d357850e31ce8c4\picorv32.$proc$/Users/hello.welcometothisdevice/CAD-Project-AES128-DMA-/pico_aes_soc/src/picorv32.v:1402$1534'.
  created $dff cell `$procdff$5568' with positive edge clock.
Creating register for signal `$paramod$06842abc62b3c20142c06bb43d357850e31ce8c4\picorv32.\irq_pending' using process `$paramod$06842abc62b3c20142c06bb43d357850e31ce8c4\picorv32.$proc$/Users/hello.welcometothisdevice/CAD-Project-AES128-DMA-/pico_aes_soc/src/picorv32.v:1402$1534'.
  created $dff cell `$procdff$5569' with positive edge clock.
Creating register for signal `$paramod$06842abc62b3c20142c06bb43d357850e31ce8c4\picorv32.\timer' using process `$paramod$06842abc62b3c20142c06bb43d357850e31ce8c4\picorv32.$proc$/Users/hello.welcometothisdevice/CAD-Project-AES128-DMA-/pico_aes_soc/src/picorv32.v:1402$1534'.
  created $dff cell `$procdff$5570' with positive edge clock.
Creating register for signal `$paramod$06842abc62b3c20142c06bb43d357850e31ce8c4\picorv32.\mem_wordsize' using process `$paramod$06842abc62b3c20142c06bb43d357850e31ce8c4\picorv32.$proc$/Users/hello.welcometothisdevice/CAD-Project-AES128-DMA-/pico_aes_soc/src/picorv32.v:1402$1534'.
  created $dff cell `$procdff$5571' with positive edge clock.
Creating register for signal `$paramod$06842abc62b3c20142c06bb43d357850e31ce8c4\picorv32.\mem_do_prefetch' using process `$paramod$06842abc62b3c20142c06bb43d357850e31ce8c4\picorv32.$proc$/Users/hello.welcometothisdevice/CAD-Project-AES128-DMA-/pico_aes_soc/src/picorv32.v:1402$1534'.
  created $dff cell `$procdff$5572' with positive edge clock.
Creating register for signal `$paramod$06842abc62b3c20142c06bb43d357850e31ce8c4\picorv32.\mem_do_rinst' using process `$paramod$06842abc62b3c20142c06bb43d357850e31ce8c4\picorv32.$proc$/Users/hello.welcometothisdevice/CAD-Project-AES128-DMA-/pico_aes_soc/src/picorv32.v:1402$1534'.
  created $dff cell `$procdff$5573' with positive edge clock.
Creating register for signal `$paramod$06842abc62b3c20142c06bb43d357850e31ce8c4\picorv32.\mem_do_rdata' using process `$paramod$06842abc62b3c20142c06bb43d357850e31ce8c4\picorv32.$proc$/Users/hello.welcometothisdevice/CAD-Project-AES128-DMA-/pico_aes_soc/src/picorv32.v:1402$1534'.
  created $dff cell `$procdff$5574' with positive edge clock.
Creating register for signal `$paramod$06842abc62b3c20142c06bb43d357850e31ce8c4\picorv32.\mem_do_wdata' using process `$paramod$06842abc62b3c20142c06bb43d357850e31ce8c4\picorv32.$proc$/Users/hello.welcometothisdevice/CAD-Project-AES128-DMA-/pico_aes_soc/src/picorv32.v:1402$1534'.
  created $dff cell `$procdff$5575' with positive edge clock.
Creating register for signal `$paramod$06842abc62b3c20142c06bb43d357850e31ce8c4\picorv32.\decoder_trigger' using process `$paramod$06842abc62b3c20142c06bb43d357850e31ce8c4\picorv32.$proc$/Users/hello.welcometothisdevice/CAD-Project-AES128-DMA-/pico_aes_soc/src/picorv32.v:1402$1534'.
  created $dff cell `$procdff$5576' with positive edge clock.
Creating register for signal `$paramod$06842abc62b3c20142c06bb43d357850e31ce8c4\picorv32.\decoder_trigger_q' using process `$paramod$06842abc62b3c20142c06bb43d357850e31ce8c4\picorv32.$proc$/Users/hello.welcometothisdevice/CAD-Project-AES128-DMA-/pico_aes_soc/src/picorv32.v:1402$1534'.
  created $dff cell `$procdff$5577' with positive edge clock.
Creating register for signal `$paramod$06842abc62b3c20142c06bb43d357850e31ce8c4\picorv32.\decoder_pseudo_trigger' using process `$paramod$06842abc62b3c20142c06bb43d357850e31ce8c4\picorv32.$proc$/Users/hello.welcometothisdevice/CAD-Project-AES128-DMA-/pico_aes_soc/src/picorv32.v:1402$1534'.
  created $dff cell `$procdff$5578' with positive edge clock.
Creating register for signal `$paramod$06842abc62b3c20142c06bb43d357850e31ce8c4\picorv32.\decoder_pseudo_trigger_q' using process `$paramod$06842abc62b3c20142c06bb43d357850e31ce8c4\picorv32.$proc$/Users/hello.welcometothisdevice/CAD-Project-AES128-DMA-/pico_aes_soc/src/picorv32.v:1402$1534'.
  created $dff cell `$procdff$5579' with positive edge clock.
Creating register for signal `$paramod$06842abc62b3c20142c06bb43d357850e31ce8c4\picorv32.\dbg_rs1val' using process `$paramod$06842abc62b3c20142c06bb43d357850e31ce8c4\picorv32.$proc$/Users/hello.welcometothisdevice/CAD-Project-AES128-DMA-/pico_aes_soc/src/picorv32.v:1402$1534'.
  created $dff cell `$procdff$5580' with positive edge clock.
Creating register for signal `$paramod$06842abc62b3c20142c06bb43d357850e31ce8c4\picorv32.\dbg_rs2val' using process `$paramod$06842abc62b3c20142c06bb43d357850e31ce8c4\picorv32.$proc$/Users/hello.welcometothisdevice/CAD-Project-AES128-DMA-/pico_aes_soc/src/picorv32.v:1402$1534'.
  created $dff cell `$procdff$5581' with positive edge clock.
Creating register for signal `$paramod$06842abc62b3c20142c06bb43d357850e31ce8c4\picorv32.\dbg_rs1val_valid' using process `$paramod$06842abc62b3c20142c06bb43d357850e31ce8c4\picorv32.$proc$/Users/hello.welcometothisdevice/CAD-Project-AES128-DMA-/pico_aes_soc/src/picorv32.v:1402$1534'.
  created $dff cell `$procdff$5582' with positive edge clock.
Creating register for signal `$paramod$06842abc62b3c20142c06bb43d357850e31ce8c4\picorv32.\dbg_rs2val_valid' using process `$paramod$06842abc62b3c20142c06bb43d357850e31ce8c4\picorv32.$proc$/Users/hello.welcometothisdevice/CAD-Project-AES128-DMA-/pico_aes_soc/src/picorv32.v:1402$1534'.
  created $dff cell `$procdff$5583' with positive edge clock.
Creating register for signal `$paramod$06842abc62b3c20142c06bb43d357850e31ce8c4\picorv32.\cpu_state' using process `$paramod$06842abc62b3c20142c06bb43d357850e31ce8c4\picorv32.$proc$/Users/hello.welcometothisdevice/CAD-Project-AES128-DMA-/pico_aes_soc/src/picorv32.v:1402$1534'.
  created $dff cell `$procdff$5584' with positive edge clock.
Creating register for signal `$paramod$06842abc62b3c20142c06bb43d357850e31ce8c4\picorv32.\irq_state' using process `$paramod$06842abc62b3c20142c06bb43d357850e31ce8c4\picorv32.$proc$/Users/hello.welcometothisdevice/CAD-Project-AES128-DMA-/pico_aes_soc/src/picorv32.v:1402$1534'.
  created $dff cell `$procdff$5585' with positive edge clock.
Creating register for signal `$paramod$06842abc62b3c20142c06bb43d357850e31ce8c4\picorv32.\set_mem_do_rinst' using process `$paramod$06842abc62b3c20142c06bb43d357850e31ce8c4\picorv32.$proc$/Users/hello.welcometothisdevice/CAD-Project-AES128-DMA-/pico_aes_soc/src/picorv32.v:1402$1534'.
  created $dff cell `$procdff$5586' with positive edge clock.
Creating register for signal `$paramod$06842abc62b3c20142c06bb43d357850e31ce8c4\picorv32.\set_mem_do_rdata' using process `$paramod$06842abc62b3c20142c06bb43d357850e31ce8c4\picorv32.$proc$/Users/hello.welcometothisdevice/CAD-Project-AES128-DMA-/pico_aes_soc/src/picorv32.v:1402$1534'.
  created $dff cell `$procdff$5587' with positive edge clock.
Creating register for signal `$paramod$06842abc62b3c20142c06bb43d357850e31ce8c4\picorv32.\set_mem_do_wdata' using process `$paramod$06842abc62b3c20142c06bb43d357850e31ce8c4\picorv32.$proc$/Users/hello.welcometothisdevice/CAD-Project-AES128-DMA-/pico_aes_soc/src/picorv32.v:1402$1534'.
  created $dff cell `$procdff$5588' with positive edge clock.
Creating register for signal `$paramod$06842abc62b3c20142c06bb43d357850e31ce8c4\picorv32.\latched_store' using process `$paramod$06842abc62b3c20142c06bb43d357850e31ce8c4\picorv32.$proc$/Users/hello.welcometothisdevice/CAD-Project-AES128-DMA-/pico_aes_soc/src/picorv32.v:1402$1534'.
  created $dff cell `$procdff$5589' with positive edge clock.
Creating register for signal `$paramod$06842abc62b3c20142c06bb43d357850e31ce8c4\picorv32.\latched_stalu' using process `$paramod$06842abc62b3c20142c06bb43d357850e31ce8c4\picorv32.$proc$/Users/hello.welcometothisdevice/CAD-Project-AES128-DMA-/pico_aes_soc/src/picorv32.v:1402$1534'.
  created $dff cell `$procdff$5590' with positive edge clock.
Creating register for signal `$paramod$06842abc62b3c20142c06bb43d357850e31ce8c4\picorv32.\latched_branch' using process `$paramod$06842abc62b3c20142c06bb43d357850e31ce8c4\picorv32.$proc$/Users/hello.welcometothisdevice/CAD-Project-AES128-DMA-/pico_aes_soc/src/picorv32.v:1402$1534'.
  created $dff cell `$procdff$5591' with positive edge clock.
Creating register for signal `$paramod$06842abc62b3c20142c06bb43d357850e31ce8c4\picorv32.\latched_compr' using process `$paramod$06842abc62b3c20142c06bb43d357850e31ce8c4\picorv32.$proc$/Users/hello.welcometothisdevice/CAD-Project-AES128-DMA-/pico_aes_soc/src/picorv32.v:1402$1534'.
  created $dff cell `$procdff$5592' with positive edge clock.
Creating register for signal `$paramod$06842abc62b3c20142c06bb43d357850e31ce8c4\picorv32.\latched_trace' using process `$paramod$06842abc62b3c20142c06bb43d357850e31ce8c4\picorv32.$proc$/Users/hello.welcometothisdevice/CAD-Project-AES128-DMA-/pico_aes_soc/src/picorv32.v:1402$1534'.
  created $dff cell `$procdff$5593' with positive edge clock.
Creating register for signal `$paramod$06842abc62b3c20142c06bb43d357850e31ce8c4\picorv32.\latched_is_lu' using process `$paramod$06842abc62b3c20142c06bb43d357850e31ce8c4\picorv32.$proc$/Users/hello.welcometothisdevice/CAD-Project-AES128-DMA-/pico_aes_soc/src/picorv32.v:1402$1534'.
  created $dff cell `$procdff$5594' with positive edge clock.
Creating register for signal `$paramod$06842abc62b3c20142c06bb43d357850e31ce8c4\picorv32.\latched_is_lh' using process `$paramod$06842abc62b3c20142c06bb43d357850e31ce8c4\picorv32.$proc$/Users/hello.welcometothisdevice/CAD-Project-AES128-DMA-/pico_aes_soc/src/picorv32.v:1402$1534'.
  created $dff cell `$procdff$5595' with positive edge clock.
Creating register for signal `$paramod$06842abc62b3c20142c06bb43d357850e31ce8c4\picorv32.\latched_is_lb' using process `$paramod$06842abc62b3c20142c06bb43d357850e31ce8c4\picorv32.$proc$/Users/hello.welcometothisdevice/CAD-Project-AES128-DMA-/pico_aes_soc/src/picorv32.v:1402$1534'.
  created $dff cell `$procdff$5596' with positive edge clock.
Creating register for signal `$paramod$06842abc62b3c20142c06bb43d357850e31ce8c4\picorv32.\latched_rd' using process `$paramod$06842abc62b3c20142c06bb43d357850e31ce8c4\picorv32.$proc$/Users/hello.welcometothisdevice/CAD-Project-AES128-DMA-/pico_aes_soc/src/picorv32.v:1402$1534'.
  created $dff cell `$procdff$5597' with positive edge clock.
Creating register for signal `$paramod$06842abc62b3c20142c06bb43d357850e31ce8c4\picorv32.\current_pc' using process `$paramod$06842abc62b3c20142c06bb43d357850e31ce8c4\picorv32.$proc$/Users/hello.welcometothisdevice/CAD-Project-AES128-DMA-/pico_aes_soc/src/picorv32.v:1402$1534'.
  created $dff cell `$procdff$5598' with positive edge clock.
Creating register for signal `$paramod$06842abc62b3c20142c06bb43d357850e31ce8c4\picorv32.\pcpi_timeout_counter' using process `$paramod$06842abc62b3c20142c06bb43d357850e31ce8c4\picorv32.$proc$/Users/hello.welcometothisdevice/CAD-Project-AES128-DMA-/pico_aes_soc/src/picorv32.v:1402$1534'.
  created $dff cell `$procdff$5599' with positive edge clock.
Creating register for signal `$paramod$06842abc62b3c20142c06bb43d357850e31ce8c4\picorv32.\pcpi_timeout' using process `$paramod$06842abc62b3c20142c06bb43d357850e31ce8c4\picorv32.$proc$/Users/hello.welcometothisdevice/CAD-Project-AES128-DMA-/pico_aes_soc/src/picorv32.v:1402$1534'.
  created $dff cell `$procdff$5600' with positive edge clock.
Creating register for signal `$paramod$06842abc62b3c20142c06bb43d357850e31ce8c4\picorv32.\next_irq_pending' using process `$paramod$06842abc62b3c20142c06bb43d357850e31ce8c4\picorv32.$proc$/Users/hello.welcometothisdevice/CAD-Project-AES128-DMA-/pico_aes_soc/src/picorv32.v:1402$1534'.
  created $dff cell `$procdff$5601' with positive edge clock.
Creating register for signal `$paramod$06842abc62b3c20142c06bb43d357850e31ce8c4\picorv32.\do_waitirq' using process `$paramod$06842abc62b3c20142c06bb43d357850e31ce8c4\picorv32.$proc$/Users/hello.welcometothisdevice/CAD-Project-AES128-DMA-/pico_aes_soc/src/picorv32.v:1402$1534'.
  created $dff cell `$procdff$5602' with positive edge clock.
Creating register for signal `$paramod$06842abc62b3c20142c06bb43d357850e31ce8c4\picorv32.\alu_out_q' using process `$paramod$06842abc62b3c20142c06bb43d357850e31ce8c4\picorv32.$proc$/Users/hello.welcometothisdevice/CAD-Project-AES128-DMA-/pico_aes_soc/src/picorv32.v:1402$1534'.
  created $dff cell `$procdff$5603' with positive edge clock.
Creating register for signal `$paramod$06842abc62b3c20142c06bb43d357850e31ce8c4\picorv32.\alu_out_0_q' using process `$paramod$06842abc62b3c20142c06bb43d357850e31ce8c4\picorv32.$proc$/Users/hello.welcometothisdevice/CAD-Project-AES128-DMA-/pico_aes_soc/src/picorv32.v:1402$1534'.
  created $dff cell `$procdff$5604' with positive edge clock.
Creating register for signal `$paramod$06842abc62b3c20142c06bb43d357850e31ce8c4\picorv32.\alu_wait' using process `$paramod$06842abc62b3c20142c06bb43d357850e31ce8c4\picorv32.$proc$/Users/hello.welcometothisdevice/CAD-Project-AES128-DMA-/pico_aes_soc/src/picorv32.v:1402$1534'.
  created $dff cell `$procdff$5605' with positive edge clock.
Creating register for signal `$paramod$06842abc62b3c20142c06bb43d357850e31ce8c4\picorv32.\alu_wait_2' using process `$paramod$06842abc62b3c20142c06bb43d357850e31ce8c4\picorv32.$proc$/Users/hello.welcometothisdevice/CAD-Project-AES128-DMA-/pico_aes_soc/src/picorv32.v:1402$1534'.
  created $dff cell `$procdff$5606' with positive edge clock.
Creating register for signal `$paramod$06842abc62b3c20142c06bb43d357850e31ce8c4\picorv32.\clear_prefetched_high_word_q' using process `$paramod$06842abc62b3c20142c06bb43d357850e31ce8c4\picorv32.$proc$/Users/hello.welcometothisdevice/CAD-Project-AES128-DMA-/pico_aes_soc/src/picorv32.v:1293$1500'.
  created $dff cell `$procdff$5607' with positive edge clock.
Creating register for signal `$paramod$06842abc62b3c20142c06bb43d357850e31ce8c4\picorv32.\pcpi_insn' using process `$paramod$06842abc62b3c20142c06bb43d357850e31ce8c4\picorv32.$proc$/Users/hello.welcometothisdevice/CAD-Project-AES128-DMA-/pico_aes_soc/src/picorv32.v:858$1203'.
  created $dff cell `$procdff$5608' with positive edge clock.
Creating register for signal `$paramod$06842abc62b3c20142c06bb43d357850e31ce8c4\picorv32.\instr_lui' using process `$paramod$06842abc62b3c20142c06bb43d357850e31ce8c4\picorv32.$proc$/Users/hello.welcometothisdevice/CAD-Project-AES128-DMA-/pico_aes_soc/src/picorv32.v:858$1203'.
  created $dff cell `$procdff$5609' with positive edge clock.
Creating register for signal `$paramod$06842abc62b3c20142c06bb43d357850e31ce8c4\picorv32.\instr_auipc' using process `$paramod$06842abc62b3c20142c06bb43d357850e31ce8c4\picorv32.$proc$/Users/hello.welcometothisdevice/CAD-Project-AES128-DMA-/pico_aes_soc/src/picorv32.v:858$1203'.
  created $dff cell `$procdff$5610' with positive edge clock.
Creating register for signal `$paramod$06842abc62b3c20142c06bb43d357850e31ce8c4\picorv32.\instr_jal' using process `$paramod$06842abc62b3c20142c06bb43d357850e31ce8c4\picorv32.$proc$/Users/hello.welcometothisdevice/CAD-Project-AES128-DMA-/pico_aes_soc/src/picorv32.v:858$1203'.
  created $dff cell `$procdff$5611' with positive edge clock.
Creating register for signal `$paramod$06842abc62b3c20142c06bb43d357850e31ce8c4\picorv32.\instr_jalr' using process `$paramod$06842abc62b3c20142c06bb43d357850e31ce8c4\picorv32.$proc$/Users/hello.welcometothisdevice/CAD-Project-AES128-DMA-/pico_aes_soc/src/picorv32.v:858$1203'.
  created $dff cell `$procdff$5612' with positive edge clock.
Creating register for signal `$paramod$06842abc62b3c20142c06bb43d357850e31ce8c4\picorv32.\instr_beq' using process `$paramod$06842abc62b3c20142c06bb43d357850e31ce8c4\picorv32.$proc$/Users/hello.welcometothisdevice/CAD-Project-AES128-DMA-/pico_aes_soc/src/picorv32.v:858$1203'.
  created $dff cell `$procdff$5613' with positive edge clock.
Creating register for signal `$paramod$06842abc62b3c20142c06bb43d357850e31ce8c4\picorv32.\instr_bne' using process `$paramod$06842abc62b3c20142c06bb43d357850e31ce8c4\picorv32.$proc$/Users/hello.welcometothisdevice/CAD-Project-AES128-DMA-/pico_aes_soc/src/picorv32.v:858$1203'.
  created $dff cell `$procdff$5614' with positive edge clock.
Creating register for signal `$paramod$06842abc62b3c20142c06bb43d357850e31ce8c4\picorv32.\instr_blt' using process `$paramod$06842abc62b3c20142c06bb43d357850e31ce8c4\picorv32.$proc$/Users/hello.welcometothisdevice/CAD-Project-AES128-DMA-/pico_aes_soc/src/picorv32.v:858$1203'.
  created $dff cell `$procdff$5615' with positive edge clock.
Creating register for signal `$paramod$06842abc62b3c20142c06bb43d357850e31ce8c4\picorv32.\instr_bge' using process `$paramod$06842abc62b3c20142c06bb43d357850e31ce8c4\picorv32.$proc$/Users/hello.welcometothisdevice/CAD-Project-AES128-DMA-/pico_aes_soc/src/picorv32.v:858$1203'.
  created $dff cell `$procdff$5616' with positive edge clock.
Creating register for signal `$paramod$06842abc62b3c20142c06bb43d357850e31ce8c4\picorv32.\instr_bltu' using process `$paramod$06842abc62b3c20142c06bb43d357850e31ce8c4\picorv32.$proc$/Users/hello.welcometothisdevice/CAD-Project-AES128-DMA-/pico_aes_soc/src/picorv32.v:858$1203'.
  created $dff cell `$procdff$5617' with positive edge clock.
Creating register for signal `$paramod$06842abc62b3c20142c06bb43d357850e31ce8c4\picorv32.\instr_bgeu' using process `$paramod$06842abc62b3c20142c06bb43d357850e31ce8c4\picorv32.$proc$/Users/hello.welcometothisdevice/CAD-Project-AES128-DMA-/pico_aes_soc/src/picorv32.v:858$1203'.
  created $dff cell `$procdff$5618' with positive edge clock.
Creating register for signal `$paramod$06842abc62b3c20142c06bb43d357850e31ce8c4\picorv32.\instr_lb' using process `$paramod$06842abc62b3c20142c06bb43d357850e31ce8c4\picorv32.$proc$/Users/hello.welcometothisdevice/CAD-Project-AES128-DMA-/pico_aes_soc/src/picorv32.v:858$1203'.
  created $dff cell `$procdff$5619' with positive edge clock.
Creating register for signal `$paramod$06842abc62b3c20142c06bb43d357850e31ce8c4\picorv32.\instr_lh' using process `$paramod$06842abc62b3c20142c06bb43d357850e31ce8c4\picorv32.$proc$/Users/hello.welcometothisdevice/CAD-Project-AES128-DMA-/pico_aes_soc/src/picorv32.v:858$1203'.
  created $dff cell `$procdff$5620' with positive edge clock.
Creating register for signal `$paramod$06842abc62b3c20142c06bb43d357850e31ce8c4\picorv32.\instr_lw' using process `$paramod$06842abc62b3c20142c06bb43d357850e31ce8c4\picorv32.$proc$/Users/hello.welcometothisdevice/CAD-Project-AES128-DMA-/pico_aes_soc/src/picorv32.v:858$1203'.
  created $dff cell `$procdff$5621' with positive edge clock.
Creating register for signal `$paramod$06842abc62b3c20142c06bb43d357850e31ce8c4\picorv32.\instr_lbu' using process `$paramod$06842abc62b3c20142c06bb43d357850e31ce8c4\picorv32.$proc$/Users/hello.welcometothisdevice/CAD-Project-AES128-DMA-/pico_aes_soc/src/picorv32.v:858$1203'.
  created $dff cell `$procdff$5622' with positive edge clock.
Creating register for signal `$paramod$06842abc62b3c20142c06bb43d357850e31ce8c4\picorv32.\instr_lhu' using process `$paramod$06842abc62b3c20142c06bb43d357850e31ce8c4\picorv32.$proc$/Users/hello.welcometothisdevice/CAD-Project-AES128-DMA-/pico_aes_soc/src/picorv32.v:858$1203'.
  created $dff cell `$procdff$5623' with positive edge clock.
Creating register for signal `$paramod$06842abc62b3c20142c06bb43d357850e31ce8c4\picorv32.\instr_sb' using process `$paramod$06842abc62b3c20142c06bb43d357850e31ce8c4\picorv32.$proc$/Users/hello.welcometothisdevice/CAD-Project-AES128-DMA-/pico_aes_soc/src/picorv32.v:858$1203'.
  created $dff cell `$procdff$5624' with positive edge clock.
Creating register for signal `$paramod$06842abc62b3c20142c06bb43d357850e31ce8c4\picorv32.\instr_sh' using process `$paramod$06842abc62b3c20142c06bb43d357850e31ce8c4\picorv32.$proc$/Users/hello.welcometothisdevice/CAD-Project-AES128-DMA-/pico_aes_soc/src/picorv32.v:858$1203'.
  created $dff cell `$procdff$5625' with positive edge clock.
Creating register for signal `$paramod$06842abc62b3c20142c06bb43d357850e31ce8c4\picorv32.\instr_sw' using process `$paramod$06842abc62b3c20142c06bb43d357850e31ce8c4\picorv32.$proc$/Users/hello.welcometothisdevice/CAD-Project-AES128-DMA-/pico_aes_soc/src/picorv32.v:858$1203'.
  created $dff cell `$procdff$5626' with positive edge clock.
Creating register for signal `$paramod$06842abc62b3c20142c06bb43d357850e31ce8c4\picorv32.\instr_addi' using process `$paramod$06842abc62b3c20142c06bb43d357850e31ce8c4\picorv32.$proc$/Users/hello.welcometothisdevice/CAD-Project-AES128-DMA-/pico_aes_soc/src/picorv32.v:858$1203'.
  created $dff cell `$procdff$5627' with positive edge clock.
Creating register for signal `$paramod$06842abc62b3c20142c06bb43d357850e31ce8c4\picorv32.\instr_slti' using process `$paramod$06842abc62b3c20142c06bb43d357850e31ce8c4\picorv32.$proc$/Users/hello.welcometothisdevice/CAD-Project-AES128-DMA-/pico_aes_soc/src/picorv32.v:858$1203'.
  created $dff cell `$procdff$5628' with positive edge clock.
Creating register for signal `$paramod$06842abc62b3c20142c06bb43d357850e31ce8c4\picorv32.\instr_sltiu' using process `$paramod$06842abc62b3c20142c06bb43d357850e31ce8c4\picorv32.$proc$/Users/hello.welcometothisdevice/CAD-Project-AES128-DMA-/pico_aes_soc/src/picorv32.v:858$1203'.
  created $dff cell `$procdff$5629' with positive edge clock.
Creating register for signal `$paramod$06842abc62b3c20142c06bb43d357850e31ce8c4\picorv32.\instr_xori' using process `$paramod$06842abc62b3c20142c06bb43d357850e31ce8c4\picorv32.$proc$/Users/hello.welcometothisdevice/CAD-Project-AES128-DMA-/pico_aes_soc/src/picorv32.v:858$1203'.
  created $dff cell `$procdff$5630' with positive edge clock.
Creating register for signal `$paramod$06842abc62b3c20142c06bb43d357850e31ce8c4\picorv32.\instr_ori' using process `$paramod$06842abc62b3c20142c06bb43d357850e31ce8c4\picorv32.$proc$/Users/hello.welcometothisdevice/CAD-Project-AES128-DMA-/pico_aes_soc/src/picorv32.v:858$1203'.
  created $dff cell `$procdff$5631' with positive edge clock.
Creating register for signal `$paramod$06842abc62b3c20142c06bb43d357850e31ce8c4\picorv32.\instr_andi' using process `$paramod$06842abc62b3c20142c06bb43d357850e31ce8c4\picorv32.$proc$/Users/hello.welcometothisdevice/CAD-Project-AES128-DMA-/pico_aes_soc/src/picorv32.v:858$1203'.
  created $dff cell `$procdff$5632' with positive edge clock.
Creating register for signal `$paramod$06842abc62b3c20142c06bb43d357850e31ce8c4\picorv32.\instr_slli' using process `$paramod$06842abc62b3c20142c06bb43d357850e31ce8c4\picorv32.$proc$/Users/hello.welcometothisdevice/CAD-Project-AES128-DMA-/pico_aes_soc/src/picorv32.v:858$1203'.
  created $dff cell `$procdff$5633' with positive edge clock.
Creating register for signal `$paramod$06842abc62b3c20142c06bb43d357850e31ce8c4\picorv32.\instr_srli' using process `$paramod$06842abc62b3c20142c06bb43d357850e31ce8c4\picorv32.$proc$/Users/hello.welcometothisdevice/CAD-Project-AES128-DMA-/pico_aes_soc/src/picorv32.v:858$1203'.
  created $dff cell `$procdff$5634' with positive edge clock.
Creating register for signal `$paramod$06842abc62b3c20142c06bb43d357850e31ce8c4\picorv32.\instr_srai' using process `$paramod$06842abc62b3c20142c06bb43d357850e31ce8c4\picorv32.$proc$/Users/hello.welcometothisdevice/CAD-Project-AES128-DMA-/pico_aes_soc/src/picorv32.v:858$1203'.
  created $dff cell `$procdff$5635' with positive edge clock.
Creating register for signal `$paramod$06842abc62b3c20142c06bb43d357850e31ce8c4\picorv32.\instr_add' using process `$paramod$06842abc62b3c20142c06bb43d357850e31ce8c4\picorv32.$proc$/Users/hello.welcometothisdevice/CAD-Project-AES128-DMA-/pico_aes_soc/src/picorv32.v:858$1203'.
  created $dff cell `$procdff$5636' with positive edge clock.
Creating register for signal `$paramod$06842abc62b3c20142c06bb43d357850e31ce8c4\picorv32.\instr_sub' using process `$paramod$06842abc62b3c20142c06bb43d357850e31ce8c4\picorv32.$proc$/Users/hello.welcometothisdevice/CAD-Project-AES128-DMA-/pico_aes_soc/src/picorv32.v:858$1203'.
  created $dff cell `$procdff$5637' with positive edge clock.
Creating register for signal `$paramod$06842abc62b3c20142c06bb43d357850e31ce8c4\picorv32.\instr_sll' using process `$paramod$06842abc62b3c20142c06bb43d357850e31ce8c4\picorv32.$proc$/Users/hello.welcometothisdevice/CAD-Project-AES128-DMA-/pico_aes_soc/src/picorv32.v:858$1203'.
  created $dff cell `$procdff$5638' with positive edge clock.
Creating register for signal `$paramod$06842abc62b3c20142c06bb43d357850e31ce8c4\picorv32.\instr_slt' using process `$paramod$06842abc62b3c20142c06bb43d357850e31ce8c4\picorv32.$proc$/Users/hello.welcometothisdevice/CAD-Project-AES128-DMA-/pico_aes_soc/src/picorv32.v:858$1203'.
  created $dff cell `$procdff$5639' with positive edge clock.
Creating register for signal `$paramod$06842abc62b3c20142c06bb43d357850e31ce8c4\picorv32.\instr_sltu' using process `$paramod$06842abc62b3c20142c06bb43d357850e31ce8c4\picorv32.$proc$/Users/hello.welcometothisdevice/CAD-Project-AES128-DMA-/pico_aes_soc/src/picorv32.v:858$1203'.
  created $dff cell `$procdff$5640' with positive edge clock.
Creating register for signal `$paramod$06842abc62b3c20142c06bb43d357850e31ce8c4\picorv32.\instr_xor' using process `$paramod$06842abc62b3c20142c06bb43d357850e31ce8c4\picorv32.$proc$/Users/hello.welcometothisdevice/CAD-Project-AES128-DMA-/pico_aes_soc/src/picorv32.v:858$1203'.
  created $dff cell `$procdff$5641' with positive edge clock.
Creating register for signal `$paramod$06842abc62b3c20142c06bb43d357850e31ce8c4\picorv32.\instr_srl' using process `$paramod$06842abc62b3c20142c06bb43d357850e31ce8c4\picorv32.$proc$/Users/hello.welcometothisdevice/CAD-Project-AES128-DMA-/pico_aes_soc/src/picorv32.v:858$1203'.
  created $dff cell `$procdff$5642' with positive edge clock.
Creating register for signal `$paramod$06842abc62b3c20142c06bb43d357850e31ce8c4\picorv32.\instr_sra' using process `$paramod$06842abc62b3c20142c06bb43d357850e31ce8c4\picorv32.$proc$/Users/hello.welcometothisdevice/CAD-Project-AES128-DMA-/pico_aes_soc/src/picorv32.v:858$1203'.
  created $dff cell `$procdff$5643' with positive edge clock.
Creating register for signal `$paramod$06842abc62b3c20142c06bb43d357850e31ce8c4\picorv32.\instr_or' using process `$paramod$06842abc62b3c20142c06bb43d357850e31ce8c4\picorv32.$proc$/Users/hello.welcometothisdevice/CAD-Project-AES128-DMA-/pico_aes_soc/src/picorv32.v:858$1203'.
  created $dff cell `$procdff$5644' with positive edge clock.
Creating register for signal `$paramod$06842abc62b3c20142c06bb43d357850e31ce8c4\picorv32.\instr_and' using process `$paramod$06842abc62b3c20142c06bb43d357850e31ce8c4\picorv32.$proc$/Users/hello.welcometothisdevice/CAD-Project-AES128-DMA-/pico_aes_soc/src/picorv32.v:858$1203'.
  created $dff cell `$procdff$5645' with positive edge clock.
Creating register for signal `$paramod$06842abc62b3c20142c06bb43d357850e31ce8c4\picorv32.\instr_rdcycle' using process `$paramod$06842abc62b3c20142c06bb43d357850e31ce8c4\picorv32.$proc$/Users/hello.welcometothisdevice/CAD-Project-AES128-DMA-/pico_aes_soc/src/picorv32.v:858$1203'.
  created $dff cell `$procdff$5646' with positive edge clock.
Creating register for signal `$paramod$06842abc62b3c20142c06bb43d357850e31ce8c4\picorv32.\instr_rdcycleh' using process `$paramod$06842abc62b3c20142c06bb43d357850e31ce8c4\picorv32.$proc$/Users/hello.welcometothisdevice/CAD-Project-AES128-DMA-/pico_aes_soc/src/picorv32.v:858$1203'.
  created $dff cell `$procdff$5647' with positive edge clock.
Creating register for signal `$paramod$06842abc62b3c20142c06bb43d357850e31ce8c4\picorv32.\instr_rdinstr' using process `$paramod$06842abc62b3c20142c06bb43d357850e31ce8c4\picorv32.$proc$/Users/hello.welcometothisdevice/CAD-Project-AES128-DMA-/pico_aes_soc/src/picorv32.v:858$1203'.
  created $dff cell `$procdff$5648' with positive edge clock.
Creating register for signal `$paramod$06842abc62b3c20142c06bb43d357850e31ce8c4\picorv32.\instr_rdinstrh' using process `$paramod$06842abc62b3c20142c06bb43d357850e31ce8c4\picorv32.$proc$/Users/hello.welcometothisdevice/CAD-Project-AES128-DMA-/pico_aes_soc/src/picorv32.v:858$1203'.
  created $dff cell `$procdff$5649' with positive edge clock.
Creating register for signal `$paramod$06842abc62b3c20142c06bb43d357850e31ce8c4\picorv32.\instr_ecall_ebreak' using process `$paramod$06842abc62b3c20142c06bb43d357850e31ce8c4\picorv32.$proc$/Users/hello.welcometothisdevice/CAD-Project-AES128-DMA-/pico_aes_soc/src/picorv32.v:858$1203'.
  created $dff cell `$procdff$5650' with positive edge clock.
Creating register for signal `$paramod$06842abc62b3c20142c06bb43d357850e31ce8c4\picorv32.\instr_fence' using process `$paramod$06842abc62b3c20142c06bb43d357850e31ce8c4\picorv32.$proc$/Users/hello.welcometothisdevice/CAD-Project-AES128-DMA-/pico_aes_soc/src/picorv32.v:858$1203'.
  created $dff cell `$procdff$5651' with positive edge clock.
Creating register for signal `$paramod$06842abc62b3c20142c06bb43d357850e31ce8c4\picorv32.\instr_getq' using process `$paramod$06842abc62b3c20142c06bb43d357850e31ce8c4\picorv32.$proc$/Users/hello.welcometothisdevice/CAD-Project-AES128-DMA-/pico_aes_soc/src/picorv32.v:858$1203'.
  created $dff cell `$procdff$5652' with positive edge clock.
Creating register for signal `$paramod$06842abc62b3c20142c06bb43d357850e31ce8c4\picorv32.\instr_setq' using process `$paramod$06842abc62b3c20142c06bb43d357850e31ce8c4\picorv32.$proc$/Users/hello.welcometothisdevice/CAD-Project-AES128-DMA-/pico_aes_soc/src/picorv32.v:858$1203'.
  created $dff cell `$procdff$5653' with positive edge clock.
Creating register for signal `$paramod$06842abc62b3c20142c06bb43d357850e31ce8c4\picorv32.\instr_retirq' using process `$paramod$06842abc62b3c20142c06bb43d357850e31ce8c4\picorv32.$proc$/Users/hello.welcometothisdevice/CAD-Project-AES128-DMA-/pico_aes_soc/src/picorv32.v:858$1203'.
  created $dff cell `$procdff$5654' with positive edge clock.
Creating register for signal `$paramod$06842abc62b3c20142c06bb43d357850e31ce8c4\picorv32.\instr_maskirq' using process `$paramod$06842abc62b3c20142c06bb43d357850e31ce8c4\picorv32.$proc$/Users/hello.welcometothisdevice/CAD-Project-AES128-DMA-/pico_aes_soc/src/picorv32.v:858$1203'.
  created $dff cell `$procdff$5655' with positive edge clock.
Creating register for signal `$paramod$06842abc62b3c20142c06bb43d357850e31ce8c4\picorv32.\instr_waitirq' using process `$paramod$06842abc62b3c20142c06bb43d357850e31ce8c4\picorv32.$proc$/Users/hello.welcometothisdevice/CAD-Project-AES128-DMA-/pico_aes_soc/src/picorv32.v:858$1203'.
  created $dff cell `$procdff$5656' with positive edge clock.
Creating register for signal `$paramod$06842abc62b3c20142c06bb43d357850e31ce8c4\picorv32.\instr_timer' using process `$paramod$06842abc62b3c20142c06bb43d357850e31ce8c4\picorv32.$proc$/Users/hello.welcometothisdevice/CAD-Project-AES128-DMA-/pico_aes_soc/src/picorv32.v:858$1203'.
  created $dff cell `$procdff$5657' with positive edge clock.
Creating register for signal `$paramod$06842abc62b3c20142c06bb43d357850e31ce8c4\picorv32.\decoded_rd' using process `$paramod$06842abc62b3c20142c06bb43d357850e31ce8c4\picorv32.$proc$/Users/hello.welcometothisdevice/CAD-Project-AES128-DMA-/pico_aes_soc/src/picorv32.v:858$1203'.
  created $dff cell `$procdff$5658' with positive edge clock.
Creating register for signal `$paramod$06842abc62b3c20142c06bb43d357850e31ce8c4\picorv32.\decoded_rs1' using process `$paramod$06842abc62b3c20142c06bb43d357850e31ce8c4\picorv32.$proc$/Users/hello.welcometothisdevice/CAD-Project-AES128-DMA-/pico_aes_soc/src/picorv32.v:858$1203'.
  created $dff cell `$procdff$5659' with positive edge clock.
Creating register for signal `$paramod$06842abc62b3c20142c06bb43d357850e31ce8c4\picorv32.\decoded_rs2' using process `$paramod$06842abc62b3c20142c06bb43d357850e31ce8c4\picorv32.$proc$/Users/hello.welcometothisdevice/CAD-Project-AES128-DMA-/pico_aes_soc/src/picorv32.v:858$1203'.
  created $dff cell `$procdff$5660' with positive edge clock.
Creating register for signal `$paramod$06842abc62b3c20142c06bb43d357850e31ce8c4\picorv32.\decoded_imm' using process `$paramod$06842abc62b3c20142c06bb43d357850e31ce8c4\picorv32.$proc$/Users/hello.welcometothisdevice/CAD-Project-AES128-DMA-/pico_aes_soc/src/picorv32.v:858$1203'.
  created $dff cell `$procdff$5661' with positive edge clock.
Creating register for signal `$paramod$06842abc62b3c20142c06bb43d357850e31ce8c4\picorv32.\decoded_imm_j' using process `$paramod$06842abc62b3c20142c06bb43d357850e31ce8c4\picorv32.$proc$/Users/hello.welcometothisdevice/CAD-Project-AES128-DMA-/pico_aes_soc/src/picorv32.v:858$1203'.
  created $dff cell `$procdff$5662' with positive edge clock.
Creating register for signal `$paramod$06842abc62b3c20142c06bb43d357850e31ce8c4\picorv32.\compressed_instr' using process `$paramod$06842abc62b3c20142c06bb43d357850e31ce8c4\picorv32.$proc$/Users/hello.welcometothisdevice/CAD-Project-AES128-DMA-/pico_aes_soc/src/picorv32.v:858$1203'.
  created $dff cell `$procdff$5663' with positive edge clock.
Creating register for signal `$paramod$06842abc62b3c20142c06bb43d357850e31ce8c4\picorv32.\is_lui_auipc_jal' using process `$paramod$06842abc62b3c20142c06bb43d357850e31ce8c4\picorv32.$proc$/Users/hello.welcometothisdevice/CAD-Project-AES128-DMA-/pico_aes_soc/src/picorv32.v:858$1203'.
  created $dff cell `$procdff$5664' with positive edge clock.
Creating register for signal `$paramod$06842abc62b3c20142c06bb43d357850e31ce8c4\picorv32.\is_lb_lh_lw_lbu_lhu' using process `$paramod$06842abc62b3c20142c06bb43d357850e31ce8c4\picorv32.$proc$/Users/hello.welcometothisdevice/CAD-Project-AES128-DMA-/pico_aes_soc/src/picorv32.v:858$1203'.
  created $dff cell `$procdff$5665' with positive edge clock.
Creating register for signal `$paramod$06842abc62b3c20142c06bb43d357850e31ce8c4\picorv32.\is_slli_srli_srai' using process `$paramod$06842abc62b3c20142c06bb43d357850e31ce8c4\picorv32.$proc$/Users/hello.welcometothisdevice/CAD-Project-AES128-DMA-/pico_aes_soc/src/picorv32.v:858$1203'.
  created $dff cell `$procdff$5666' with positive edge clock.
Creating register for signal `$paramod$06842abc62b3c20142c06bb43d357850e31ce8c4\picorv32.\is_jalr_addi_slti_sltiu_xori_ori_andi' using process `$paramod$06842abc62b3c20142c06bb43d357850e31ce8c4\picorv32.$proc$/Users/hello.welcometothisdevice/CAD-Project-AES128-DMA-/pico_aes_soc/src/picorv32.v:858$1203'.
  created $dff cell `$procdff$5667' with positive edge clock.
Creating register for signal `$paramod$06842abc62b3c20142c06bb43d357850e31ce8c4\picorv32.\is_sb_sh_sw' using process `$paramod$06842abc62b3c20142c06bb43d357850e31ce8c4\picorv32.$proc$/Users/hello.welcometothisdevice/CAD-Project-AES128-DMA-/pico_aes_soc/src/picorv32.v:858$1203'.
  created $dff cell `$procdff$5668' with positive edge clock.
Creating register for signal `$paramod$06842abc62b3c20142c06bb43d357850e31ce8c4\picorv32.\is_sll_srl_sra' using process `$paramod$06842abc62b3c20142c06bb43d357850e31ce8c4\picorv32.$proc$/Users/hello.welcometothisdevice/CAD-Project-AES128-DMA-/pico_aes_soc/src/picorv32.v:858$1203'.
  created $dff cell `$procdff$5669' with positive edge clock.
Creating register for signal `$paramod$06842abc62b3c20142c06bb43d357850e31ce8c4\picorv32.\is_lui_auipc_jal_jalr_addi_add_sub' using process `$paramod$06842abc62b3c20142c06bb43d357850e31ce8c4\picorv32.$proc$/Users/hello.welcometothisdevice/CAD-Project-AES128-DMA-/pico_aes_soc/src/picorv32.v:858$1203'.
  created $dff cell `$procdff$5670' with positive edge clock.
Creating register for signal `$paramod$06842abc62b3c20142c06bb43d357850e31ce8c4\picorv32.\is_slti_blt_slt' using process `$paramod$06842abc62b3c20142c06bb43d357850e31ce8c4\picorv32.$proc$/Users/hello.welcometothisdevice/CAD-Project-AES128-DMA-/pico_aes_soc/src/picorv32.v:858$1203'.
  created $dff cell `$procdff$5671' with positive edge clock.
Creating register for signal `$paramod$06842abc62b3c20142c06bb43d357850e31ce8c4\picorv32.\is_sltiu_bltu_sltu' using process `$paramod$06842abc62b3c20142c06bb43d357850e31ce8c4\picorv32.$proc$/Users/hello.welcometothisdevice/CAD-Project-AES128-DMA-/pico_aes_soc/src/picorv32.v:858$1203'.
  created $dff cell `$procdff$5672' with positive edge clock.
Creating register for signal `$paramod$06842abc62b3c20142c06bb43d357850e31ce8c4\picorv32.\is_beq_bne_blt_bge_bltu_bgeu' using process `$paramod$06842abc62b3c20142c06bb43d357850e31ce8c4\picorv32.$proc$/Users/hello.welcometothisdevice/CAD-Project-AES128-DMA-/pico_aes_soc/src/picorv32.v:858$1203'.
  created $dff cell `$procdff$5673' with positive edge clock.
Creating register for signal `$paramod$06842abc62b3c20142c06bb43d357850e31ce8c4\picorv32.\is_lbu_lhu_lw' using process `$paramod$06842abc62b3c20142c06bb43d357850e31ce8c4\picorv32.$proc$/Users/hello.welcometothisdevice/CAD-Project-AES128-DMA-/pico_aes_soc/src/picorv32.v:858$1203'.
  created $dff cell `$procdff$5674' with positive edge clock.
Creating register for signal `$paramod$06842abc62b3c20142c06bb43d357850e31ce8c4\picorv32.\is_alu_reg_imm' using process `$paramod$06842abc62b3c20142c06bb43d357850e31ce8c4\picorv32.$proc$/Users/hello.welcometothisdevice/CAD-Project-AES128-DMA-/pico_aes_soc/src/picorv32.v:858$1203'.
  created $dff cell `$procdff$5675' with positive edge clock.
Creating register for signal `$paramod$06842abc62b3c20142c06bb43d357850e31ce8c4\picorv32.\is_alu_reg_reg' using process `$paramod$06842abc62b3c20142c06bb43d357850e31ce8c4\picorv32.$proc$/Users/hello.welcometothisdevice/CAD-Project-AES128-DMA-/pico_aes_soc/src/picorv32.v:858$1203'.
  created $dff cell `$procdff$5676' with positive edge clock.
Creating register for signal `$paramod$06842abc62b3c20142c06bb43d357850e31ce8c4\picorv32.\is_compare' using process `$paramod$06842abc62b3c20142c06bb43d357850e31ce8c4\picorv32.$proc$/Users/hello.welcometothisdevice/CAD-Project-AES128-DMA-/pico_aes_soc/src/picorv32.v:858$1203'.
  created $dff cell `$procdff$5677' with positive edge clock.
Creating register for signal `$paramod$06842abc62b3c20142c06bb43d357850e31ce8c4\picorv32.\dbg_insn_addr' using process `$paramod$06842abc62b3c20142c06bb43d357850e31ce8c4\picorv32.$proc$/Users/hello.welcometothisdevice/CAD-Project-AES128-DMA-/pico_aes_soc/src/picorv32.v:778$1197'.
  created $dff cell `$procdff$5678' with positive edge clock.
Creating register for signal `$paramod$06842abc62b3c20142c06bb43d357850e31ce8c4\picorv32.\q_ascii_instr' using process `$paramod$06842abc62b3c20142c06bb43d357850e31ce8c4\picorv32.$proc$/Users/hello.welcometothisdevice/CAD-Project-AES128-DMA-/pico_aes_soc/src/picorv32.v:778$1197'.
  created $dff cell `$procdff$5679' with positive edge clock.
Creating register for signal `$paramod$06842abc62b3c20142c06bb43d357850e31ce8c4\picorv32.\q_insn_imm' using process `$paramod$06842abc62b3c20142c06bb43d357850e31ce8c4\picorv32.$proc$/Users/hello.welcometothisdevice/CAD-Project-AES128-DMA-/pico_aes_soc/src/picorv32.v:778$1197'.
  created $dff cell `$procdff$5680' with positive edge clock.
Creating register for signal `$paramod$06842abc62b3c20142c06bb43d357850e31ce8c4\picorv32.\q_insn_opcode' using process `$paramod$06842abc62b3c20142c06bb43d357850e31ce8c4\picorv32.$proc$/Users/hello.welcometothisdevice/CAD-Project-AES128-DMA-/pico_aes_soc/src/picorv32.v:778$1197'.
  created $dff cell `$procdff$5681' with positive edge clock.
Creating register for signal `$paramod$06842abc62b3c20142c06bb43d357850e31ce8c4\picorv32.\q_insn_rs1' using process `$paramod$06842abc62b3c20142c06bb43d357850e31ce8c4\picorv32.$proc$/Users/hello.welcometothisdevice/CAD-Project-AES128-DMA-/pico_aes_soc/src/picorv32.v:778$1197'.
  created $dff cell `$procdff$5682' with positive edge clock.
Creating register for signal `$paramod$06842abc62b3c20142c06bb43d357850e31ce8c4\picorv32.\q_insn_rs2' using process `$paramod$06842abc62b3c20142c06bb43d357850e31ce8c4\picorv32.$proc$/Users/hello.welcometothisdevice/CAD-Project-AES128-DMA-/pico_aes_soc/src/picorv32.v:778$1197'.
  created $dff cell `$procdff$5683' with positive edge clock.
Creating register for signal `$paramod$06842abc62b3c20142c06bb43d357850e31ce8c4\picorv32.\q_insn_rd' using process `$paramod$06842abc62b3c20142c06bb43d357850e31ce8c4\picorv32.$proc$/Users/hello.welcometothisdevice/CAD-Project-AES128-DMA-/pico_aes_soc/src/picorv32.v:778$1197'.
  created $dff cell `$procdff$5684' with positive edge clock.
Creating register for signal `$paramod$06842abc62b3c20142c06bb43d357850e31ce8c4\picorv32.\dbg_next' using process `$paramod$06842abc62b3c20142c06bb43d357850e31ce8c4\picorv32.$proc$/Users/hello.welcometothisdevice/CAD-Project-AES128-DMA-/pico_aes_soc/src/picorv32.v:778$1197'.
  created $dff cell `$procdff$5685' with positive edge clock.
Creating register for signal `$paramod$06842abc62b3c20142c06bb43d357850e31ce8c4\picorv32.\dbg_valid_insn' using process `$paramod$06842abc62b3c20142c06bb43d357850e31ce8c4\picorv32.$proc$/Users/hello.welcometothisdevice/CAD-Project-AES128-DMA-/pico_aes_soc/src/picorv32.v:778$1197'.
  created $dff cell `$procdff$5686' with positive edge clock.
Creating register for signal `$paramod$06842abc62b3c20142c06bb43d357850e31ce8c4\picorv32.\cached_ascii_instr' using process `$paramod$06842abc62b3c20142c06bb43d357850e31ce8c4\picorv32.$proc$/Users/hello.welcometothisdevice/CAD-Project-AES128-DMA-/pico_aes_soc/src/picorv32.v:778$1197'.
  created $dff cell `$procdff$5687' with positive edge clock.
Creating register for signal `$paramod$06842abc62b3c20142c06bb43d357850e31ce8c4\picorv32.\cached_insn_imm' using process `$paramod$06842abc62b3c20142c06bb43d357850e31ce8c4\picorv32.$proc$/Users/hello.welcometothisdevice/CAD-Project-AES128-DMA-/pico_aes_soc/src/picorv32.v:778$1197'.
  created $dff cell `$procdff$5688' with positive edge clock.
Creating register for signal `$paramod$06842abc62b3c20142c06bb43d357850e31ce8c4\picorv32.\cached_insn_opcode' using process `$paramod$06842abc62b3c20142c06bb43d357850e31ce8c4\picorv32.$proc$/Users/hello.welcometothisdevice/CAD-Project-AES128-DMA-/pico_aes_soc/src/picorv32.v:778$1197'.
  created $dff cell `$procdff$5689' with positive edge clock.
Creating register for signal `$paramod$06842abc62b3c20142c06bb43d357850e31ce8c4\picorv32.\cached_insn_rs1' using process `$paramod$06842abc62b3c20142c06bb43d357850e31ce8c4\picorv32.$proc$/Users/hello.welcometothisdevice/CAD-Project-AES128-DMA-/pico_aes_soc/src/picorv32.v:778$1197'.
  created $dff cell `$procdff$5690' with positive edge clock.
Creating register for signal `$paramod$06842abc62b3c20142c06bb43d357850e31ce8c4\picorv32.\cached_insn_rs2' using process `$paramod$06842abc62b3c20142c06bb43d357850e31ce8c4\picorv32.$proc$/Users/hello.welcometothisdevice/CAD-Project-AES128-DMA-/pico_aes_soc/src/picorv32.v:778$1197'.
  created $dff cell `$procdff$5691' with positive edge clock.
Creating register for signal `$paramod$06842abc62b3c20142c06bb43d357850e31ce8c4\picorv32.\cached_insn_rd' using process `$paramod$06842abc62b3c20142c06bb43d357850e31ce8c4\picorv32.$proc$/Users/hello.welcometothisdevice/CAD-Project-AES128-DMA-/pico_aes_soc/src/picorv32.v:778$1197'.
  created $dff cell `$procdff$5692' with positive edge clock.
Creating register for signal `$paramod$06842abc62b3c20142c06bb43d357850e31ce8c4\picorv32.\mem_valid' using process `$paramod$06842abc62b3c20142c06bb43d357850e31ce8c4\picorv32.$proc$/Users/hello.welcometothisdevice/CAD-Project-AES128-DMA-/pico_aes_soc/src/picorv32.v:565$1172'.
  created $dff cell `$procdff$5693' with positive edge clock.
Creating register for signal `$paramod$06842abc62b3c20142c06bb43d357850e31ce8c4\picorv32.\mem_instr' using process `$paramod$06842abc62b3c20142c06bb43d357850e31ce8c4\picorv32.$proc$/Users/hello.welcometothisdevice/CAD-Project-AES128-DMA-/pico_aes_soc/src/picorv32.v:565$1172'.
  created $dff cell `$procdff$5694' with positive edge clock.
Creating register for signal `$paramod$06842abc62b3c20142c06bb43d357850e31ce8c4\picorv32.\mem_addr' using process `$paramod$06842abc62b3c20142c06bb43d357850e31ce8c4\picorv32.$proc$/Users/hello.welcometothisdevice/CAD-Project-AES128-DMA-/pico_aes_soc/src/picorv32.v:565$1172'.
  created $dff cell `$procdff$5695' with positive edge clock.
Creating register for signal `$paramod$06842abc62b3c20142c06bb43d357850e31ce8c4\picorv32.\mem_wdata' using process `$paramod$06842abc62b3c20142c06bb43d357850e31ce8c4\picorv32.$proc$/Users/hello.welcometothisdevice/CAD-Project-AES128-DMA-/pico_aes_soc/src/picorv32.v:565$1172'.
  created $dff cell `$procdff$5696' with positive edge clock.
Creating register for signal `$paramod$06842abc62b3c20142c06bb43d357850e31ce8c4\picorv32.\mem_wstrb' using process `$paramod$06842abc62b3c20142c06bb43d357850e31ce8c4\picorv32.$proc$/Users/hello.welcometothisdevice/CAD-Project-AES128-DMA-/pico_aes_soc/src/picorv32.v:565$1172'.
  created $dff cell `$procdff$5697' with positive edge clock.
Creating register for signal `$paramod$06842abc62b3c20142c06bb43d357850e31ce8c4\picorv32.\mem_state' using process `$paramod$06842abc62b3c20142c06bb43d357850e31ce8c4\picorv32.$proc$/Users/hello.welcometothisdevice/CAD-Project-AES128-DMA-/pico_aes_soc/src/picorv32.v:565$1172'.
  created $dff cell `$procdff$5698' with positive edge clock.
Creating register for signal `$paramod$06842abc62b3c20142c06bb43d357850e31ce8c4\picorv32.\mem_la_secondword' using process `$paramod$06842abc62b3c20142c06bb43d357850e31ce8c4\picorv32.$proc$/Users/hello.welcometothisdevice/CAD-Project-AES128-DMA-/pico_aes_soc/src/picorv32.v:565$1172'.
  created $dff cell `$procdff$5699' with positive edge clock.
Creating register for signal `$paramod$06842abc62b3c20142c06bb43d357850e31ce8c4\picorv32.\prefetched_high_word' using process `$paramod$06842abc62b3c20142c06bb43d357850e31ce8c4\picorv32.$proc$/Users/hello.welcometothisdevice/CAD-Project-AES128-DMA-/pico_aes_soc/src/picorv32.v:565$1172'.
  created $dff cell `$procdff$5700' with positive edge clock.
Creating register for signal `$paramod$06842abc62b3c20142c06bb43d357850e31ce8c4\picorv32.\mem_16bit_buffer' using process `$paramod$06842abc62b3c20142c06bb43d357850e31ce8c4\picorv32.$proc$/Users/hello.welcometothisdevice/CAD-Project-AES128-DMA-/pico_aes_soc/src/picorv32.v:565$1172'.
  created $dff cell `$procdff$5701' with positive edge clock.
Creating register for signal `$paramod$06842abc62b3c20142c06bb43d357850e31ce8c4\picorv32.\next_insn_opcode' using process `$paramod$06842abc62b3c20142c06bb43d357850e31ce8c4\picorv32.$proc$/Users/hello.welcometothisdevice/CAD-Project-AES128-DMA-/pico_aes_soc/src/picorv32.v:430$1134'.
  created $dff cell `$procdff$5702' with positive edge clock.
Creating register for signal `$paramod$06842abc62b3c20142c06bb43d357850e31ce8c4\picorv32.\mem_rdata_q' using process `$paramod$06842abc62b3c20142c06bb43d357850e31ce8c4\picorv32.$proc$/Users/hello.welcometothisdevice/CAD-Project-AES128-DMA-/pico_aes_soc/src/picorv32.v:430$1134'.
  created $dff cell `$procdff$5703' with positive edge clock.
Creating register for signal `$paramod$06842abc62b3c20142c06bb43d357850e31ce8c4\picorv32.\mem_la_firstword_reg' using process `$paramod$06842abc62b3c20142c06bb43d357850e31ce8c4\picorv32.$proc$/Users/hello.welcometothisdevice/CAD-Project-AES128-DMA-/pico_aes_soc/src/picorv32.v:390$1126'.
  created $dff cell `$procdff$5704' with positive edge clock.
Creating register for signal `$paramod$06842abc62b3c20142c06bb43d357850e31ce8c4\picorv32.\last_mem_valid' using process `$paramod$06842abc62b3c20142c06bb43d357850e31ce8c4\picorv32.$proc$/Users/hello.welcometothisdevice/CAD-Project-AES128-DMA-/pico_aes_soc/src/picorv32.v:390$1126'.
  created $dff cell `$procdff$5705' with positive edge clock.
Creating register for signal `\picorv32_pcpi_mul.\pcpi_wr' using process `\picorv32_pcpi_mul.$proc$/Users/hello.welcometothisdevice/CAD-Project-AES128-DMA-/pico_aes_soc/src/picorv32.v:2307$933'.
  created $dff cell `$procdff$5706' with positive edge clock.
Creating register for signal `\picorv32_pcpi_mul.\pcpi_rd' using process `\picorv32_pcpi_mul.$proc$/Users/hello.welcometothisdevice/CAD-Project-AES128-DMA-/pico_aes_soc/src/picorv32.v:2307$933'.
  created $dff cell `$procdff$5707' with positive edge clock.
Creating register for signal `\picorv32_pcpi_mul.\pcpi_ready' using process `\picorv32_pcpi_mul.$proc$/Users/hello.welcometothisdevice/CAD-Project-AES128-DMA-/pico_aes_soc/src/picorv32.v:2307$933'.
  created $dff cell `$procdff$5708' with positive edge clock.
Creating register for signal `\picorv32_pcpi_mul.\rs1' using process `\picorv32_pcpi_mul.$proc$/Users/hello.welcometothisdevice/CAD-Project-AES128-DMA-/pico_aes_soc/src/picorv32.v:2273$928'.
  created $dff cell `$procdff$5709' with positive edge clock.
Creating register for signal `\picorv32_pcpi_mul.\rs2' using process `\picorv32_pcpi_mul.$proc$/Users/hello.welcometothisdevice/CAD-Project-AES128-DMA-/pico_aes_soc/src/picorv32.v:2273$928'.
  created $dff cell `$procdff$5710' with positive edge clock.
Creating register for signal `\picorv32_pcpi_mul.\rd' using process `\picorv32_pcpi_mul.$proc$/Users/hello.welcometothisdevice/CAD-Project-AES128-DMA-/pico_aes_soc/src/picorv32.v:2273$928'.
  created $dff cell `$procdff$5711' with positive edge clock.
Creating register for signal `\picorv32_pcpi_mul.\rdx' using process `\picorv32_pcpi_mul.$proc$/Users/hello.welcometothisdevice/CAD-Project-AES128-DMA-/pico_aes_soc/src/picorv32.v:2273$928'.
  created $dff cell `$procdff$5712' with positive edge clock.
Creating register for signal `\picorv32_pcpi_mul.\mul_counter' using process `\picorv32_pcpi_mul.$proc$/Users/hello.welcometothisdevice/CAD-Project-AES128-DMA-/pico_aes_soc/src/picorv32.v:2273$928'.
  created $dff cell `$procdff$5713' with positive edge clock.
Creating register for signal `\picorv32_pcpi_mul.\mul_waiting' using process `\picorv32_pcpi_mul.$proc$/Users/hello.welcometothisdevice/CAD-Project-AES128-DMA-/pico_aes_soc/src/picorv32.v:2273$928'.
  created $dff cell `$procdff$5714' with positive edge clock.
Creating register for signal `\picorv32_pcpi_mul.\mul_finish' using process `\picorv32_pcpi_mul.$proc$/Users/hello.welcometothisdevice/CAD-Project-AES128-DMA-/pico_aes_soc/src/picorv32.v:2273$928'.
  created $dff cell `$procdff$5715' with positive edge clock.
Creating register for signal `\picorv32_pcpi_mul.\pcpi_wait' using process `\picorv32_pcpi_mul.$proc$/Users/hello.welcometothisdevice/CAD-Project-AES128-DMA-/pico_aes_soc/src/picorv32.v:2221$884'.
  created $dff cell `$procdff$5716' with positive edge clock.
Creating register for signal `\picorv32_pcpi_mul.\instr_mul' using process `\picorv32_pcpi_mul.$proc$/Users/hello.welcometothisdevice/CAD-Project-AES128-DMA-/pico_aes_soc/src/picorv32.v:2221$884'.
  created $dff cell `$procdff$5717' with positive edge clock.
Creating register for signal `\picorv32_pcpi_mul.\instr_mulh' using process `\picorv32_pcpi_mul.$proc$/Users/hello.welcometothisdevice/CAD-Project-AES128-DMA-/pico_aes_soc/src/picorv32.v:2221$884'.
  created $dff cell `$procdff$5718' with positive edge clock.
Creating register for signal `\picorv32_pcpi_mul.\instr_mulhsu' using process `\picorv32_pcpi_mul.$proc$/Users/hello.welcometothisdevice/CAD-Project-AES128-DMA-/pico_aes_soc/src/picorv32.v:2221$884'.
  created $dff cell `$procdff$5719' with positive edge clock.
Creating register for signal `\picorv32_pcpi_mul.\instr_mulhu' using process `\picorv32_pcpi_mul.$proc$/Users/hello.welcometothisdevice/CAD-Project-AES128-DMA-/pico_aes_soc/src/picorv32.v:2221$884'.
  created $dff cell `$procdff$5720' with positive edge clock.
Creating register for signal `\picorv32_pcpi_mul.\pcpi_wait_q' using process `\picorv32_pcpi_mul.$proc$/Users/hello.welcometothisdevice/CAD-Project-AES128-DMA-/pico_aes_soc/src/picorv32.v:2221$884'.
  created $dff cell `$procdff$5721' with positive edge clock.
Creating register for signal `\picorv32_pcpi_div.\pcpi_wr' using process `\picorv32_pcpi_div.$proc$/Users/hello.welcometothisdevice/CAD-Project-AES128-DMA-/pico_aes_soc/src/picorv32.v:2464$971'.
  created $dff cell `$procdff$5722' with positive edge clock.
Creating register for signal `\picorv32_pcpi_div.\pcpi_rd' using process `\picorv32_pcpi_div.$proc$/Users/hello.welcometothisdevice/CAD-Project-AES128-DMA-/pico_aes_soc/src/picorv32.v:2464$971'.
  created $dff cell `$procdff$5723' with positive edge clock.
Creating register for signal `\picorv32_pcpi_div.\pcpi_ready' using process `\picorv32_pcpi_div.$proc$/Users/hello.welcometothisdevice/CAD-Project-AES128-DMA-/pico_aes_soc/src/picorv32.v:2464$971'.
  created $dff cell `$procdff$5724' with positive edge clock.
Creating register for signal `\picorv32_pcpi_div.\dividend' using process `\picorv32_pcpi_div.$proc$/Users/hello.welcometothisdevice/CAD-Project-AES128-DMA-/pico_aes_soc/src/picorv32.v:2464$971'.
  created $dff cell `$procdff$5725' with positive edge clock.
Creating register for signal `\picorv32_pcpi_div.\divisor' using process `\picorv32_pcpi_div.$proc$/Users/hello.welcometothisdevice/CAD-Project-AES128-DMA-/pico_aes_soc/src/picorv32.v:2464$971'.
  created $dff cell `$procdff$5726' with positive edge clock.
Creating register for signal `\picorv32_pcpi_div.\quotient' using process `\picorv32_pcpi_div.$proc$/Users/hello.welcometothisdevice/CAD-Project-AES128-DMA-/pico_aes_soc/src/picorv32.v:2464$971'.
  created $dff cell `$procdff$5727' with positive edge clock.
Creating register for signal `\picorv32_pcpi_div.\quotient_msk' using process `\picorv32_pcpi_div.$proc$/Users/hello.welcometothisdevice/CAD-Project-AES128-DMA-/pico_aes_soc/src/picorv32.v:2464$971'.
  created $dff cell `$procdff$5728' with positive edge clock.
Creating register for signal `\picorv32_pcpi_div.\running' using process `\picorv32_pcpi_div.$proc$/Users/hello.welcometothisdevice/CAD-Project-AES128-DMA-/pico_aes_soc/src/picorv32.v:2464$971'.
  created $dff cell `$procdff$5729' with positive edge clock.
Creating register for signal `\picorv32_pcpi_div.\outsign' using process `\picorv32_pcpi_div.$proc$/Users/hello.welcometothisdevice/CAD-Project-AES128-DMA-/pico_aes_soc/src/picorv32.v:2464$971'.
  created $dff cell `$procdff$5730' with positive edge clock.
Creating register for signal `\picorv32_pcpi_div.\pcpi_wait' using process `\picorv32_pcpi_div.$proc$/Users/hello.welcometothisdevice/CAD-Project-AES128-DMA-/pico_aes_soc/src/picorv32.v:2438$961'.
  created $dff cell `$procdff$5731' with positive edge clock.
Creating register for signal `\picorv32_pcpi_div.\pcpi_wait_q' using process `\picorv32_pcpi_div.$proc$/Users/hello.welcometothisdevice/CAD-Project-AES128-DMA-/pico_aes_soc/src/picorv32.v:2438$961'.
  created $dff cell `$procdff$5732' with positive edge clock.
Creating register for signal `\picorv32_pcpi_div.\instr_div' using process `\picorv32_pcpi_div.$proc$/Users/hello.welcometothisdevice/CAD-Project-AES128-DMA-/pico_aes_soc/src/picorv32.v:2438$961'.
  created $dff cell `$procdff$5733' with positive edge clock.
Creating register for signal `\picorv32_pcpi_div.\instr_divu' using process `\picorv32_pcpi_div.$proc$/Users/hello.welcometothisdevice/CAD-Project-AES128-DMA-/pico_aes_soc/src/picorv32.v:2438$961'.
  created $dff cell `$procdff$5734' with positive edge clock.
Creating register for signal `\picorv32_pcpi_div.\instr_rem' using process `\picorv32_pcpi_div.$proc$/Users/hello.welcometothisdevice/CAD-Project-AES128-DMA-/pico_aes_soc/src/picorv32.v:2438$961'.
  created $dff cell `$procdff$5735' with positive edge clock.
Creating register for signal `\picorv32_pcpi_div.\instr_remu' using process `\picorv32_pcpi_div.$proc$/Users/hello.welcometothisdevice/CAD-Project-AES128-DMA-/pico_aes_soc/src/picorv32.v:2438$961'.
  created $dff cell `$procdff$5736' with positive edge clock.
Creating register for signal `\picosoc_regs.$memwr$\regs$/Users/hello.welcometothisdevice/CAD-Project-AES128-DMA-/pico_aes_soc/src/picosoc_aes.v:307$177_ADDR' using process `\picosoc_regs.$proc$/Users/hello.welcometothisdevice/CAD-Project-AES128-DMA-/pico_aes_soc/src/picosoc_aes.v:306$178'.
  created $dff cell `$procdff$5737' with positive edge clock.
Creating register for signal `\picosoc_regs.$memwr$\regs$/Users/hello.welcometothisdevice/CAD-Project-AES128-DMA-/pico_aes_soc/src/picosoc_aes.v:307$177_DATA' using process `\picosoc_regs.$proc$/Users/hello.welcometothisdevice/CAD-Project-AES128-DMA-/pico_aes_soc/src/picosoc_aes.v:306$178'.
  created $dff cell `$procdff$5738' with positive edge clock.
Creating register for signal `\picosoc_regs.$memwr$\regs$/Users/hello.welcometothisdevice/CAD-Project-AES128-DMA-/pico_aes_soc/src/picosoc_aes.v:307$177_EN' using process `\picosoc_regs.$proc$/Users/hello.welcometothisdevice/CAD-Project-AES128-DMA-/pico_aes_soc/src/picosoc_aes.v:306$178'.
  created $dff cell `$procdff$5739' with positive edge clock.
Creating register for signal `\picosoc.\ram_ready' using process `\picosoc.$proc$/Users/hello.welcometothisdevice/CAD-Project-AES128-DMA-/pico_aes_soc/src/picosoc_aes.v:275$167'.
  created $dff cell `$procdff$5740' with positive edge clock.
Creating register for signal `\spimemio_xfer.\flash_csb' using process `\spimemio_xfer.$proc$/Users/hello.welcometothisdevice/CAD-Project-AES128-DMA-/pico_aes_soc/src/spimemio.v:535$112'.
  created $dff cell `$procdff$5741' with positive edge clock.
Creating register for signal `\spimemio_xfer.\flash_clk' using process `\spimemio_xfer.$proc$/Users/hello.welcometothisdevice/CAD-Project-AES128-DMA-/pico_aes_soc/src/spimemio.v:535$112'.
  created $dff cell `$procdff$5742' with positive edge clock.
Creating register for signal `\spimemio_xfer.\xfer_dspi' using process `\spimemio_xfer.$proc$/Users/hello.welcometothisdevice/CAD-Project-AES128-DMA-/pico_aes_soc/src/spimemio.v:535$112'.
  created $dff cell `$procdff$5743' with positive edge clock.
Creating register for signal `\spimemio_xfer.\xfer_ddr' using process `\spimemio_xfer.$proc$/Users/hello.welcometothisdevice/CAD-Project-AES128-DMA-/pico_aes_soc/src/spimemio.v:535$112'.
  created $dff cell `$procdff$5744' with positive edge clock.
Creating register for signal `\spimemio_xfer.\obuffer' using process `\spimemio_xfer.$proc$/Users/hello.welcometothisdevice/CAD-Project-AES128-DMA-/pico_aes_soc/src/spimemio.v:535$112'.
  created $dff cell `$procdff$5745' with positive edge clock.
Creating register for signal `\spimemio_xfer.\ibuffer' using process `\spimemio_xfer.$proc$/Users/hello.welcometothisdevice/CAD-Project-AES128-DMA-/pico_aes_soc/src/spimemio.v:535$112'.
  created $dff cell `$procdff$5746' with positive edge clock.
Creating register for signal `\spimemio_xfer.\count' using process `\spimemio_xfer.$proc$/Users/hello.welcometothisdevice/CAD-Project-AES128-DMA-/pico_aes_soc/src/spimemio.v:535$112'.
  created $dff cell `$procdff$5747' with positive edge clock.
Creating register for signal `\spimemio_xfer.\dummy_count' using process `\spimemio_xfer.$proc$/Users/hello.welcometothisdevice/CAD-Project-AES128-DMA-/pico_aes_soc/src/spimemio.v:535$112'.
  created $dff cell `$procdff$5748' with positive edge clock.
Creating register for signal `\spimemio_xfer.\xfer_cont' using process `\spimemio_xfer.$proc$/Users/hello.welcometothisdevice/CAD-Project-AES128-DMA-/pico_aes_soc/src/spimemio.v:535$112'.
  created $dff cell `$procdff$5749' with positive edge clock.
Creating register for signal `\spimemio_xfer.\xfer_qspi' using process `\spimemio_xfer.$proc$/Users/hello.welcometothisdevice/CAD-Project-AES128-DMA-/pico_aes_soc/src/spimemio.v:535$112'.
  created $dff cell `$procdff$5750' with positive edge clock.
Creating register for signal `\spimemio_xfer.\xfer_rd' using process `\spimemio_xfer.$proc$/Users/hello.welcometothisdevice/CAD-Project-AES128-DMA-/pico_aes_soc/src/spimemio.v:535$112'.
  created $dff cell `$procdff$5751' with positive edge clock.
Creating register for signal `\spimemio_xfer.\xfer_tag' using process `\spimemio_xfer.$proc$/Users/hello.welcometothisdevice/CAD-Project-AES128-DMA-/pico_aes_soc/src/spimemio.v:535$112'.
  created $dff cell `$procdff$5752' with positive edge clock.
Creating register for signal `\spimemio_xfer.\fetch' using process `\spimemio_xfer.$proc$/Users/hello.welcometothisdevice/CAD-Project-AES128-DMA-/pico_aes_soc/src/spimemio.v:535$112'.
  created $dff cell `$procdff$5753' with positive edge clock.
Creating register for signal `\spimemio_xfer.\last_fetch' using process `\spimemio_xfer.$proc$/Users/hello.welcometothisdevice/CAD-Project-AES128-DMA-/pico_aes_soc/src/spimemio.v:535$112'.
  created $dff cell `$procdff$5754' with positive edge clock.
Creating register for signal `\spimemio_xfer.\xfer_ddr_q' using process `\spimemio_xfer.$proc$/Users/hello.welcometothisdevice/CAD-Project-AES128-DMA-/pico_aes_soc/src/spimemio.v:436$79'.
  created $dff cell `$procdff$5755' with positive edge clock.
Creating register for signal `\spimemio_xfer.\xfer_tag_q' using process `\spimemio_xfer.$proc$/Users/hello.welcometothisdevice/CAD-Project-AES128-DMA-/pico_aes_soc/src/spimemio.v:436$79'.
  created $dff cell `$procdff$5756' with positive edge clock.
Creating register for signal `\spimemio.\rdata' using process `\spimemio.$proc$/Users/hello.welcometothisdevice/CAD-Project-AES128-DMA-/pico_aes_soc/src/spimemio.v:207$58'.
  created $dff cell `$procdff$5757' with positive edge clock.
Creating register for signal `\spimemio.\xfer_resetn' using process `\spimemio.$proc$/Users/hello.welcometothisdevice/CAD-Project-AES128-DMA-/pico_aes_soc/src/spimemio.v:207$58'.
  created $dff cell `$procdff$5758' with positive edge clock.
Creating register for signal `\spimemio.\din_valid' using process `\spimemio.$proc$/Users/hello.welcometothisdevice/CAD-Project-AES128-DMA-/pico_aes_soc/src/spimemio.v:207$58'.
  created $dff cell `$procdff$5759' with positive edge clock.
Creating register for signal `\spimemio.\din_data' using process `\spimemio.$proc$/Users/hello.welcometothisdevice/CAD-Project-AES128-DMA-/pico_aes_soc/src/spimemio.v:207$58'.
  created $dff cell `$procdff$5760' with positive edge clock.
Creating register for signal `\spimemio.\din_tag' using process `\spimemio.$proc$/Users/hello.welcometothisdevice/CAD-Project-AES128-DMA-/pico_aes_soc/src/spimemio.v:207$58'.
  created $dff cell `$procdff$5761' with positive edge clock.
Creating register for signal `\spimemio.\din_cont' using process `\spimemio.$proc$/Users/hello.welcometothisdevice/CAD-Project-AES128-DMA-/pico_aes_soc/src/spimemio.v:207$58'.
  created $dff cell `$procdff$5762' with positive edge clock.
Creating register for signal `\spimemio.\din_qspi' using process `\spimemio.$proc$/Users/hello.welcometothisdevice/CAD-Project-AES128-DMA-/pico_aes_soc/src/spimemio.v:207$58'.
  created $dff cell `$procdff$5763' with positive edge clock.
Creating register for signal `\spimemio.\din_ddr' using process `\spimemio.$proc$/Users/hello.welcometothisdevice/CAD-Project-AES128-DMA-/pico_aes_soc/src/spimemio.v:207$58'.
  created $dff cell `$procdff$5764' with positive edge clock.
Creating register for signal `\spimemio.\din_rd' using process `\spimemio.$proc$/Users/hello.welcometothisdevice/CAD-Project-AES128-DMA-/pico_aes_soc/src/spimemio.v:207$58'.
  created $dff cell `$procdff$5765' with positive edge clock.
Creating register for signal `\spimemio.\buffer' using process `\spimemio.$proc$/Users/hello.welcometothisdevice/CAD-Project-AES128-DMA-/pico_aes_soc/src/spimemio.v:207$58'.
  created $dff cell `$procdff$5766' with positive edge clock.
Creating register for signal `\spimemio.\rd_addr' using process `\spimemio.$proc$/Users/hello.welcometothisdevice/CAD-Project-AES128-DMA-/pico_aes_soc/src/spimemio.v:207$58'.
  created $dff cell `$procdff$5767' with positive edge clock.
Creating register for signal `\spimemio.\rd_valid' using process `\spimemio.$proc$/Users/hello.welcometothisdevice/CAD-Project-AES128-DMA-/pico_aes_soc/src/spimemio.v:207$58'.
  created $dff cell `$procdff$5768' with positive edge clock.
Creating register for signal `\spimemio.\rd_wait' using process `\spimemio.$proc$/Users/hello.welcometothisdevice/CAD-Project-AES128-DMA-/pico_aes_soc/src/spimemio.v:207$58'.
  created $dff cell `$procdff$5769' with positive edge clock.
Creating register for signal `\spimemio.\rd_inc' using process `\spimemio.$proc$/Users/hello.welcometothisdevice/CAD-Project-AES128-DMA-/pico_aes_soc/src/spimemio.v:207$58'.
  created $dff cell `$procdff$5770' with positive edge clock.
Creating register for signal `\spimemio.\state' using process `\spimemio.$proc$/Users/hello.welcometothisdevice/CAD-Project-AES128-DMA-/pico_aes_soc/src/spimemio.v:207$58'.
  created $dff cell `$procdff$5771' with positive edge clock.
Creating register for signal `\spimemio.\xfer_io0_90' using process `\spimemio.$proc$/Users/hello.welcometothisdevice/CAD-Project-AES128-DMA-/pico_aes_soc/src/spimemio.v:151$40'.
  created $dff cell `$procdff$5772' with negative edge clock.
Creating register for signal `\spimemio.\xfer_io1_90' using process `\spimemio.$proc$/Users/hello.welcometothisdevice/CAD-Project-AES128-DMA-/pico_aes_soc/src/spimemio.v:151$40'.
  created $dff cell `$procdff$5773' with negative edge clock.
Creating register for signal `\spimemio.\xfer_io2_90' using process `\spimemio.$proc$/Users/hello.welcometothisdevice/CAD-Project-AES128-DMA-/pico_aes_soc/src/spimemio.v:151$40'.
  created $dff cell `$procdff$5774' with negative edge clock.
Creating register for signal `\spimemio.\xfer_io3_90' using process `\spimemio.$proc$/Users/hello.welcometothisdevice/CAD-Project-AES128-DMA-/pico_aes_soc/src/spimemio.v:151$40'.
  created $dff cell `$procdff$5775' with negative edge clock.
Creating register for signal `\spimemio.\softreset' using process `\spimemio.$proc$/Users/hello.welcometothisdevice/CAD-Project-AES128-DMA-/pico_aes_soc/src/spimemio.v:99$36'.
  created $dff cell `$procdff$5776' with positive edge clock.
Creating register for signal `\spimemio.\config_en' using process `\spimemio.$proc$/Users/hello.welcometothisdevice/CAD-Project-AES128-DMA-/pico_aes_soc/src/spimemio.v:99$36'.
  created $dff cell `$procdff$5777' with positive edge clock.
Creating register for signal `\spimemio.\config_ddr' using process `\spimemio.$proc$/Users/hello.welcometothisdevice/CAD-Project-AES128-DMA-/pico_aes_soc/src/spimemio.v:99$36'.
  created $dff cell `$procdff$5778' with positive edge clock.
Creating register for signal `\spimemio.\config_qspi' using process `\spimemio.$proc$/Users/hello.welcometothisdevice/CAD-Project-AES128-DMA-/pico_aes_soc/src/spimemio.v:99$36'.
  created $dff cell `$procdff$5779' with positive edge clock.
Creating register for signal `\spimemio.\config_cont' using process `\spimemio.$proc$/Users/hello.welcometothisdevice/CAD-Project-AES128-DMA-/pico_aes_soc/src/spimemio.v:99$36'.
  created $dff cell `$procdff$5780' with positive edge clock.
Creating register for signal `\spimemio.\config_dummy' using process `\spimemio.$proc$/Users/hello.welcometothisdevice/CAD-Project-AES128-DMA-/pico_aes_soc/src/spimemio.v:99$36'.
  created $dff cell `$procdff$5781' with positive edge clock.
Creating register for signal `\spimemio.\config_oe' using process `\spimemio.$proc$/Users/hello.welcometothisdevice/CAD-Project-AES128-DMA-/pico_aes_soc/src/spimemio.v:99$36'.
  created $dff cell `$procdff$5782' with positive edge clock.
Creating register for signal `\spimemio.\config_csb' using process `\spimemio.$proc$/Users/hello.welcometothisdevice/CAD-Project-AES128-DMA-/pico_aes_soc/src/spimemio.v:99$36'.
  created $dff cell `$procdff$5783' with positive edge clock.
Creating register for signal `\spimemio.\config_clk' using process `\spimemio.$proc$/Users/hello.welcometothisdevice/CAD-Project-AES128-DMA-/pico_aes_soc/src/spimemio.v:99$36'.
  created $dff cell `$procdff$5784' with positive edge clock.
Creating register for signal `\spimemio.\config_do' using process `\spimemio.$proc$/Users/hello.welcometothisdevice/CAD-Project-AES128-DMA-/pico_aes_soc/src/spimemio.v:99$36'.
  created $dff cell `$procdff$5785' with positive edge clock.
Creating register for signal `\simpleuart.\send_pattern' using process `\simpleuart.$proc$/Users/hello.welcometothisdevice/CAD-Project-AES128-DMA-/pico_aes_soc/src/simpleuart.v:109$16'.
  created $dff cell `$procdff$5786' with positive edge clock.
Creating register for signal `\simpleuart.\send_bitcnt' using process `\simpleuart.$proc$/Users/hello.welcometothisdevice/CAD-Project-AES128-DMA-/pico_aes_soc/src/simpleuart.v:109$16'.
  created $dff cell `$procdff$5787' with positive edge clock.
Creating register for signal `\simpleuart.\send_divcnt' using process `\simpleuart.$proc$/Users/hello.welcometothisdevice/CAD-Project-AES128-DMA-/pico_aes_soc/src/simpleuart.v:109$16'.
  created $dff cell `$procdff$5788' with positive edge clock.
Creating register for signal `\simpleuart.\send_dummy' using process `\simpleuart.$proc$/Users/hello.welcometothisdevice/CAD-Project-AES128-DMA-/pico_aes_soc/src/simpleuart.v:109$16'.
  created $dff cell `$procdff$5789' with positive edge clock.
Creating register for signal `\simpleuart.\recv_state' using process `\simpleuart.$proc$/Users/hello.welcometothisdevice/CAD-Project-AES128-DMA-/pico_aes_soc/src/simpleuart.v:66$7'.
  created $dff cell `$procdff$5790' with positive edge clock.
Creating register for signal `\simpleuart.\recv_divcnt' using process `\simpleuart.$proc$/Users/hello.welcometothisdevice/CAD-Project-AES128-DMA-/pico_aes_soc/src/simpleuart.v:66$7'.
  created $dff cell `$procdff$5791' with positive edge clock.
Creating register for signal `\simpleuart.\recv_pattern' using process `\simpleuart.$proc$/Users/hello.welcometothisdevice/CAD-Project-AES128-DMA-/pico_aes_soc/src/simpleuart.v:66$7'.
  created $dff cell `$procdff$5792' with positive edge clock.
Creating register for signal `\simpleuart.\recv_buf_data' using process `\simpleuart.$proc$/Users/hello.welcometothisdevice/CAD-Project-AES128-DMA-/pico_aes_soc/src/simpleuart.v:66$7'.
  created $dff cell `$procdff$5793' with positive edge clock.
Creating register for signal `\simpleuart.\recv_buf_valid' using process `\simpleuart.$proc$/Users/hello.welcometothisdevice/CAD-Project-AES128-DMA-/pico_aes_soc/src/simpleuart.v:66$7'.
  created $dff cell `$procdff$5794' with positive edge clock.
Creating register for signal `\simpleuart.\cfg_divider' using process `\simpleuart.$proc$/Users/hello.welcometothisdevice/CAD-Project-AES128-DMA-/pico_aes_soc/src/simpleuart.v:55$5'.
  created $dff cell `$procdff$5795' with positive edge clock.

8.10. Executing PROC_MEMWR pass (convert process memory writes to cells).

8.11. Executing PROC_CLEAN pass (remove empty switches from decision trees).
Found and cleaned up 61 empty switches in `$paramod$06842abc62b3c20142c06bb43d357850e31ce8c4\picorv32.$proc$/Users/hello.welcometothisdevice/CAD-Project-AES128-DMA-/pico_aes_soc/src/picorv32.v:1402$1534'.
Removing empty process `$paramod$06842abc62b3c20142c06bb43d357850e31ce8c4\picorv32.$proc$/Users/hello.welcometothisdevice/CAD-Project-AES128-DMA-/pico_aes_soc/src/picorv32.v:1402$1534'.
Removing empty process `$paramod$06842abc62b3c20142c06bb43d357850e31ce8c4\picorv32.$proc$/Users/hello.welcometothisdevice/CAD-Project-AES128-DMA-/pico_aes_soc/src/picorv32.v:1387$1520'.
Found and cleaned up 2 empty switches in `$paramod$06842abc62b3c20142c06bb43d357850e31ce8c4\picorv32.$proc$/Users/hello.welcometothisdevice/CAD-Project-AES128-DMA-/pico_aes_soc/src/picorv32.v:1309$1506'.
Removing empty process `$paramod$06842abc62b3c20142c06bb43d357850e31ce8c4\picorv32.$proc$/Users/hello.welcometothisdevice/CAD-Project-AES128-DMA-/pico_aes_soc/src/picorv32.v:1309$1506'.
Found and cleaned up 2 empty switches in `$paramod$06842abc62b3c20142c06bb43d357850e31ce8c4\picorv32.$proc$/Users/hello.welcometothisdevice/CAD-Project-AES128-DMA-/pico_aes_soc/src/picorv32.v:1295$1501'.
Removing empty process `$paramod$06842abc62b3c20142c06bb43d357850e31ce8c4\picorv32.$proc$/Users/hello.welcometothisdevice/CAD-Project-AES128-DMA-/pico_aes_soc/src/picorv32.v:1295$1501'.
Removing empty process `$paramod$06842abc62b3c20142c06bb43d357850e31ce8c4\picorv32.$proc$/Users/hello.welcometothisdevice/CAD-Project-AES128-DMA-/pico_aes_soc/src/picorv32.v:1293$1500'.
Found and cleaned up 2 empty switches in `$paramod$06842abc62b3c20142c06bb43d357850e31ce8c4\picorv32.$proc$/Users/hello.welcometothisdevice/CAD-Project-AES128-DMA-/pico_aes_soc/src/picorv32.v:1249$1478'.
Removing empty process `$paramod$06842abc62b3c20142c06bb43d357850e31ce8c4\picorv32.$proc$/Users/hello.welcometothisdevice/CAD-Project-AES128-DMA-/pico_aes_soc/src/picorv32.v:1249$1478'.
Found and cleaned up 8 empty switches in `$paramod$06842abc62b3c20142c06bb43d357850e31ce8c4\picorv32.$proc$/Users/hello.welcometothisdevice/CAD-Project-AES128-DMA-/pico_aes_soc/src/picorv32.v:1186$1466'.
Removing empty process `$paramod$06842abc62b3c20142c06bb43d357850e31ce8c4\picorv32.$proc$/Users/hello.welcometothisdevice/CAD-Project-AES128-DMA-/pico_aes_soc/src/picorv32.v:1186$1466'.
Found and cleaned up 22 empty switches in `$paramod$06842abc62b3c20142c06bb43d357850e31ce8c4\picorv32.$proc$/Users/hello.welcometothisdevice/CAD-Project-AES128-DMA-/pico_aes_soc/src/picorv32.v:858$1203'.
Removing empty process `$paramod$06842abc62b3c20142c06bb43d357850e31ce8c4\picorv32.$proc$/Users/hello.welcometothisdevice/CAD-Project-AES128-DMA-/pico_aes_soc/src/picorv32.v:858$1203'.
Found and cleaned up 3 empty switches in `$paramod$06842abc62b3c20142c06bb43d357850e31ce8c4\picorv32.$proc$/Users/hello.welcometothisdevice/CAD-Project-AES128-DMA-/pico_aes_soc/src/picorv32.v:809$1201'.
Removing empty process `$paramod$06842abc62b3c20142c06bb43d357850e31ce8c4\picorv32.$proc$/Users/hello.welcometothisdevice/CAD-Project-AES128-DMA-/pico_aes_soc/src/picorv32.v:809$1201'.
Found and cleaned up 5 empty switches in `$paramod$06842abc62b3c20142c06bb43d357850e31ce8c4\picorv32.$proc$/Users/hello.welcometothisdevice/CAD-Project-AES128-DMA-/pico_aes_soc/src/picorv32.v:778$1197'.
Removing empty process `$paramod$06842abc62b3c20142c06bb43d357850e31ce8c4\picorv32.$proc$/Users/hello.welcometothisdevice/CAD-Project-AES128-DMA-/pico_aes_soc/src/picorv32.v:778$1197'.
Found and cleaned up 48 empty switches in `$paramod$06842abc62b3c20142c06bb43d357850e31ce8c4\picorv32.$proc$/Users/hello.welcometothisdevice/CAD-Project-AES128-DMA-/pico_aes_soc/src/picorv32.v:701$1196'.
Removing empty process `$paramod$06842abc62b3c20142c06bb43d357850e31ce8c4\picorv32.$proc$/Users/hello.welcometothisdevice/CAD-Project-AES128-DMA-/pico_aes_soc/src/picorv32.v:701$1196'.
Found and cleaned up 16 empty switches in `$paramod$06842abc62b3c20142c06bb43d357850e31ce8c4\picorv32.$proc$/Users/hello.welcometothisdevice/CAD-Project-AES128-DMA-/pico_aes_soc/src/picorv32.v:565$1172'.
Removing empty process `$paramod$06842abc62b3c20142c06bb43d357850e31ce8c4\picorv32.$proc$/Users/hello.welcometothisdevice/CAD-Project-AES128-DMA-/pico_aes_soc/src/picorv32.v:565$1172'.
Removing empty process `$paramod$06842abc62b3c20142c06bb43d357850e31ce8c4\picorv32.$proc$/Users/hello.welcometothisdevice/CAD-Project-AES128-DMA-/pico_aes_soc/src/picorv32.v:1239$1714'.
Found and cleaned up 19 empty switches in `$paramod$06842abc62b3c20142c06bb43d357850e31ce8c4\picorv32.$proc$/Users/hello.welcometothisdevice/CAD-Project-AES128-DMA-/pico_aes_soc/src/picorv32.v:430$1134'.
Removing empty process `$paramod$06842abc62b3c20142c06bb43d357850e31ce8c4\picorv32.$proc$/Users/hello.welcometothisdevice/CAD-Project-AES128-DMA-/pico_aes_soc/src/picorv32.v:430$1134'.
Found and cleaned up 3 empty switches in `$paramod$06842abc62b3c20142c06bb43d357850e31ce8c4\picorv32.$proc$/Users/hello.welcometothisdevice/CAD-Project-AES128-DMA-/pico_aes_soc/src/picorv32.v:401$1131'.
Removing empty process `$paramod$06842abc62b3c20142c06bb43d357850e31ce8c4\picorv32.$proc$/Users/hello.welcometothisdevice/CAD-Project-AES128-DMA-/pico_aes_soc/src/picorv32.v:401$1131'.
Found and cleaned up 2 empty switches in `$paramod$06842abc62b3c20142c06bb43d357850e31ce8c4\picorv32.$proc$/Users/hello.welcometothisdevice/CAD-Project-AES128-DMA-/pico_aes_soc/src/picorv32.v:390$1126'.
Removing empty process `$paramod$06842abc62b3c20142c06bb43d357850e31ce8c4\picorv32.$proc$/Users/hello.welcometothisdevice/CAD-Project-AES128-DMA-/pico_aes_soc/src/picorv32.v:390$1126'.
Found and cleaned up 1 empty switch in `$paramod$06842abc62b3c20142c06bb43d357850e31ce8c4\picorv32.$proc$/Users/hello.welcometothisdevice/CAD-Project-AES128-DMA-/pico_aes_soc/src/picorv32.v:325$1052'.
Removing empty process `$paramod$06842abc62b3c20142c06bb43d357850e31ce8c4\picorv32.$proc$/Users/hello.welcometothisdevice/CAD-Project-AES128-DMA-/pico_aes_soc/src/picorv32.v:325$1052'.
Found and cleaned up 1 empty switch in `\picorv32_pcpi_mul.$proc$/Users/hello.welcometothisdevice/CAD-Project-AES128-DMA-/pico_aes_soc/src/picorv32.v:2307$933'.
Removing empty process `picorv32_pcpi_mul.$proc$/Users/hello.welcometothisdevice/CAD-Project-AES128-DMA-/pico_aes_soc/src/picorv32.v:2307$933'.
Found and cleaned up 5 empty switches in `\picorv32_pcpi_mul.$proc$/Users/hello.welcometothisdevice/CAD-Project-AES128-DMA-/pico_aes_soc/src/picorv32.v:2273$928'.
Removing empty process `picorv32_pcpi_mul.$proc$/Users/hello.welcometothisdevice/CAD-Project-AES128-DMA-/pico_aes_soc/src/picorv32.v:2273$928'.
Removing empty process `picorv32_pcpi_mul.$proc$/Users/hello.welcometothisdevice/CAD-Project-AES128-DMA-/pico_aes_soc/src/picorv32.v:2249$890'.
Found and cleaned up 2 empty switches in `\picorv32_pcpi_mul.$proc$/Users/hello.welcometothisdevice/CAD-Project-AES128-DMA-/pico_aes_soc/src/picorv32.v:2221$884'.
Removing empty process `picorv32_pcpi_mul.$proc$/Users/hello.welcometothisdevice/CAD-Project-AES128-DMA-/pico_aes_soc/src/picorv32.v:2221$884'.
Found and cleaned up 5 empty switches in `\picorv32_pcpi_div.$proc$/Users/hello.welcometothisdevice/CAD-Project-AES128-DMA-/pico_aes_soc/src/picorv32.v:2464$971'.
Removing empty process `picorv32_pcpi_div.$proc$/Users/hello.welcometothisdevice/CAD-Project-AES128-DMA-/pico_aes_soc/src/picorv32.v:2464$971'.
Found and cleaned up 2 empty switches in `\picorv32_pcpi_div.$proc$/Users/hello.welcometothisdevice/CAD-Project-AES128-DMA-/pico_aes_soc/src/picorv32.v:2438$961'.
Removing empty process `picorv32_pcpi_div.$proc$/Users/hello.welcometothisdevice/CAD-Project-AES128-DMA-/pico_aes_soc/src/picorv32.v:2438$961'.
Found and cleaned up 1 empty switch in `\picosoc_regs.$proc$/Users/hello.welcometothisdevice/CAD-Project-AES128-DMA-/pico_aes_soc/src/picosoc_aes.v:306$178'.
Removing empty process `picosoc_regs.$proc$/Users/hello.welcometothisdevice/CAD-Project-AES128-DMA-/pico_aes_soc/src/picosoc_aes.v:306$178'.
Removing empty process `picosoc.$proc$/Users/hello.welcometothisdevice/CAD-Project-AES128-DMA-/pico_aes_soc/src/picosoc_aes.v:275$167'.
Removing empty process `picosoc.$proc$/Users/hello.welcometothisdevice/CAD-Project-AES128-DMA-/pico_aes_soc/src/picosoc_aes.v:93$128'.
Found and cleaned up 4 empty switches in `\spimemio_xfer.$proc$/Users/hello.welcometothisdevice/CAD-Project-AES128-DMA-/pico_aes_soc/src/spimemio.v:535$112'.
Removing empty process `spimemio_xfer.$proc$/Users/hello.welcometothisdevice/CAD-Project-AES128-DMA-/pico_aes_soc/src/spimemio.v:535$112'.
Found and cleaned up 5 empty switches in `\spimemio_xfer.$proc$/Users/hello.welcometothisdevice/CAD-Project-AES128-DMA-/pico_aes_soc/src/spimemio.v:447$88'.
Removing empty process `spimemio_xfer.$proc$/Users/hello.welcometothisdevice/CAD-Project-AES128-DMA-/pico_aes_soc/src/spimemio.v:447$88'.
Removing empty process `spimemio_xfer.$proc$/Users/hello.welcometothisdevice/CAD-Project-AES128-DMA-/pico_aes_soc/src/spimemio.v:436$79'.
Found and cleaned up 25 empty switches in `\spimemio.$proc$/Users/hello.welcometothisdevice/CAD-Project-AES128-DMA-/pico_aes_soc/src/spimemio.v:207$58'.
Removing empty process `spimemio.$proc$/Users/hello.welcometothisdevice/CAD-Project-AES128-DMA-/pico_aes_soc/src/spimemio.v:207$58'.
Removing empty process `spimemio.$proc$/Users/hello.welcometothisdevice/CAD-Project-AES128-DMA-/pico_aes_soc/src/spimemio.v:151$40'.
Found and cleaned up 5 empty switches in `\spimemio.$proc$/Users/hello.welcometothisdevice/CAD-Project-AES128-DMA-/pico_aes_soc/src/spimemio.v:99$36'.
Removing empty process `spimemio.$proc$/Users/hello.welcometothisdevice/CAD-Project-AES128-DMA-/pico_aes_soc/src/spimemio.v:99$36'.
Found and cleaned up 5 empty switches in `\simpleuart.$proc$/Users/hello.welcometothisdevice/CAD-Project-AES128-DMA-/pico_aes_soc/src/simpleuart.v:109$16'.
Removing empty process `simpleuart.$proc$/Users/hello.welcometothisdevice/CAD-Project-AES128-DMA-/pico_aes_soc/src/simpleuart.v:109$16'.
Found and cleaned up 7 empty switches in `\simpleuart.$proc$/Users/hello.welcometothisdevice/CAD-Project-AES128-DMA-/pico_aes_soc/src/simpleuart.v:66$7'.
Removing empty process `simpleuart.$proc$/Users/hello.welcometothisdevice/CAD-Project-AES128-DMA-/pico_aes_soc/src/simpleuart.v:66$7'.
Found and cleaned up 5 empty switches in `\simpleuart.$proc$/Users/hello.welcometothisdevice/CAD-Project-AES128-DMA-/pico_aes_soc/src/simpleuart.v:55$5'.
Removing empty process `simpleuart.$proc$/Users/hello.welcometothisdevice/CAD-Project-AES128-DMA-/pico_aes_soc/src/simpleuart.v:55$5'.
Cleaned up 266 empty switches.

8.12. Executing OPT_EXPR pass (perform const folding).
Optimizing module $paramod$06842abc62b3c20142c06bb43d357850e31ce8c4\picorv32.
<suppressed ~609 debug messages>
Optimizing module picorv32_pcpi_mul.
<suppressed ~14 debug messages>
Optimizing module $paramod\picosoc_mem\WORDS=s32'00000000000000000000000100000000.
Optimizing module picorv32_pcpi_div.
<suppressed ~12 debug messages>
Optimizing module picosoc_regs.
Optimizing module picosoc.
Optimizing module spimemio_xfer.
<suppressed ~33 debug messages>
Optimizing module spimemio.
<suppressed ~15 debug messages>
Optimizing module simpleuart.
<suppressed ~17 debug messages>

9. Executing FLATTEN pass (flatten design).
Deleting now unused module $paramod$06842abc62b3c20142c06bb43d357850e31ce8c4\picorv32.
Deleting now unused module picorv32_pcpi_mul.
Deleting now unused module $paramod\picosoc_mem\WORDS=s32'00000000000000000000000100000000.
Deleting now unused module picorv32_pcpi_div.
Deleting now unused module picosoc_regs.
Deleting now unused module spimemio_xfer.
Deleting now unused module spimemio.
Deleting now unused module simpleuart.
<suppressed ~8 debug messages>

10. Executing OPT pass (performing simple optimizations).

10.1. Executing OPT_EXPR pass (perform const folding).
Optimizing module picosoc.
<suppressed ~11 debug messages>

10.2. Executing OPT_MERGE pass (detect identical cells).
Finding identical cells in module `\picosoc'.
<suppressed ~1911 debug messages>
Removed a total of 637 cells.

10.3. Executing OPT_MUXTREE pass (detect dead branches in mux trees).
Running muxtree optimizer on module \picosoc..
  Creating internal representation of mux trees.
  Evaluating internal representation of mux trees.
      Replacing known input bits on port A of cell $flatten\cpu.\genblk1.genblk1.pcpi_mul.$procmux$4595: \cpu.genblk1.genblk1.pcpi_mul.mul_waiting -> 1'0
  Analyzing evaluation results.
    dead port 2/2 on $mux $flatten\cpu.$procmux$4540.
    dead port 2/2 on $mux $flatten\cpu.$procmux$1729.
    dead port 2/2 on $mux $flatten\cpu.$procmux$1739.
    dead port 2/2 on $mux $flatten\cpu.$procmux$1741.
    dead port 2/2 on $mux $flatten\cpu.$procmux$1747.
    dead port 2/2 on $mux $flatten\cpu.$procmux$1754.
    dead port 2/2 on $mux $flatten\cpu.$procmux$1756.
    dead port 2/2 on $mux $flatten\cpu.$procmux$1762.
    dead port 2/2 on $mux $flatten\cpu.$procmux$1771.
    dead port 2/2 on $mux $flatten\cpu.$procmux$1791.
    dead port 2/2 on $mux $flatten\cpu.$procmux$1797.
    dead port 2/2 on $mux $flatten\cpu.$procmux$1800.
    dead port 2/2 on $mux $flatten\cpu.$procmux$1813.
    dead port 2/2 on $mux $flatten\cpu.$procmux$1820.
    dead port 2/2 on $mux $flatten\cpu.$procmux$1823.
    dead port 2/2 on $mux $flatten\cpu.$procmux$1836.
    dead port 2/2 on $mux $flatten\cpu.$procmux$1848.
    dead port 2/2 on $mux $flatten\cpu.$procmux$1851.
    dead port 2/2 on $mux $flatten\cpu.$procmux$1860.
    dead port 2/2 on $mux $flatten\cpu.$procmux$1863.
    dead port 2/2 on $mux $flatten\cpu.$procmux$1871.
    dead port 2/2 on $mux $flatten\cpu.$procmux$1873.
    dead port 2/2 on $mux $flatten\cpu.$procmux$1876.
    dead port 1/2 on $mux $flatten\cpu.$procmux$1890.
    dead port 2/2 on $mux $flatten\cpu.$procmux$1892.
    dead port 2/2 on $mux $flatten\cpu.$procmux$1894.
    dead port 2/2 on $mux $flatten\cpu.$procmux$1897.
    dead port 2/2 on $mux $flatten\cpu.$procmux$1910.
    dead port 2/2 on $mux $flatten\cpu.$procmux$1912.
    dead port 2/2 on $mux $flatten\cpu.$procmux$1915.
    dead port 2/2 on $mux $flatten\cpu.$procmux$1927.
    dead port 2/2 on $mux $flatten\cpu.$procmux$1930.
    dead port 2/2 on $mux $flatten\cpu.$procmux$1937.
    dead port 2/2 on $mux $flatten\cpu.$procmux$1939.
    dead port 2/2 on $mux $flatten\cpu.$procmux$1942.
    dead port 1/2 on $mux $flatten\cpu.$procmux$1965.
    dead port 2/2 on $mux $flatten\cpu.$procmux$1967.
    dead port 2/2 on $mux $flatten\cpu.$procmux$1969.
    dead port 2/2 on $mux $flatten\cpu.$procmux$1972.
    dead port 2/2 on $mux $flatten\cpu.$procmux$1994.
    dead port 2/2 on $mux $flatten\cpu.$procmux$1996.
    dead port 2/2 on $mux $flatten\cpu.$procmux$1999.
    dead port 2/2 on $mux $flatten\cpu.$procmux$2018.
    dead port 2/2 on $mux $flatten\cpu.$procmux$2020.
    dead port 2/2 on $mux $flatten\cpu.$procmux$2023.
    dead port 2/2 on $mux $flatten\cpu.$procmux$2042.
    dead port 2/2 on $mux $flatten\cpu.$procmux$2044.
    dead port 2/2 on $mux $flatten\cpu.$procmux$2047.
    dead port 2/2 on $mux $flatten\cpu.$procmux$2068.
    dead port 2/2 on $mux $flatten\cpu.$procmux$2071.
    dead port 2/2 on $mux $flatten\cpu.$procmux$2085.
    dead port 1/2 on $mux $flatten\cpu.$procmux$2088.
    dead port 2/2 on $mux $flatten\cpu.$procmux$2090.
    dead port 2/2 on $mux $flatten\cpu.$procmux$2092.
    dead port 2/2 on $mux $flatten\cpu.$procmux$2095.
    dead port 2/2 on $mux $flatten\cpu.$procmux$2105.
    dead port 2/2 on $mux $flatten\cpu.$procmux$2110.
    dead port 2/2 on $mux $flatten\cpu.$procmux$2113.
    dead port 2/2 on $mux $flatten\cpu.$procmux$2136.
    dead port 1/2 on $mux $flatten\cpu.$procmux$2139.
    dead port 2/2 on $mux $flatten\cpu.$procmux$2141.
    dead port 2/2 on $mux $flatten\cpu.$procmux$2143.
    dead port 2/2 on $mux $flatten\cpu.$procmux$2146.
    dead port 2/2 on $mux $flatten\spimemio.\xfer.$procmux$5082.
    dead port 2/2 on $mux $flatten\cpu.$procmux$2158.
    dead port 2/2 on $mux $flatten\cpu.$procmux$2161.
    dead port 1/9 on $pmux $flatten\cpu.$procmux$2181.
    dead port 2/9 on $pmux $flatten\cpu.$procmux$2181.
    dead port 3/9 on $pmux $flatten\cpu.$procmux$2181.
    dead port 4/9 on $pmux $flatten\cpu.$procmux$2181.
    dead port 5/9 on $pmux $flatten\cpu.$procmux$2181.
    dead port 6/9 on $pmux $flatten\cpu.$procmux$2181.
    dead port 7/9 on $pmux $flatten\cpu.$procmux$2181.
    dead port 8/9 on $pmux $flatten\cpu.$procmux$2181.
    dead port 9/9 on $pmux $flatten\cpu.$procmux$2181.
    dead port 2/2 on $mux $flatten\spimemio.\xfer.$procmux$5072.
    dead port 1/2 on $mux $flatten\cpu.$procmux$2191.
    dead port 2/2 on $mux $flatten\cpu.$procmux$2191.
    dead port 2/2 on $mux $flatten\spimemio.\xfer.$procmux$5064.
    dead port 2/2 on $mux $flatten\spimemio.\xfer.$procmux$5056.
    dead port 2/2 on $mux $flatten\cpu.$procmux$2204.
    dead port 2/2 on $mux $flatten\spimemio.\xfer.$procmux$5046.
    dead port 2/2 on $mux $flatten\spimemio.\xfer.$procmux$5038.
    dead port 2/2 on $mux $flatten\cpu.$procmux$2217.
    dead port 2/2 on $mux $flatten\spimemio.\xfer.$procmux$5030.
    dead port 2/2 on $mux $flatten\cpu.$procmux$2230.
    dead port 1/2 on $mux $flatten\cpu.$procmux$2236.
    dead port 2/2 on $mux $flatten\cpu.$procmux$2236.
    dead port 1/2 on $mux $flatten\cpu.$procmux$2256.
    dead port 2/2 on $mux $flatten\cpu.$procmux$2256.
    dead port 3/4 on $pmux $flatten\cpu.$procmux$4573.
    dead port 2/2 on $mux $flatten\spimemio.\xfer.$procmux$5020.
    dead port 2/2 on $mux $flatten\spimemio.\xfer.$procmux$5010.
    dead port 2/2 on $mux $flatten\cpu.$procmux$4547.
    dead port 1/4 on $pmux $flatten\cpu.$procmux$2358.
    dead port 2/2 on $mux $flatten\spimemio.\xfer.$procmux$5000.
    dead port 1/3 on $pmux $flatten\cpu.$procmux$2368.
    dead port 2/12 on $pmux $flatten\cpu.$procmux$2372.
    dead port 7/12 on $pmux $flatten\cpu.$procmux$2372.
    dead port 8/12 on $pmux $flatten\cpu.$procmux$2372.
    dead port 2/2 on $mux $flatten\spimemio.\xfer.$procmux$4990.
    dead port 1/4 on $pmux $flatten\cpu.$procmux$2401.
    dead port 1/3 on $pmux $flatten\cpu.$procmux$2410.
    dead port 2/2 on $mux $flatten\spimemio.\xfer.$procmux$4980.
    dead port 2/12 on $pmux $flatten\cpu.$procmux$2414.
    dead port 7/12 on $pmux $flatten\cpu.$procmux$2414.
    dead port 8/12 on $pmux $flatten\cpu.$procmux$2414.
    dead port 2/2 on $mux $flatten\spimemio.\xfer.$procmux$4970.
    dead port 2/2 on $mux $flatten\spimemio.\xfer.$procmux$4968.
    dead port 4/8 on $pmux $flatten\cpu.$procmux$2461.
    dead port 5/8 on $pmux $flatten\cpu.$procmux$2461.
    dead port 2/2 on $mux $flatten\spimemio.\xfer.$procmux$4958.
    dead port 2/2 on $mux $flatten\spimemio.\xfer.$procmux$4956.
    dead port 2/11 on $pmux $flatten\cpu.$procmux$2505.
    dead port 7/11 on $pmux $flatten\cpu.$procmux$2505.
    dead port 8/11 on $pmux $flatten\cpu.$procmux$2505.
    dead port 2/2 on $mux $flatten\spimemio.\xfer.$procmux$4934.
    dead port 2/2 on $mux $flatten\spimemio.\xfer.$procmux$4932.
    dead port 2/2 on $mux $flatten\spimemio.\xfer.$procmux$4923.
    dead port 2/2 on $mux $flatten\spimemio.\xfer.$procmux$4921.
    dead port 2/2 on $mux $flatten\spimemio.\xfer.$procmux$4901.
    dead port 1/4 on $pmux $flatten\spimemio.\xfer.$procmux$4897.
    dead port 2/4 on $pmux $flatten\spimemio.\xfer.$procmux$4897.
    dead port 3/4 on $pmux $flatten\spimemio.\xfer.$procmux$4897.
    dead port 2/2 on $mux $flatten\spimemio.\xfer.$procmux$4895.
    dead port 2/2 on $mux $flatten\spimemio.\xfer.$procmux$4888.
    dead port 4/8 on $pmux $flatten\cpu.$procmux$2712.
    dead port 5/8 on $pmux $flatten\cpu.$procmux$2712.
    dead port 1/4 on $pmux $flatten\spimemio.\xfer.$procmux$4884.
    dead port 2/4 on $pmux $flatten\spimemio.\xfer.$procmux$4884.
    dead port 3/4 on $pmux $flatten\spimemio.\xfer.$procmux$4884.
    dead port 2/2 on $mux $flatten\spimemio.\xfer.$procmux$4882.
    dead port 1/4 on $pmux $flatten\cpu.$procmux$2780.
    dead port 1/3 on $pmux $flatten\cpu.$procmux$2795.
    dead port 2/12 on $pmux $flatten\cpu.$procmux$2799.
    dead port 7/12 on $pmux $flatten\cpu.$procmux$2799.
    dead port 8/12 on $pmux $flatten\cpu.$procmux$2799.
    dead port 2/11 on $pmux $flatten\cpu.$procmux$2869.
    dead port 7/11 on $pmux $flatten\cpu.$procmux$2869.
    dead port 8/11 on $pmux $flatten\cpu.$procmux$2869.
    dead port 2/11 on $pmux $flatten\cpu.$procmux$2919.
    dead port 7/11 on $pmux $flatten\cpu.$procmux$2919.
    dead port 8/11 on $pmux $flatten\cpu.$procmux$2919.
    dead port 1/4 on $pmux $flatten\cpu.$procmux$2983.
    dead port 1/3 on $pmux $flatten\cpu.$procmux$2995.
    dead port 2/12 on $pmux $flatten\cpu.$procmux$2999.
    dead port 7/12 on $pmux $flatten\cpu.$procmux$2999.
    dead port 8/12 on $pmux $flatten\cpu.$procmux$2999.
    dead port 2/11 on $pmux $flatten\cpu.$procmux$3185.
    dead port 7/11 on $pmux $flatten\cpu.$procmux$3185.
    dead port 8/11 on $pmux $flatten\cpu.$procmux$3185.
    dead port 4/8 on $pmux $flatten\cpu.$procmux$3237.
    dead port 5/8 on $pmux $flatten\cpu.$procmux$3237.
    dead port 2/2 on $mux $flatten\cpu.$procmux$3378.
    dead port 2/2 on $mux $flatten\cpu.$procmux$3387.
    dead port 1/2 on $mux $flatten\cpu.$procmux$3419.
    dead port 2/2 on $mux $flatten\cpu.$procmux$3419.
    dead port 1/2 on $mux $flatten\cpu.$procmux$3422.
    dead port 2/2 on $mux $flatten\cpu.$procmux$3422.
    dead port 1/2 on $mux $flatten\cpu.$procmux$3425.
    dead port 2/2 on $mux $flatten\cpu.$procmux$3425.
    dead port 1/2 on $mux $flatten\cpu.$procmux$3428.
    dead port 2/2 on $mux $flatten\cpu.$procmux$3428.
    dead port 1/2 on $mux $flatten\cpu.$procmux$3431.
    dead port 2/2 on $mux $flatten\cpu.$procmux$3431.
    dead port 1/2 on $mux $flatten\cpu.$procmux$3434.
    dead port 2/2 on $mux $flatten\cpu.$procmux$3434.
    dead port 1/2 on $mux $flatten\cpu.$procmux$3437.
    dead port 2/2 on $mux $flatten\cpu.$procmux$3437.
    dead port 1/2 on $mux $flatten\cpu.$procmux$3440.
    dead port 2/2 on $mux $flatten\cpu.$procmux$3440.
    dead port 1/2 on $mux $flatten\cpu.$procmux$3965.
    dead port 2/2 on $mux $flatten\cpu.$procmux$3967.
    dead port 2/2 on $mux $flatten\cpu.$procmux$3973.
    dead port 2/2 on $mux $flatten\cpu.$procmux$3979.
    dead port 2/2 on $mux $flatten\cpu.$procmux$3985.
    dead port 2/2 on $mux $flatten\cpu.$procmux$3991.
    dead port 2/2 on $mux $flatten\cpu.$procmux$3997.
    dead port 2/2 on $mux $flatten\cpu.$procmux$4003.
Removed 179 multiplexer ports.
<suppressed ~315 debug messages>

10.4. Executing OPT_REDUCE pass (consolidate $*mux and $reduce_* inputs).
  Optimizing cells in module \picosoc.
    New input vector for $reduce_or cell $flatten\cpu.$reduce_or$/Users/hello.welcometothisdevice/CAD-Project-AES128-DMA-/pico_aes_soc/src/picorv32.v:329$1060: { \cpu.genblk1.genblk1.pcpi_mul.pcpi_ready \cpu.genblk2.pcpi_div.pcpi_ready }
    New input vector for $reduce_or cell $flatten\cpu.$reduce_or$/Users/hello.welcometothisdevice/CAD-Project-AES128-DMA-/pico_aes_soc/src/picorv32.v:328$1056: { \cpu.genblk1.genblk1.pcpi_mul.pcpi_wait \cpu.genblk2.pcpi_div.pcpi_wait }
    New ctrl vector for $pmux cell $flatten\cpu.$procmux$4440: { $flatten\cpu.$procmux$4463_CMP $flatten\cpu.$procmux$4459_CMP $auto$opt_reduce.cc:134:opt_pmux$5806 $flatten\cpu.$procmux$4441_CMP }
    New ctrl vector for $pmux cell $flatten\cpu.$procmux$4425: { $flatten\cpu.$procmux$4465_CMP $flatten\cpu.$procmux$4459_CMP $auto$opt_reduce.cc:134:opt_pmux$5808 }
    New ctrl vector for $pmux cell $flatten\spimemio.$procmux$5341: { $flatten\spimemio.$procmux$5184_CMP $auto$opt_reduce.cc:134:opt_pmux$5810 $flatten\spimemio.$procmux$5170_CMP $flatten\spimemio.$procmux$5167_CMP $flatten\spimemio.$procmux$5164_CMP $flatten\spimemio.$procmux$5161_CMP }
    New ctrl vector for $pmux cell $flatten\uart.$procmux$5510: $auto$opt_reduce.cc:134:opt_pmux$5812
    New ctrl vector for $pmux cell $flatten\cpu.$procmux$4480: $auto$opt_reduce.cc:134:opt_pmux$5814
    New ctrl vector for $pmux cell $flatten\cpu.$procmux$4525: { $flatten\cpu.$procmux$4465_CMP $auto$opt_reduce.cc:134:opt_pmux$5816 }
    New ctrl vector for $pmux cell $flatten\cpu.$procmux$1781: { $flatten\cpu.$eq$/Users/hello.welcometothisdevice/CAD-Project-AES128-DMA-/pico_aes_soc/src/picorv32.v:1189$1468_Y $auto$opt_reduce.cc:134:opt_pmux$5818 }
    New ctrl vector for $pmux cell $flatten\cpu.$procmux$1803: { $flatten\cpu.$eq$/Users/hello.welcometothisdevice/CAD-Project-AES128-DMA-/pico_aes_soc/src/picorv32.v:1189$1468_Y $flatten\cpu.$eq$/Users/hello.welcometothisdevice/CAD-Project-AES128-DMA-/pico_aes_soc/src/picorv32.v:1190$1469_Y $flatten\cpu.$eq$/Users/hello.welcometothisdevice/CAD-Project-AES128-DMA-/pico_aes_soc/src/picorv32.v:1191$1470_Y $auto$opt_reduce.cc:134:opt_pmux$5820 }
    New ctrl vector for $pmux cell $flatten\cpu.$procmux$1826: { $flatten\cpu.$eq$/Users/hello.welcometothisdevice/CAD-Project-AES128-DMA-/pico_aes_soc/src/picorv32.v:1189$1468_Y $auto$opt_reduce.cc:134:opt_pmux$5822 }
    New ctrl vector for $pmux cell $flatten\spimemio.\xfer.$procmux$5078: { $flatten\spimemio.\xfer.$procmux$5081_CMP $auto$opt_reduce.cc:134:opt_pmux$5824 }
    New ctrl vector for $pmux cell $flatten\spimemio.\xfer.$procmux$5069: $auto$opt_reduce.cc:134:opt_pmux$5826
    New ctrl vector for $pmux cell $flatten\cpu.$procmux$2194: { $flatten\cpu.$eq$/Users/hello.welcometothisdevice/CAD-Project-AES128-DMA-/pico_aes_soc/src/picorv32.v:1194$1473_Y $auto$opt_reduce.cc:134:opt_pmux$5828 }
    New ctrl vector for $pmux cell $flatten\spimemio.\xfer.$procmux$5061: $auto$opt_reduce.cc:134:opt_pmux$5830
    New ctrl vector for $pmux cell $flatten\spimemio.\xfer.$procmux$5052: { $flatten\spimemio.\xfer.$procmux$5081_CMP $auto$opt_reduce.cc:134:opt_pmux$5832 }
    New ctrl vector for $pmux cell $flatten\cpu.$procmux$2207: { $auto$opt_reduce.cc:134:opt_pmux$5834 $flatten\cpu.$eq$/Users/hello.welcometothisdevice/CAD-Project-AES128-DMA-/pico_aes_soc/src/picorv32.v:1195$1474_Y }
    New ctrl vector for $pmux cell $flatten\spimemio.\xfer.$procmux$5043: $auto$opt_reduce.cc:134:opt_pmux$5836
    New ctrl vector for $pmux cell $flatten\spimemio.\xfer.$procmux$5035: $auto$opt_reduce.cc:134:opt_pmux$5838
    New ctrl vector for $pmux cell $flatten\cpu.$procmux$2220: { $flatten\cpu.$eq$/Users/hello.welcometothisdevice/CAD-Project-AES128-DMA-/pico_aes_soc/src/picorv32.v:1192$1471_Y $auto$opt_reduce.cc:134:opt_pmux$5840 }
    New ctrl vector for $pmux cell $flatten\spimemio.\xfer.$procmux$5026: { $flatten\spimemio.\xfer.$procmux$5081_CMP $auto$opt_reduce.cc:134:opt_pmux$5842 }
    New ctrl vector for $pmux cell $flatten\cpu.$procmux$4319: { $flatten\cpu.$procmux$4459_CMP $auto$opt_reduce.cc:134:opt_pmux$5844 }
    New ctrl vector for $pmux cell $flatten\spimemio.\xfer.$procmux$5016: { $flatten\spimemio.\xfer.$procmux$5081_CMP $auto$opt_reduce.cc:134:opt_pmux$5846 }
    New ctrl vector for $pmux cell $flatten\cpu.$procmux$2362: $flatten\cpu.$eq$/Users/hello.welcometothisdevice/CAD-Project-AES128-DMA-/pico_aes_soc/src/picorv32.v:1190$1469_Y
    New ctrl vector for $pmux cell $flatten\cpu.$procmux$2395: { $flatten\cpu.$eq$/Users/hello.welcometothisdevice/CAD-Project-AES128-DMA-/pico_aes_soc/src/picorv32.v:1190$1469_Y $flatten\cpu.$eq$/Users/hello.welcometothisdevice/CAD-Project-AES128-DMA-/pico_aes_soc/src/picorv32.v:1191$1470_Y }
    New ctrl vector for $pmux cell $flatten\cpu.$procmux$2505: $auto$opt_reduce.cc:134:opt_pmux$5848
    New ctrl vector for $pmux cell $flatten\cpu.$procmux$4334: { $flatten\cpu.$procmux$4459_CMP $auto$opt_reduce.cc:134:opt_pmux$5850 }
    New ctrl vector for $pmux cell $flatten\cpu.$procmux$2549: { $flatten\cpu.$eq$/Users/hello.welcometothisdevice/CAD-Project-AES128-DMA-/pico_aes_soc/src/picorv32.v:1189$1468_Y $flatten\cpu.$eq$/Users/hello.welcometothisdevice/CAD-Project-AES128-DMA-/pico_aes_soc/src/picorv32.v:1192$1471_Y }
    New ctrl vector for $pmux cell $flatten\cpu.$procmux$2689: { $flatten\cpu.$eq$/Users/hello.welcometothisdevice/CAD-Project-AES128-DMA-/pico_aes_soc/src/picorv32.v:1189$1468_Y $flatten\cpu.$eq$/Users/hello.welcometothisdevice/CAD-Project-AES128-DMA-/pico_aes_soc/src/picorv32.v:1190$1469_Y $flatten\cpu.$eq$/Users/hello.welcometothisdevice/CAD-Project-AES128-DMA-/pico_aes_soc/src/picorv32.v:1191$1470_Y $flatten\cpu.$eq$/Users/hello.welcometothisdevice/CAD-Project-AES128-DMA-/pico_aes_soc/src/picorv32.v:1192$1471_Y $auto$opt_reduce.cc:134:opt_pmux$5852 }
    New ctrl vector for $pmux cell $flatten\cpu.$procmux$2712: { $flatten\cpu.$logic_not$/Users/hello.welcometothisdevice/CAD-Project-AES128-DMA-/pico_aes_soc/src/picorv32.v:679$1193_Y $auto$opt_reduce.cc:134:opt_pmux$5854 }
    New ctrl vector for $pmux cell $flatten\spimemio.\xfer.$procmux$4871: $auto$opt_reduce.cc:134:opt_pmux$5856
    New ctrl vector for $pmux cell $flatten\cpu.$procmux$2799: { $flatten\cpu.$logic_not$/Users/hello.welcometothisdevice/CAD-Project-AES128-DMA-/pico_aes_soc/src/picorv32.v:679$1193_Y $auto$opt_reduce.cc:134:opt_pmux$5860 $flatten\cpu.$logic_and$/Users/hello.welcometothisdevice/CAD-Project-AES128-DMA-/pico_aes_soc/src/picorv32.v:1696$1620_Y $auto$opt_reduce.cc:134:opt_pmux$5858 }
    New ctrl vector for $pmux cell $flatten\cpu.$procmux$2869: $auto$opt_reduce.cc:134:opt_pmux$5862
    New ctrl vector for $pmux cell $flatten\cpu.$procmux$2901: $auto$opt_reduce.cc:134:opt_pmux$5864
    New ctrl vector for $pmux cell $flatten\cpu.$procmux$2919: $auto$opt_reduce.cc:134:opt_pmux$5866
    New ctrl vector for $pmux cell $flatten\cpu.$procmux$4506: { $auto$opt_reduce.cc:134:opt_pmux$5870 $flatten\cpu.$procmux$4463_CMP $flatten\cpu.$procmux$4459_CMP $auto$opt_reduce.cc:134:opt_pmux$5868 }
    New ctrl vector for $pmux cell $flatten\cpu.$procmux$2951: $auto$opt_reduce.cc:134:opt_pmux$5872
    New ctrl vector for $pmux cell $flatten\cpu.$procmux$2973: { $flatten\cpu.$eq$/Users/hello.welcometothisdevice/CAD-Project-AES128-DMA-/pico_aes_soc/src/picorv32.v:1189$1468_Y $flatten\cpu.$eq$/Users/hello.welcometothisdevice/CAD-Project-AES128-DMA-/pico_aes_soc/src/picorv32.v:1190$1469_Y $flatten\cpu.$eq$/Users/hello.welcometothisdevice/CAD-Project-AES128-DMA-/pico_aes_soc/src/picorv32.v:1191$1470_Y $flatten\cpu.$eq$/Users/hello.welcometothisdevice/CAD-Project-AES128-DMA-/pico_aes_soc/src/picorv32.v:1193$1472_Y }
    New ctrl vector for $pmux cell $flatten\cpu.$procmux$2999: { $flatten\cpu.$logic_not$/Users/hello.welcometothisdevice/CAD-Project-AES128-DMA-/pico_aes_soc/src/picorv32.v:679$1193_Y $auto$opt_reduce.cc:134:opt_pmux$5876 $flatten\cpu.$logic_and$/Users/hello.welcometothisdevice/CAD-Project-AES128-DMA-/pico_aes_soc/src/picorv32.v:1696$1620_Y $auto$opt_reduce.cc:134:opt_pmux$5874 }
    New ctrl vector for $pmux cell $flatten\cpu.$procmux$3185: { \cpu.is_lui_auipc_jal $auto$opt_reduce.cc:134:opt_pmux$5878 $flatten\cpu.$procmux$2373_CTRL }
    New ctrl vector for $pmux cell $flatten\cpu.$procmux$4467: { $flatten\cpu.$procmux$4465_CMP $auto$opt_reduce.cc:134:opt_pmux$5880 }
    New ctrl vector for $pmux cell $flatten\cpu.$procmux$4390: { $auto$opt_reduce.cc:134:opt_pmux$5882 $flatten\cpu.$procmux$4463_CMP $flatten\cpu.$procmux$4459_CMP }
    New ctrl vector for $pmux cell $flatten\cpu.$procmux$3237: { \cpu.is_lui_auipc_jal $auto$opt_reduce.cc:134:opt_pmux$5884 }
    New ctrl vector for $pmux cell $flatten\cpu.$procmux$3373: $auto$opt_reduce.cc:134:opt_pmux$5886
    New ctrl vector for $pmux cell $flatten\cpu.$procmux$4365: $auto$opt_reduce.cc:134:opt_pmux$5888
    New ctrl vector for $pmux cell $flatten\cpu.$procmux$3463: { $flatten\cpu.$procmux$4465_CMP $flatten\cpu.$procmux$4463_CMP $flatten\cpu.$procmux$4459_CMP $auto$opt_reduce.cc:134:opt_pmux$5890 }
    New ctrl vector for $pmux cell $flatten\cpu.$procmux$3481: $auto$opt_reduce.cc:134:opt_pmux$5892
    New ctrl vector for $pmux cell $flatten\cpu.$procmux$3549: { $flatten\cpu.$procmux$4465_CMP $flatten\cpu.$procmux$4463_CMP $flatten\cpu.$procmux$4459_CMP $auto$opt_reduce.cc:134:opt_pmux$5894 }
    New ctrl vector for $pmux cell $flatten\cpu.$procmux$3567: { $flatten\cpu.$procmux$4465_CMP $auto$opt_reduce.cc:134:opt_pmux$5896 }
    New ctrl vector for $pmux cell $flatten\cpu.$procmux$3615: { $auto$opt_reduce.cc:134:opt_pmux$5898 $flatten\cpu.$procmux$4463_CMP $flatten\cpu.$procmux$4459_CMP }
    New ctrl vector for $pmux cell $flatten\cpu.$procmux$3636: $auto$opt_reduce.cc:134:opt_pmux$5900
    New ctrl vector for $pmux cell $flatten\cpu.$procmux$4352: $auto$opt_reduce.cc:134:opt_pmux$5902
    New ctrl vector for $pmux cell $flatten\cpu.$procmux$3757: { $flatten\cpu.$procmux$3765_CMP $auto$opt_reduce.cc:134:opt_pmux$5904 $flatten\cpu.$procmux$4463_CMP $flatten\cpu.$procmux$4459_CMP }
    New ctrl vector for $pmux cell $flatten\cpu.$procmux$3769: $auto$opt_reduce.cc:134:opt_pmux$5906
    New ctrl vector for $pmux cell $flatten\cpu.$procmux$3929: $auto$opt_reduce.cc:134:opt_pmux$5908
    Consolidated identical input bits for $mux cell $flatten\cpu.\cpuregs.$procmux$4769:
      Old ports: A=0, B=32'11111111111111111111111111111111, Y=$flatten\cpu.\cpuregs.$procmux$4769_Y
      New ports: A=1'0, B=1'1, Y=$flatten\cpu.\cpuregs.$procmux$4769_Y [0]
      New connections: $flatten\cpu.\cpuregs.$procmux$4769_Y [31:1] = { $flatten\cpu.\cpuregs.$procmux$4769_Y [0] $flatten\cpu.\cpuregs.$procmux$4769_Y [0] $flatten\cpu.\cpuregs.$procmux$4769_Y [0] $flatten\cpu.\cpuregs.$procmux$4769_Y [0] $flatten\cpu.\cpuregs.$procmux$4769_Y [0] $flatten\cpu.\cpuregs.$procmux$4769_Y [0] $flatten\cpu.\cpuregs.$procmux$4769_Y [0] $flatten\cpu.\cpuregs.$procmux$4769_Y [0] $flatten\cpu.\cpuregs.$procmux$4769_Y [0] $flatten\cpu.\cpuregs.$procmux$4769_Y [0] $flatten\cpu.\cpuregs.$procmux$4769_Y [0] $flatten\cpu.\cpuregs.$procmux$4769_Y [0] $flatten\cpu.\cpuregs.$procmux$4769_Y [0] $flatten\cpu.\cpuregs.$procmux$4769_Y [0] $flatten\cpu.\cpuregs.$procmux$4769_Y [0] $flatten\cpu.\cpuregs.$procmux$4769_Y [0] $flatten\cpu.\cpuregs.$procmux$4769_Y [0] $flatten\cpu.\cpuregs.$procmux$4769_Y [0] $flatten\cpu.\cpuregs.$procmux$4769_Y [0] $flatten\cpu.\cpuregs.$procmux$4769_Y [0] $flatten\cpu.\cpuregs.$procmux$4769_Y [0] $flatten\cpu.\cpuregs.$procmux$4769_Y [0] $flatten\cpu.\cpuregs.$procmux$4769_Y [0] $flatten\cpu.\cpuregs.$procmux$4769_Y [0] $flatten\cpu.\cpuregs.$procmux$4769_Y [0] $flatten\cpu.\cpuregs.$procmux$4769_Y [0] $flatten\cpu.\cpuregs.$procmux$4769_Y [0] $flatten\cpu.\cpuregs.$procmux$4769_Y [0] $flatten\cpu.\cpuregs.$procmux$4769_Y [0] $flatten\cpu.\cpuregs.$procmux$4769_Y [0] $flatten\cpu.\cpuregs.$procmux$4769_Y [0] }
    New input vector for $reduce_or cell $auto$opt_reduce.cc:128:opt_pmux$5847: { \cpu.instr_rdcycle \cpu.instr_rdcycleh \cpu.instr_rdinstr \cpu.instr_rdinstrh \cpu.instr_retirq \cpu.instr_maskirq \cpu.instr_timer \cpu.is_lui_auipc_jal \cpu.is_slli_srli_srai \cpu.is_jalr_addi_slti_sltiu_xori_ori_andi $flatten\cpu.$logic_and$/Users/hello.welcometothisdevice/CAD-Project-AES128-DMA-/pico_aes_soc/src/picorv32.v:1696$1620_Y }
    New input vector for $reduce_or cell $auto$opt_reduce.cc:128:opt_pmux$5853: { \cpu.instr_rdcycle \cpu.instr_rdcycleh \cpu.instr_rdinstr \cpu.instr_rdinstrh \cpu.instr_retirq \cpu.instr_maskirq \cpu.instr_timer }
    New input vector for $reduce_or cell $auto$opt_reduce.cc:128:opt_pmux$5857: { \cpu.is_lui_auipc_jal \cpu.is_slli_srli_srai \cpu.is_jalr_addi_slti_sltiu_xori_ori_andi }
    New input vector for $reduce_or cell $auto$opt_reduce.cc:128:opt_pmux$5859: { \cpu.instr_rdcycle \cpu.instr_rdcycleh \cpu.instr_rdinstr \cpu.instr_rdinstrh \cpu.instr_retirq \cpu.instr_maskirq \cpu.instr_timer }
    New input vector for $reduce_or cell $auto$opt_reduce.cc:128:opt_pmux$5861: { \cpu.instr_rdcycle \cpu.instr_rdcycleh \cpu.instr_rdinstr \cpu.instr_rdinstrh \cpu.instr_retirq \cpu.instr_maskirq \cpu.instr_timer \cpu.is_lui_auipc_jal \cpu.is_slli_srli_srai \cpu.is_jalr_addi_slti_sltiu_xori_ori_andi $flatten\cpu.$logic_and$/Users/hello.welcometothisdevice/CAD-Project-AES128-DMA-/pico_aes_soc/src/picorv32.v:1696$1620_Y }
    New input vector for $reduce_or cell $auto$opt_reduce.cc:128:opt_pmux$5863: { \cpu.instr_rdcycle \cpu.instr_rdcycleh \cpu.instr_rdinstr \cpu.instr_rdinstrh \cpu.is_lui_auipc_jal }
    New input vector for $reduce_or cell $auto$opt_reduce.cc:128:opt_pmux$5865: { \cpu.instr_rdcycle \cpu.instr_rdcycleh \cpu.instr_rdinstr \cpu.instr_rdinstrh \cpu.instr_retirq \cpu.instr_maskirq \cpu.instr_timer \cpu.is_lui_auipc_jal \cpu.is_slli_srli_srai \cpu.is_jalr_addi_slti_sltiu_xori_ori_andi $flatten\cpu.$logic_and$/Users/hello.welcometothisdevice/CAD-Project-AES128-DMA-/pico_aes_soc/src/picorv32.v:1696$1620_Y }
    New input vector for $reduce_or cell $auto$opt_reduce.cc:128:opt_pmux$5871: { \cpu.instr_rdcycle \cpu.instr_rdcycleh \cpu.instr_rdinstr \cpu.instr_rdinstrh \cpu.is_lui_auipc_jal }
    New input vector for $reduce_or cell $auto$opt_reduce.cc:128:opt_pmux$5873: { \cpu.is_lui_auipc_jal \cpu.is_slli_srli_srai \cpu.is_jalr_addi_slti_sltiu_xori_ori_andi }
    New input vector for $reduce_or cell $auto$opt_reduce.cc:128:opt_pmux$5875: { \cpu.instr_rdcycle \cpu.instr_rdcycleh \cpu.instr_rdinstr \cpu.instr_rdinstrh \cpu.instr_retirq \cpu.instr_maskirq \cpu.instr_timer }
    New input vector for $reduce_or cell $auto$opt_reduce.cc:128:opt_pmux$5877: { \cpu.instr_rdcycle \cpu.instr_rdcycleh \cpu.instr_rdinstr \cpu.instr_rdinstrh \cpu.instr_retirq \cpu.instr_maskirq \cpu.instr_timer $flatten\cpu.$logic_and$/Users/hello.welcometothisdevice/CAD-Project-AES128-DMA-/pico_aes_soc/src/picorv32.v:1696$1620_Y }
    New input vector for $reduce_or cell $auto$opt_reduce.cc:128:opt_pmux$5883: { \cpu.instr_rdcycle \cpu.instr_rdcycleh \cpu.instr_rdinstr \cpu.instr_rdinstrh \cpu.instr_retirq \cpu.instr_maskirq \cpu.instr_timer }
  Optimizing cells in module \picosoc.
Performed a total of 78 changes.

10.5. Executing OPT_MERGE pass (detect identical cells).
Finding identical cells in module `\picosoc'.
<suppressed ~258 debug messages>
Removed a total of 86 cells.

10.6. Executing OPT_DFF pass (perform DFF optimizations).
Adding EN signal on $flatten\cpu.$procdff$5592 ($dff) from module picosoc (D = \cpu.compressed_instr, Q = \cpu.latched_compr).
Adding SRST signal on $flatten\cpu.\genblk2.pcpi_div.$procdff$5736 ($dff) from module picosoc (D = $flatten\cpu.\genblk2.pcpi_div.$procmux$4746_Y, Q = \cpu.genblk2.pcpi_div.instr_remu, rval = 1'0).
Adding SRST signal on $flatten\cpu.\genblk2.pcpi_div.$procdff$5735 ($dff) from module picosoc (D = $flatten\cpu.\genblk2.pcpi_div.$procmux$4751_Y, Q = \cpu.genblk2.pcpi_div.instr_rem, rval = 1'0).
Adding SRST signal on $flatten\cpu.\genblk2.pcpi_div.$procdff$5734 ($dff) from module picosoc (D = $flatten\cpu.\genblk2.pcpi_div.$procmux$4757_Y, Q = \cpu.genblk2.pcpi_div.instr_divu, rval = 1'0).
Adding SRST signal on $flatten\cpu.\genblk2.pcpi_div.$procdff$5724 ($dff) from module picosoc (D = $flatten\cpu.\genblk2.pcpi_div.$procmux$4683_Y, Q = \cpu.genblk2.pcpi_div.pcpi_ready, rval = 1'0).
Adding EN signal on $flatten\cpu.\genblk2.pcpi_div.$procdff$5725 ($dff) from module picosoc (D = $flatten\cpu.\genblk2.pcpi_div.$procmux$4741_Y, Q = \cpu.genblk2.pcpi_div.dividend).
Adding EN signal on $flatten\cpu.\genblk2.pcpi_div.$procdff$5726 ($dff) from module picosoc (D = $flatten\cpu.\genblk2.pcpi_div.$procmux$4730_Y, Q = \cpu.genblk2.pcpi_div.divisor).
Adding EN signal on $flatten\cpu.\genblk2.pcpi_div.$procdff$5727 ($dff) from module picosoc (D = $flatten\cpu.\genblk2.pcpi_div.$procmux$4721_Y, Q = \cpu.genblk2.pcpi_div.quotient).
Adding SRST signal on $auto$ff.cc:266:slice$5934 ($dffe) from module picosoc (D = $flatten\cpu.\genblk2.pcpi_div.$procmux$4718_Y, Q = \cpu.genblk2.pcpi_div.quotient, rval = 0).
Adding EN signal on $flatten\cpu.\genblk2.pcpi_div.$procdff$5728 ($dff) from module picosoc (D = $flatten\cpu.\genblk2.pcpi_div.$procmux$4710_Y, Q = \cpu.genblk2.pcpi_div.quotient_msk).
Adding SRST signal on $auto$ff.cc:266:slice$5942 ($dffe) from module picosoc (D = $flatten\cpu.\genblk2.pcpi_div.$procmux$4707_Y, Q = \cpu.genblk2.pcpi_div.quotient_msk, rval = 32'10000000000000000000000000000000).
Adding SRST signal on $flatten\cpu.\genblk2.pcpi_div.$procdff$5729 ($dff) from module picosoc (D = $flatten\cpu.\genblk2.pcpi_div.$procmux$4701_Y, Q = \cpu.genblk2.pcpi_div.running, rval = 1'0).
Adding EN signal on $auto$ff.cc:266:slice$5948 ($sdff) from module picosoc (D = $flatten\cpu.\genblk2.pcpi_div.$procmux$4701_Y, Q = \cpu.genblk2.pcpi_div.running).
Adding EN signal on $flatten\cpu.\genblk2.pcpi_div.$procdff$5730 ($dff) from module picosoc (D = $flatten\cpu.\genblk2.pcpi_div.$logic_or$/Users/hello.welcometothisdevice/CAD-Project-AES128-DMA-/pico_aes_soc/src/picorv32.v:2476$989_Y, Q = \cpu.genblk2.pcpi_div.outsign).
Adding SRST signal on $flatten\cpu.\genblk2.pcpi_div.$procdff$5733 ($dff) from module picosoc (D = $flatten\cpu.\genblk2.pcpi_div.$procmux$4764_Y, Q = \cpu.genblk2.pcpi_div.instr_div, rval = 1'0).
Adding SRST signal on $flatten\cpu.\genblk1.genblk1.pcpi_mul.$procdff$5720 ($dff) from module picosoc (D = $flatten\cpu.\genblk1.genblk1.pcpi_mul.$procmux$4639_Y, Q = \cpu.genblk1.genblk1.pcpi_mul.instr_mulhu, rval = 1'0).
Adding SRST signal on $flatten\cpu.\genblk1.genblk1.pcpi_mul.$procdff$5719 ($dff) from module picosoc (D = $flatten\cpu.\genblk1.genblk1.pcpi_mul.$procmux$4644_Y, Q = \cpu.genblk1.genblk1.pcpi_mul.instr_mulhsu, rval = 1'0).
Adding SRST signal on $flatten\cpu.\genblk1.genblk1.pcpi_mul.$procdff$5718 ($dff) from module picosoc (D = $flatten\cpu.\genblk1.genblk1.pcpi_mul.$procmux$4650_Y, Q = \cpu.genblk1.genblk1.pcpi_mul.instr_mulh, rval = 1'0).
Adding SRST signal on $flatten\cpu.\genblk1.genblk1.pcpi_mul.$procdff$5717 ($dff) from module picosoc (D = $flatten\cpu.\genblk1.genblk1.pcpi_mul.$procmux$4657_Y, Q = \cpu.genblk1.genblk1.pcpi_mul.instr_mul, rval = 1'0).
Adding EN signal on $flatten\cpu.\genblk1.genblk1.pcpi_mul.$procdff$5707 ($dff) from module picosoc (D = $flatten\cpu.\genblk1.genblk1.pcpi_mul.$ternary$/Users/hello.welcometothisdevice/CAD-Project-AES128-DMA-/pico_aes_soc/src/picorv32.v:2313$936_Y [31:0], Q = \cpu.genblk1.genblk1.pcpi_mul.pcpi_rd).
Adding EN signal on $flatten\cpu.\genblk1.genblk1.pcpi_mul.$procdff$5709 ($dff) from module picosoc (D = $flatten\cpu.\genblk1.genblk1.pcpi_mul.$procmux$4634_Y, Q = \cpu.genblk1.genblk1.pcpi_mul.rs1).
Adding EN signal on $flatten\cpu.\genblk1.genblk1.pcpi_mul.$procdff$5710 ($dff) from module picosoc (D = $flatten\cpu.\genblk1.genblk1.pcpi_mul.$procmux$4625_Y, Q = \cpu.genblk1.genblk1.pcpi_mul.rs2).
Adding EN signal on $flatten\cpu.\genblk1.genblk1.pcpi_mul.$procdff$5711 ($dff) from module picosoc (D = $flatten\cpu.\genblk1.genblk1.pcpi_mul.$procmux$4616_Y, Q = \cpu.genblk1.genblk1.pcpi_mul.rd).
Adding SRST signal on $auto$ff.cc:266:slice$5963 ($dffe) from module picosoc (D = \cpu.genblk1.genblk1.pcpi_mul.next_rd, Q = \cpu.genblk1.genblk1.pcpi_mul.rd, rval = 64'0000000000000000000000000000000000000000000000000000000000000000).
Adding EN signal on $flatten\cpu.\genblk1.genblk1.pcpi_mul.$procdff$5712 ($dff) from module picosoc (D = $flatten\cpu.\genblk1.genblk1.pcpi_mul.$procmux$4610_Y, Q = \cpu.genblk1.genblk1.pcpi_mul.rdx).
Adding SRST signal on $auto$ff.cc:266:slice$5965 ($dffe) from module picosoc (D = \cpu.genblk1.genblk1.pcpi_mul.next_rdx, Q = \cpu.genblk1.genblk1.pcpi_mul.rdx, rval = 64'0000000000000000000000000000000000000000000000000000000000000000).
Adding EN signal on $flatten\cpu.\genblk1.genblk1.pcpi_mul.$procdff$5713 ($dff) from module picosoc (D = $flatten\cpu.\genblk1.genblk1.pcpi_mul.$procmux$4604_Y, Q = \cpu.genblk1.genblk1.pcpi_mul.mul_counter).
Adding SRST signal on $flatten\cpu.\genblk1.genblk1.pcpi_mul.$procdff$5714 ($dff) from module picosoc (D = $flatten\cpu.\genblk1.genblk1.pcpi_mul.$procmux$4598_Y, Q = \cpu.genblk1.genblk1.pcpi_mul.mul_waiting, rval = 1'1).
Adding SRST signal on $flatten\cpu.\genblk1.genblk1.pcpi_mul.$procdff$5715 ($dff) from module picosoc (D = $flatten\cpu.\genblk1.genblk1.pcpi_mul.$procmux$4587_Y, Q = \cpu.genblk1.genblk1.pcpi_mul.mul_finish, rval = 1'0).
Adding SRST signal on $flatten\cpu.$procdff$5637 ($dff) from module picosoc (D = $flatten\cpu.$procmux$3835_Y, Q = \cpu.instr_sub, rval = 1'0).
Adding EN signal on $auto$ff.cc:266:slice$5974 ($sdff) from module picosoc (D = $flatten\cpu.$logic_and$/Users/hello.welcometothisdevice/CAD-Project-AES128-DMA-/pico_aes_soc/src/picorv32.v:1069$1342_Y, Q = \cpu.instr_sub).
Adding SRST signal on $flatten\cpu.$procdff$5638 ($dff) from module picosoc (D = $flatten\cpu.$procmux$3831_Y, Q = \cpu.instr_sll, rval = 1'0).
Adding EN signal on $auto$ff.cc:266:slice$5976 ($sdff) from module picosoc (D = $flatten\cpu.$logic_and$/Users/hello.welcometothisdevice/CAD-Project-AES128-DMA-/pico_aes_soc/src/picorv32.v:1070$1346_Y, Q = \cpu.instr_sll).
Adding SRST signal on $flatten\cpu.$procdff$5640 ($dff) from module picosoc (D = $flatten\cpu.$procmux$3823_Y, Q = \cpu.instr_sltu, rval = 1'0).
Adding EN signal on $auto$ff.cc:266:slice$5978 ($sdff) from module picosoc (D = $flatten\cpu.$logic_and$/Users/hello.welcometothisdevice/CAD-Project-AES128-DMA-/pico_aes_soc/src/picorv32.v:1072$1354_Y, Q = \cpu.instr_sltu).
Adding SRST signal on $flatten\cpu.$procdff$5639 ($dff) from module picosoc (D = $flatten\cpu.$procmux$3827_Y, Q = \cpu.instr_slt, rval = 1'0).
Adding EN signal on $auto$ff.cc:266:slice$5980 ($sdff) from module picosoc (D = $flatten\cpu.$logic_and$/Users/hello.welcometothisdevice/CAD-Project-AES128-DMA-/pico_aes_soc/src/picorv32.v:1071$1350_Y, Q = \cpu.instr_slt).
Adding SRST signal on $flatten\cpu.$procdff$5641 ($dff) from module picosoc (D = $flatten\cpu.$procmux$3819_Y, Q = \cpu.instr_xor, rval = 1'0).
Adding EN signal on $auto$ff.cc:266:slice$5982 ($sdff) from module picosoc (D = $flatten\cpu.$logic_and$/Users/hello.welcometothisdevice/CAD-Project-AES128-DMA-/pico_aes_soc/src/picorv32.v:1073$1358_Y, Q = \cpu.instr_xor).
Adding SRST signal on $flatten\cpu.$procdff$5643 ($dff) from module picosoc (D = $flatten\cpu.$procmux$3811_Y, Q = \cpu.instr_sra, rval = 1'0).
Adding EN signal on $auto$ff.cc:266:slice$5984 ($sdff) from module picosoc (D = $flatten\cpu.$logic_and$/Users/hello.welcometothisdevice/CAD-Project-AES128-DMA-/pico_aes_soc/src/picorv32.v:1075$1366_Y, Q = \cpu.instr_sra).
Adding SRST signal on $flatten\cpu.$procdff$5636 ($dff) from module picosoc (D = $flatten\cpu.$procmux$3839_Y, Q = \cpu.instr_add, rval = 1'0).
Adding EN signal on $auto$ff.cc:266:slice$5986 ($sdff) from module picosoc (D = $flatten\cpu.$logic_and$/Users/hello.welcometothisdevice/CAD-Project-AES128-DMA-/pico_aes_soc/src/picorv32.v:1068$1338_Y, Q = \cpu.instr_add).
Adding EN signal on $flatten\cpu.$procdff$5634 ($dff) from module picosoc (D = $flatten\cpu.$logic_and$/Users/hello.welcometothisdevice/CAD-Project-AES128-DMA-/pico_aes_soc/src/picorv32.v:1065$1330_Y, Q = \cpu.instr_srli).
Adding SRST signal on $flatten\cpu.$procdff$5632 ($dff) from module picosoc (D = $flatten\cpu.$procmux$3849_Y, Q = \cpu.instr_andi, rval = 1'0).
Adding EN signal on $auto$ff.cc:266:slice$5989 ($sdff) from module picosoc (D = $flatten\cpu.$logic_and$/Users/hello.welcometothisdevice/CAD-Project-AES128-DMA-/pico_aes_soc/src/picorv32.v:1062$1322_Y, Q = \cpu.instr_andi).
Adding EN signal on $flatten\cpu.$procdff$5703 ($dff) from module picosoc (D = $flatten\cpu.$ternary$/Users/hello.welcometothisdevice/CAD-Project-AES128-DMA-/pico_aes_soc/src/picorv32.v:386$1125_Y [6:0], Q = \cpu.mem_rdata_q [6:0]).
Adding SRST signal on $flatten\cpu.$procdff$5704 ($dff) from module picosoc (D = $flatten\cpu.$procmux$4567_Y, Q = \cpu.mem_la_firstword_reg, rval = 1'0).
Adding SRST signal on $flatten\cpu.$procdff$5705 ($dff) from module picosoc (D = $flatten\cpu.$logic_and$/Users/hello.welcometothisdevice/CAD-Project-AES128-DMA-/pico_aes_soc/src/picorv32.v:397$1130_Y, Q = \cpu.last_mem_valid, rval = 1'0).
Adding SRST signal on $flatten\cpu.$procdff$5590 ($dff) from module picosoc (D = $flatten\cpu.$procmux$2682_Y, Q = \cpu.latched_stalu, rval = 1'0).
Adding EN signal on $auto$ff.cc:266:slice$5995 ($sdff) from module picosoc (D = $flatten\cpu.$procmux$2682_Y, Q = \cpu.latched_stalu).
Adding SRST signal on $flatten\cpu.$procdff$5591 ($dff) from module picosoc (D = $flatten\cpu.$procmux$2646_Y, Q = \cpu.latched_branch, rval = 1'0).
Adding EN signal on $auto$ff.cc:266:slice$6003 ($sdff) from module picosoc (D = $flatten\cpu.$procmux$2646_Y, Q = \cpu.latched_branch).
Adding SRST signal on $flatten\cpu.$procdff$5597 ($dff) from module picosoc (D = $flatten\cpu.$procmux$2549_Y, Q = \cpu.latched_rd, rval = 5'00010).
Adding EN signal on $auto$ff.cc:266:slice$6011 ($sdff) from module picosoc (D = $flatten\cpu.$procmux$2549_Y, Q = \cpu.latched_rd).
Adding SRST signal on $flatten\cpu.$procdff$5599 ($dff) from module picosoc (D = $flatten\cpu.$procmux$2534_Y, Q = \cpu.pcpi_timeout_counter, rval = 4'1111).
Adding EN signal on $auto$ff.cc:266:slice$6019 ($sdff) from module picosoc (D = $flatten\cpu.$sub$/Users/hello.welcometothisdevice/CAD-Project-AES128-DMA-/pico_aes_soc/src/picorv32.v:1426$1539_Y [3:0], Q = \cpu.pcpi_timeout_counter).
Adding SRST signal on $flatten\cpu.$procdff$5600 ($dff) from module picosoc (D = $flatten\cpu.$logic_not$/Users/hello.welcometothisdevice/CAD-Project-AES128-DMA-/pico_aes_soc/src/picorv32.v:1429$1540_Y, Q = \cpu.pcpi_timeout, rval = 1'0).
Adding SRST signal on $flatten\cpu.$procdff$5578 ($dff) from module picosoc (D = $flatten\cpu.$procmux$2311_Y, Q = \cpu.decoder_pseudo_trigger, rval = 1'0).
Adding SRST signal on $flatten\cpu.$procdff$5553 ($dff) from module picosoc (D = $flatten\cpu.$procmux$2528_Y, Q = \cpu.trap, rval = 1'0).
Adding SRST signal on $flatten\cpu.$procdff$5554 ($dff) from module picosoc (D = $flatten\cpu.$procmux$3346_Y, Q = \cpu.pcpi_valid, rval = 1'0).
Adding EN signal on $auto$ff.cc:266:slice$6024 ($sdff) from module picosoc (D = $flatten\cpu.$procmux$3346_Y, Q = \cpu.pcpi_valid).
Adding SRST signal on $flatten\cpu.$procdff$5594 ($dff) from module picosoc (D = $flatten\cpu.$procmux$2601_Y, Q = \cpu.latched_is_lu, rval = 1'0).
Adding EN signal on $auto$ff.cc:266:slice$6028 ($sdff) from module picosoc (D = $flatten\cpu.$procmux$2601_Y, Q = \cpu.latched_is_lu).
Adding SRST signal on $flatten\cpu.$procdff$5616 ($dff) from module picosoc (D = $flatten\cpu.$procmux$3897_Y, Q = \cpu.instr_bge, rval = 1'0).
Adding EN signal on $auto$ff.cc:266:slice$6038 ($sdff) from module picosoc (D = $flatten\cpu.$logic_and$/Users/hello.welcometothisdevice/CAD-Project-AES128-DMA-/pico_aes_soc/src/picorv32.v:1043$1290_Y, Q = \cpu.instr_bge).
Adding SRST signal on $flatten\cpu.$procdff$5555 ($dff) from module picosoc (D = $flatten\cpu.$procmux$3321_Y, Q = \cpu.eoi, rval = 0).
Adding EN signal on $auto$ff.cc:266:slice$6040 ($sdff) from module picosoc (D = $flatten\cpu.$procmux$3321_Y, Q = \cpu.eoi).
Adding SRST signal on $flatten\cpu.$procdff$5558 ($dff) from module picosoc (D = $flatten\cpu.$add$/Users/hello.welcometothisdevice/CAD-Project-AES128-DMA-/pico_aes_soc/src/picorv32.v:1433$1541_Y, Q = \cpu.count_cycle, rval = 64'0000000000000000000000000000000000000000000000000000000000000000).
Adding SRST signal on $flatten\cpu.$procdff$5559 ($dff) from module picosoc (D = $flatten\cpu.$procmux$3302_Y, Q = \cpu.count_instr, rval = 64'0000000000000000000000000000000000000000000000000000000000000000).
Adding EN signal on $auto$ff.cc:266:slice$6051 ($sdff) from module picosoc (D = $flatten\cpu.$add$/Users/hello.welcometothisdevice/CAD-Project-AES128-DMA-/pico_aes_soc/src/picorv32.v:1564$1595_Y, Q = \cpu.count_instr).
Adding SRST signal on $flatten\cpu.$procdff$5560 ($dff) from module picosoc (D = $flatten\cpu.$procmux$3282_Y, Q = \cpu.reg_pc, rval = 1048576).
Adding EN signal on $auto$ff.cc:266:slice$6059 ($sdff) from module picosoc (D = $flatten\cpu.$3\current_pc[31:0], Q = \cpu.reg_pc).
Adding SRST signal on $flatten\cpu.$procdff$5561 ($dff) from module picosoc (D = $flatten\cpu.$procmux$3270_Y, Q = \cpu.reg_next_pc, rval = 1048576).
Adding EN signal on $auto$ff.cc:266:slice$6061 ($sdff) from module picosoc (D = $flatten\cpu.$procmux$3268_Y, Q = \cpu.reg_next_pc).
Adding EN signal on $flatten\cpu.$procdff$5562 ($dff) from module picosoc (D = $flatten\cpu.$procmux$3207_Y [31], Q = \cpu.reg_op1 [31]).
Adding EN signal on $flatten\cpu.$procdff$5562 ($dff) from module picosoc (D = $flatten\cpu.$procmux$3207_Y [30:0], Q = \cpu.reg_op1 [30:0]).
Adding EN signal on $flatten\cpu.$procdff$5563 ($dff) from module picosoc (D = $flatten\cpu.$procmux$3182_Y, Q = \cpu.reg_op2).
Adding SRST signal on $flatten\cpu.$procdff$5564 ($dff) from module picosoc (D = $flatten\cpu.$procmux$2441_Y, Q = \cpu.reg_out, rval = 1024).
Adding SRST signal on $flatten\cpu.$procdff$5566 ($dff) from module picosoc (D = $flatten\cpu.$procmux$3172_Y, Q = \cpu.irq_delay, rval = 1'0).
Adding EN signal on $auto$ff.cc:266:slice$6111 ($sdff) from module picosoc (D = \cpu.irq_active, Q = \cpu.irq_delay).
Adding SRST signal on $flatten\cpu.$procdff$5567 ($dff) from module picosoc (D = $flatten\cpu.$procmux$3147_Y, Q = \cpu.irq_active, rval = 1'0).
Adding EN signal on $auto$ff.cc:266:slice$6119 ($sdff) from module picosoc (D = $flatten\cpu.$procmux$3147_Y, Q = \cpu.irq_active).
Adding SRST signal on $flatten\cpu.$procdff$5572 ($dff) from module picosoc (D = $flatten\cpu.$procmux$3062_Y, Q = \cpu.mem_do_prefetch, rval = 1'0).
Adding EN signal on $auto$ff.cc:266:slice$6129 ($sdff) from module picosoc (D = $flatten\cpu.$logic_and$/Users/hello.welcometothisdevice/CAD-Project-AES128-DMA-/pico_aes_soc/src/picorv32.v:1573$1599_Y, Q = \cpu.mem_do_prefetch).
Adding SRST signal on $flatten\cpu.$procdff$5573 ($dff) from module picosoc (D = $flatten\cpu.$procmux$3037_Y, Q = \cpu.mem_do_rinst, rval = 1'1).
Adding EN signal on $auto$ff.cc:266:slice$6139 ($sdff) from module picosoc (D = $flatten\cpu.$procmux$3037_Y, Q = \cpu.mem_do_rinst).
Adding SRST signal on $flatten\cpu.$procdff$5574 ($dff) from module picosoc (D = $flatten\cpu.$procmux$2963_Y, Q = \cpu.mem_do_rdata, rval = 1'1).
Adding EN signal on $auto$ff.cc:266:slice$6151 ($sdff) from module picosoc (D = 1'0, Q = \cpu.mem_do_rdata).
Adding SRST signal on $flatten\cpu.$procdff$5575 ($dff) from module picosoc (D = $flatten\cpu.$procmux$2959_Y, Q = \cpu.mem_do_wdata, rval = 1'1).
Adding EN signal on $auto$ff.cc:266:slice$6153 ($sdff) from module picosoc (D = 1'0, Q = \cpu.mem_do_wdata).
Adding SRST signal on $flatten\cpu.$procdff$5585 ($dff) from module picosoc (D = $flatten\cpu.$procmux$2747_Y, Q = \cpu.irq_state, rval = 2'00).
Adding EN signal on $auto$ff.cc:266:slice$6155 ($sdff) from module picosoc (D = $flatten\cpu.$ternary$/Users/hello.welcometothisdevice/CAD-Project-AES128-DMA-/pico_aes_soc/src/picorv32.v:1540$1585_Y, Q = \cpu.irq_state).
Adding SRST signal on $flatten\cpu.$procdff$5589 ($dff) from module picosoc (D = $flatten\cpu.$procmux$2689_Y, Q = \cpu.latched_store, rval = 1'1).
Adding EN signal on $auto$ff.cc:266:slice$6159 ($sdff) from module picosoc (D = $flatten\cpu.$procmux$2689_Y, Q = \cpu.latched_store).
Adding EN signal on $flatten\cpu.$procdff$5608 ($dff) from module picosoc (D = \cpu.mem_rdata_q, Q = \cpu.pcpi_insn).
Adding EN signal on $flatten\cpu.$procdff$5609 ($dff) from module picosoc (D = $flatten\cpu.$procmux$3954_Y, Q = \cpu.instr_lui).
Adding EN signal on $flatten\cpu.$procdff$5610 ($dff) from module picosoc (D = $flatten\cpu.$eq$/Users/hello.welcometothisdevice/CAD-Project-AES128-DMA-/pico_aes_soc/src/picorv32.v:868$1212_Y, Q = \cpu.instr_auipc).
Adding EN signal on $flatten\cpu.$procdff$5611 ($dff) from module picosoc (D = $flatten\cpu.$procmux$3934_Y, Q = \cpu.instr_jal).
Adding EN signal on $flatten\cpu.$procdff$5612 ($dff) from module picosoc (D = $flatten\cpu.$procmux$3922_Y, Q = \cpu.instr_jalr).
Adding SRST signal on $flatten\cpu.$procdff$5613 ($dff) from module picosoc (D = $flatten\cpu.$procmux$3909_Y, Q = \cpu.instr_beq, rval = 1'0).
Adding EN signal on $auto$ff.cc:266:slice$6174 ($sdff) from module picosoc (D = $flatten\cpu.$logic_and$/Users/hello.welcometothisdevice/CAD-Project-AES128-DMA-/pico_aes_soc/src/picorv32.v:1040$1284_Y, Q = \cpu.instr_beq).
Adding SRST signal on $flatten\cpu.$procdff$5614 ($dff) from module picosoc (D = $flatten\cpu.$procmux$3905_Y, Q = \cpu.instr_bne, rval = 1'0).
Adding EN signal on $auto$ff.cc:266:slice$6176 ($sdff) from module picosoc (D = $flatten\cpu.$logic_and$/Users/hello.welcometothisdevice/CAD-Project-AES128-DMA-/pico_aes_soc/src/picorv32.v:1041$1286_Y, Q = \cpu.instr_bne).
Adding EN signal on $flatten\cpu.$procdff$5620 ($dff) from module picosoc (D = $flatten\cpu.$logic_and$/Users/hello.welcometothisdevice/CAD-Project-AES128-DMA-/pico_aes_soc/src/picorv32.v:1048$1298_Y, Q = \cpu.instr_lh).
Adding EN signal on $flatten\cpu.$procdff$5621 ($dff) from module picosoc (D = $flatten\cpu.$logic_and$/Users/hello.welcometothisdevice/CAD-Project-AES128-DMA-/pico_aes_soc/src/picorv32.v:1049$1300_Y, Q = \cpu.instr_lw).
Adding EN signal on $flatten\cpu.$procdff$5622 ($dff) from module picosoc (D = $flatten\cpu.$logic_and$/Users/hello.welcometothisdevice/CAD-Project-AES128-DMA-/pico_aes_soc/src/picorv32.v:1050$1302_Y, Q = \cpu.instr_lbu).
Adding EN signal on $flatten\cpu.$procdff$5623 ($dff) from module picosoc (D = $flatten\cpu.$logic_and$/Users/hello.welcometothisdevice/CAD-Project-AES128-DMA-/pico_aes_soc/src/picorv32.v:1051$1304_Y, Q = \cpu.instr_lhu).
Adding EN signal on $flatten\cpu.$procdff$5625 ($dff) from module picosoc (D = $flatten\cpu.$logic_and$/Users/hello.welcometothisdevice/CAD-Project-AES128-DMA-/pico_aes_soc/src/picorv32.v:1054$1308_Y, Q = \cpu.instr_sh).
Adding EN signal on $flatten\cpu.$procdff$5626 ($dff) from module picosoc (D = $flatten\cpu.$logic_and$/Users/hello.welcometothisdevice/CAD-Project-AES128-DMA-/pico_aes_soc/src/picorv32.v:1055$1310_Y, Q = \cpu.instr_sw).
Adding SRST signal on $flatten\cpu.$procdff$5628 ($dff) from module picosoc (D = $flatten\cpu.$procmux$3865_Y, Q = \cpu.instr_slti, rval = 1'0).
Adding EN signal on $auto$ff.cc:266:slice$6184 ($sdff) from module picosoc (D = $flatten\cpu.$logic_and$/Users/hello.welcometothisdevice/CAD-Project-AES128-DMA-/pico_aes_soc/src/picorv32.v:1058$1314_Y, Q = \cpu.instr_slti).
Adding SRST signal on $flatten\cpu.$procdff$5629 ($dff) from module picosoc (D = $flatten\cpu.$procmux$3861_Y, Q = \cpu.instr_sltiu, rval = 1'0).
Adding EN signal on $auto$ff.cc:266:slice$6186 ($sdff) from module picosoc (D = $flatten\cpu.$logic_and$/Users/hello.welcometothisdevice/CAD-Project-AES128-DMA-/pico_aes_soc/src/picorv32.v:1059$1316_Y, Q = \cpu.instr_sltiu).
Adding SRST signal on $flatten\cpu.$procdff$5630 ($dff) from module picosoc (D = $flatten\cpu.$procmux$3857_Y, Q = \cpu.instr_xori, rval = 1'0).
Adding EN signal on $auto$ff.cc:266:slice$6188 ($sdff) from module picosoc (D = $flatten\cpu.$logic_and$/Users/hello.welcometothisdevice/CAD-Project-AES128-DMA-/pico_aes_soc/src/picorv32.v:1060$1318_Y, Q = \cpu.instr_xori).
Adding SRST signal on $flatten\cpu.$procdff$5631 ($dff) from module picosoc (D = $flatten\cpu.$procmux$3853_Y, Q = \cpu.instr_ori, rval = 1'0).
Adding EN signal on $auto$ff.cc:266:slice$6190 ($sdff) from module picosoc (D = $flatten\cpu.$logic_and$/Users/hello.welcometothisdevice/CAD-Project-AES128-DMA-/pico_aes_soc/src/picorv32.v:1061$1320_Y, Q = \cpu.instr_ori).
Adding SRST signal on $flatten\cpu.$procdff$5644 ($dff) from module picosoc (D = $flatten\cpu.$procmux$3807_Y, Q = \cpu.instr_or, rval = 1'0).
Adding EN signal on $auto$ff.cc:266:slice$6192 ($sdff) from module picosoc (D = $flatten\cpu.$logic_and$/Users/hello.welcometothisdevice/CAD-Project-AES128-DMA-/pico_aes_soc/src/picorv32.v:1076$1370_Y, Q = \cpu.instr_or).
Adding SRST signal on $flatten\cpu.$procdff$5645 ($dff) from module picosoc (D = $flatten\cpu.$procmux$3803_Y, Q = \cpu.instr_and, rval = 1'0).
Adding EN signal on $auto$ff.cc:266:slice$6194 ($sdff) from module picosoc (D = $flatten\cpu.$logic_and$/Users/hello.welcometothisdevice/CAD-Project-AES128-DMA-/pico_aes_soc/src/picorv32.v:1077$1374_Y, Q = \cpu.instr_and).
Adding EN signal on $flatten\cpu.$procdff$5646 ($dff) from module picosoc (D = $flatten\cpu.$logic_and$/Users/hello.welcometothisdevice/CAD-Project-AES128-DMA-/pico_aes_soc/src/picorv32.v:1079$1382_Y, Q = \cpu.instr_rdcycle).
Adding EN signal on $flatten\cpu.$procdff$5663 ($dff) from module picosoc (D = $flatten\cpu.$procmux$3680_Y, Q = \cpu.compressed_instr).
Adding EN signal on $flatten\cpu.$procdff$5666 ($dff) from module picosoc (D = $flatten\cpu.$logic_and$/Users/hello.welcometothisdevice/CAD-Project-AES128-DMA-/pico_aes_soc/src/picorv32.v:1095$1441_Y, Q = \cpu.is_slli_srli_srai).
Adding EN signal on $flatten\cpu.$procdff$5669 ($dff) from module picosoc (D = $flatten\cpu.$logic_and$/Users/hello.welcometothisdevice/CAD-Project-AES128-DMA-/pico_aes_soc/src/picorv32.v:1110$1461_Y, Q = \cpu.is_sll_srl_sra).
Adding SRST signal on $flatten\cpu.$procdff$5673 ($dff) from module picosoc (D = $flatten\cpu.$procmux$3643_Y, Q = \cpu.is_beq_bne_blt_bge_bltu_bgeu, rval = 1'0).
Adding EN signal on $auto$ff.cc:266:slice$6200 ($sdff) from module picosoc (D = $flatten\cpu.$procmux$3641_Y, Q = \cpu.is_beq_bne_blt_bge_bltu_bgeu).
Adding EN signal on $flatten\cpu.$procdff$5675 ($dff) from module picosoc (D = $flatten\cpu.$procmux$3631_Y, Q = \cpu.is_alu_reg_imm).
Adding SRST signal on $flatten\uart.$procdff$5795 ($dff) from module picosoc (D = { $flatten\uart.$procmux$5533_Y $flatten\uart.$procmux$5538_Y $flatten\uart.$procmux$5543_Y $flatten\uart.$procmux$5548_Y }, Q = \uart.cfg_divider, rval = 1).
Adding EN signal on $auto$ff.cc:266:slice$6203 ($sdff) from module picosoc (D = \uart.reg_div_di [7:0], Q = \uart.cfg_divider [7:0]).
Adding EN signal on $auto$ff.cc:266:slice$6203 ($sdff) from module picosoc (D = \uart.reg_div_di [15:8], Q = \uart.cfg_divider [15:8]).
Adding EN signal on $auto$ff.cc:266:slice$6203 ($sdff) from module picosoc (D = \uart.reg_div_di [23:16], Q = \uart.cfg_divider [23:16]).
Adding EN signal on $auto$ff.cc:266:slice$6203 ($sdff) from module picosoc (D = \uart.reg_div_di [31:24], Q = \uart.cfg_divider [31:24]).
Adding EN signal on $flatten\cpu.$procdff$5647 ($dff) from module picosoc (D = $flatten\cpu.$logic_and$/Users/hello.welcometothisdevice/CAD-Project-AES128-DMA-/pico_aes_soc/src/picorv32.v:1081$1391_Y, Q = \cpu.instr_rdcycleh).
Adding EN signal on $flatten\cpu.$procdff$5649 ($dff) from module picosoc (D = $flatten\cpu.$logic_and$/Users/hello.welcometothisdevice/CAD-Project-AES128-DMA-/pico_aes_soc/src/picorv32.v:1084$1400_Y, Q = \cpu.instr_rdinstrh).
Adding EN signal on $flatten\cpu.$procdff$5650 ($dff) from module picosoc (D = $flatten\cpu.$logic_or$/Users/hello.welcometothisdevice/CAD-Project-AES128-DMA-/pico_aes_soc/src/picorv32.v:1086$1408_Y, Q = \cpu.instr_ecall_ebreak).
Adding EN signal on $flatten\cpu.$procdff$5652 ($dff) from module picosoc (D = 1'0, Q = \cpu.instr_getq).
Adding EN signal on $flatten\cpu.$procdff$5655 ($dff) from module picosoc (D = $flatten\cpu.$logic_and$/Users/hello.welcometothisdevice/CAD-Project-AES128-DMA-/pico_aes_soc/src/picorv32.v:1092$1425_Y, Q = \cpu.instr_maskirq).
Adding EN signal on $flatten\cpu.$procdff$5656 ($dff) from module picosoc (D = $flatten\cpu.$logic_and$/Users/hello.welcometothisdevice/CAD-Project-AES128-DMA-/pico_aes_soc/src/picorv32.v:872$1224_Y, Q = \cpu.instr_waitirq).
Adding SRST signal on $flatten\uart.$procdff$5794 ($dff) from module picosoc (D = $flatten\uart.$procmux$5494_Y, Q = \uart.recv_buf_valid, rval = 1'0).
Adding EN signal on $flatten\cpu.$procdff$5658 ($dff) from module picosoc (D = $flatten\cpu.$procmux$3773_Y, Q = \cpu.decoded_rd).
Adding EN signal on $flatten\cpu.$procdff$5661 ($dff) from module picosoc (D = $flatten\cpu.$procmux$3689_Y, Q = \cpu.decoded_imm).
Adding SRST signal on $flatten\uart.$procdff$5793 ($dff) from module picosoc (D = $flatten\uart.$procmux$5502_Y, Q = \uart.recv_buf_data, rval = 8'00000000).
Adding EN signal on $auto$ff.cc:266:slice$6217 ($sdff) from module picosoc (D = \uart.recv_pattern, Q = \uart.recv_buf_data).
Adding SRST signal on $flatten\uart.$procdff$5792 ($dff) from module picosoc (D = $flatten\uart.$procmux$5510_Y, Q = \uart.recv_pattern, rval = 8'00000000).
Adding EN signal on $auto$ff.cc:266:slice$6221 ($sdff) from module picosoc (D = { \uart.ser_rx \uart.recv_pattern [7:1] }, Q = \uart.recv_pattern).
Adding SRST signal on $flatten\uart.$procdff$5791 ($dff) from module picosoc (D = $flatten\uart.$procmux$5480_Y, Q = \uart.recv_divcnt, rval = 0).
Adding SRST signal on $flatten\uart.$procdff$5790 ($dff) from module picosoc (D = $flatten\uart.$procmux$5522_Y, Q = \uart.recv_state, rval = 4'0000).
Adding EN signal on $auto$ff.cc:266:slice$6228 ($sdff) from module picosoc (D = $flatten\uart.$procmux$5522_Y, Q = \uart.recv_state).
Adding SRST signal on $flatten\uart.$procdff$5789 ($dff) from module picosoc (D = $flatten\uart.$procmux$5450_Y, Q = \uart.send_dummy, rval = 1'1).
Adding EN signal on $auto$ff.cc:266:slice$6240 ($sdff) from module picosoc (D = $flatten\uart.$procmux$5450_Y, Q = \uart.send_dummy).
Adding SRST signal on $flatten\uart.$procdff$5788 ($dff) from module picosoc (D = $flatten\uart.$add$/Users/hello.welcometothisdevice/CAD-Project-AES128-DMA-/pico_aes_soc/src/simpleuart.v:112$18_Y, Q = \uart.send_divcnt, rval = 0).
Adding SRST signal on $flatten\uart.$procdff$5787 ($dff) from module picosoc (D = $flatten\uart.$procmux$5461_Y, Q = \uart.send_bitcnt, rval = 4'0000).
Adding EN signal on $auto$ff.cc:266:slice$6249 ($sdff) from module picosoc (D = $flatten\uart.$procmux$5461_Y, Q = \uart.send_bitcnt).
Adding SRST signal on $flatten\uart.$procdff$5786 ($dff) from module picosoc (D = $flatten\uart.$procmux$5466_Y [9], Q = \uart.send_pattern [9], rval = 1'1).
Adding SRST signal on $flatten\uart.$procdff$5786 ($dff) from module picosoc (D = $flatten\uart.$procmux$5469_Y [8:0], Q = \uart.send_pattern [8:0], rval = 9'111111111).
Adding EN signal on $auto$ff.cc:266:slice$6258 ($sdff) from module picosoc (D = $flatten\uart.$procmux$5469_Y [8:0], Q = \uart.send_pattern [8:0]).
Adding EN signal on $auto$ff.cc:266:slice$6253 ($sdff) from module picosoc (D = 1'1, Q = \uart.send_pattern [9]).
Adding EN signal on $flatten\cpu.$procdff$5635 ($dff) from module picosoc (D = $flatten\cpu.$logic_and$/Users/hello.welcometothisdevice/CAD-Project-AES128-DMA-/pico_aes_soc/src/picorv32.v:1066$1334_Y, Q = \cpu.instr_srai).
Adding SRST signal on $flatten\cpu.$procdff$5570 ($dff) from module picosoc (D = $flatten\cpu.$procmux$3110_Y, Q = \cpu.timer, rval = 0).
Adding EN signal on $flatten\cpu.$procdff$5701 ($dff) from module picosoc (D = $flatten\cpu.$procmux$4199_Y, Q = \cpu.mem_16bit_buffer).
Adding EN signal on $flatten\cpu.$procdff$5688 ($dff) from module picosoc (D = \cpu.decoded_imm, Q = \cpu.cached_insn_imm).
Adding SRST signal on $flatten\cpu.$procdff$5596 ($dff) from module picosoc (D = $flatten\cpu.$procmux$2575_Y, Q = \cpu.latched_is_lb, rval = 1'0).
Adding EN signal on $auto$ff.cc:266:slice$6281 ($sdff) from module picosoc (D = $flatten\cpu.$procmux$2575_Y, Q = \cpu.latched_is_lb).
Adding EN signal on $flatten\cpu.$procdff$5695 ($dff) from module picosoc (D = $flatten\cpu.$ternary$/Users/hello.welcometothisdevice/CAD-Project-AES128-DMA-/pico_aes_soc/src/picorv32.v:382$1117_Y, Q = \cpu.mem_addr).
Adding EN signal on $flatten\cpu.$procdff$5683 ($dff) from module picosoc (D = $flatten\cpu.$2\dbg_insn_rs2[4:0], Q = \cpu.q_insn_rs2).
Adding EN signal on $flatten\cpu.$procdff$5684 ($dff) from module picosoc (D = $flatten\cpu.$2\dbg_insn_rd[4:0], Q = \cpu.q_insn_rd).
Adding SRST signal on $flatten\cpu.$procdff$5686 ($dff) from module picosoc (D = $flatten\cpu.$procmux$4038_Y, Q = \cpu.dbg_valid_insn, rval = 1'0).
Adding EN signal on $auto$ff.cc:266:slice$6298 ($sdff) from module picosoc (D = 1'1, Q = \cpu.dbg_valid_insn).
Adding EN signal on $flatten\cpu.$procdff$5687 ($dff) from module picosoc (D = \cpu.new_ascii_instr, Q = \cpu.cached_ascii_instr).
Adding EN signal on $flatten\cpu.$procdff$5697 ($dff) from module picosoc (D = $flatten\cpu.$procmux$4269_Y, Q = \cpu.mem_wstrb).
Adding EN signal on $flatten\cpu.$procdff$5692 ($dff) from module picosoc (D = \cpu.decoded_rd, Q = \cpu.cached_insn_rd).
Adding EN signal on $flatten\cpu.$procdff$5693 ($dff) from module picosoc (D = $flatten\cpu.$procmux$4315_Y, Q = \cpu.mem_valid).
Adding EN signal on $flatten\cpu.$procdff$5694 ($dff) from module picosoc (D = $flatten\cpu.$procmux$4289_Y, Q = \cpu.mem_instr).
Adding SRST signal on $auto$ff.cc:266:slice$6316 ($dffe) from module picosoc (D = $flatten\cpu.$procmux$4287_Y, Q = \cpu.mem_instr, rval = 1'0).
Adding SRST signal on $flatten\spimemio.\xfer.$procdff$5741 ($dff) from module picosoc (D = $flatten\spimemio.\xfer.$procmux$4859_Y, Q = \spimemio.xfer.flash_csb, rval = 1'1).
Adding EN signal on $auto$ff.cc:266:slice$6324 ($sdff) from module picosoc (D = 1'0, Q = \spimemio.xfer.flash_csb).
Adding SRST signal on $flatten\spimemio.\xfer.$procdff$5742 ($dff) from module picosoc (D = $flatten\spimemio.\xfer.$procmux$4852_Y, Q = \spimemio.xfer.flash_clk, rval = 1'0).
Adding EN signal on $auto$ff.cc:266:slice$6326 ($sdff) from module picosoc (D = $flatten\spimemio.\xfer.$procmux$4852_Y, Q = \spimemio.xfer.flash_clk).
Adding SRST signal on $flatten\cpu.$procdff$5593 ($dff) from module picosoc (D = $flatten\cpu.$procmux$2616_Y, Q = \cpu.latched_trace, rval = 1'0).
Adding SRST signal on $flatten\spimemio.\xfer.$procdff$5743 ($dff) from module picosoc (D = $flatten\spimemio.\xfer.$procmux$4844_Y, Q = \spimemio.xfer.xfer_dspi, rval = 1'0).
Adding EN signal on $auto$ff.cc:266:slice$6335 ($sdff) from module picosoc (D = \spimemio.xfer.din_dspi, Q = \spimemio.xfer.xfer_dspi).
Adding SRST signal on $flatten\cpu.$procdff$5595 ($dff) from module picosoc (D = $flatten\cpu.$procmux$2588_Y, Q = \cpu.latched_is_lh, rval = 1'0).
Adding EN signal on $auto$ff.cc:266:slice$6337 ($sdff) from module picosoc (D = $flatten\cpu.$procmux$2588_Y, Q = \cpu.latched_is_lh).
Adding SRST signal on $flatten\spimemio.\xfer.$procdff$5744 ($dff) from module picosoc (D = $flatten\spimemio.\xfer.$procmux$4839_Y, Q = \spimemio.xfer.xfer_ddr, rval = 1'0).
Adding EN signal on $auto$ff.cc:266:slice$6347 ($sdff) from module picosoc (D = \spimemio.xfer.din_ddr, Q = \spimemio.xfer.xfer_ddr).
Adding EN signal on $flatten\spimemio.\xfer.$procdff$5745 ($dff) from module picosoc (D = $flatten\spimemio.\xfer.$procmux$4834_Y, Q = \spimemio.xfer.obuffer).
Adding EN signal on $flatten\spimemio.\xfer.$procdff$5746 ($dff) from module picosoc (D = \spimemio.xfer.next_ibuffer, Q = \spimemio.xfer.ibuffer).
Adding SRST signal on $flatten\spimemio.\xfer.$procdff$5747 ($dff) from module picosoc (D = $flatten\spimemio.\xfer.$procmux$4816_Y [3], Q = \spimemio.xfer.count [3], rval = 1'0).
Adding SRST signal on $flatten\spimemio.\xfer.$procdff$5747 ($dff) from module picosoc (D = $flatten\spimemio.\xfer.$procmux$4814_Y [2:0], Q = \spimemio.xfer.count [2:0], rval = 3'000).
Adding EN signal on $auto$ff.cc:266:slice$6372 ($sdff) from module picosoc (D = \spimemio.xfer.next_count [2:0], Q = \spimemio.xfer.count [2:0]).
Adding EN signal on $auto$ff.cc:266:slice$6371 ($sdff) from module picosoc (D = $flatten\spimemio.\xfer.$procmux$4816_Y [3], Q = \spimemio.xfer.count [3]).
Adding SRST signal on $flatten\spimemio.\xfer.$procdff$5748 ($dff) from module picosoc (D = $flatten\spimemio.\xfer.$procmux$4806_Y, Q = \spimemio.xfer.dummy_count, rval = 4'0000).
Adding EN signal on $auto$ff.cc:266:slice$6393 ($sdff) from module picosoc (D = $flatten\spimemio.\xfer.$procmux$4806_Y, Q = \spimemio.xfer.dummy_count).
Adding SRST signal on $flatten\spimemio.\xfer.$procdff$5749 ($dff) from module picosoc (D = $flatten\spimemio.\xfer.$procmux$4798_Y, Q = \spimemio.xfer.xfer_cont, rval = 1'0).
Adding EN signal on $auto$ff.cc:266:slice$6397 ($sdff) from module picosoc (D = \spimemio.xfer.din_cont, Q = \spimemio.xfer.xfer_cont).
Adding SRST signal on $flatten\spimemio.\xfer.$procdff$5750 ($dff) from module picosoc (D = $flatten\spimemio.\xfer.$procmux$4793_Y, Q = \spimemio.xfer.xfer_qspi, rval = 1'0).
Adding EN signal on $auto$ff.cc:266:slice$6399 ($sdff) from module picosoc (D = \spimemio.xfer.din_qspi, Q = \spimemio.xfer.xfer_qspi).
Adding SRST signal on $flatten\spimemio.\xfer.$procdff$5751 ($dff) from module picosoc (D = $flatten\spimemio.\xfer.$procmux$4788_Y, Q = \spimemio.xfer.xfer_rd, rval = 1'0).
Adding EN signal on $auto$ff.cc:266:slice$6401 ($sdff) from module picosoc (D = \spimemio.xfer.din_rd, Q = \spimemio.xfer.xfer_rd).
Adding SRST signal on $flatten\spimemio.\xfer.$procdff$5752 ($dff) from module picosoc (D = $flatten\spimemio.\xfer.$procmux$4783_Y, Q = \spimemio.xfer.xfer_tag, rval = 4'0000).
Adding EN signal on $auto$ff.cc:266:slice$6403 ($sdff) from module picosoc (D = \spimemio.xfer.din_tag, Q = \spimemio.xfer.xfer_tag).
Adding SRST signal on $flatten\spimemio.\xfer.$procdff$5753 ($dff) from module picosoc (D = \spimemio.xfer.next_fetch, Q = \spimemio.xfer.fetch, rval = 1'1).
Adding SRST signal on $flatten\spimemio.\xfer.$procdff$5754 ($dff) from module picosoc (D = $flatten\spimemio.\xfer.$extend$/Users/hello.welcometothisdevice/CAD-Project-AES128-DMA-/pico_aes_soc/src/spimemio.v:551$114_Y [0], Q = \spimemio.xfer.last_fetch, rval = 1'1).
Adding SRST signal on $flatten\spimemio.$procdff$5785 ($dff) from module picosoc (D = $flatten\spimemio.$procmux$5391_Y, Q = \spimemio.config_do, rval = 4'0000).
Adding SRST signal on $flatten\spimemio.$procdff$5784 ($dff) from module picosoc (D = $flatten\spimemio.$procmux$5396_Y, Q = \spimemio.config_clk, rval = 1'0).
Adding SRST signal on $flatten\spimemio.$procdff$5783 ($dff) from module picosoc (D = $flatten\spimemio.$procmux$5401_Y, Q = \spimemio.config_csb, rval = 1'0).
Adding SRST signal on $flatten\spimemio.$procdff$5782 ($dff) from module picosoc (D = $flatten\spimemio.$procmux$5406_Y, Q = \spimemio.config_oe, rval = 4'0000).
Adding SRST signal on $flatten\spimemio.$procdff$5781 ($dff) from module picosoc (D = $flatten\spimemio.$procmux$5411_Y, Q = \spimemio.config_dummy, rval = 4'1000).
Adding SRST signal on $flatten\spimemio.$procdff$5780 ($dff) from module picosoc (D = $flatten\spimemio.$procmux$5416_Y, Q = \spimemio.config_cont, rval = 1'0).
Adding SRST signal on $flatten\spimemio.$procdff$5779 ($dff) from module picosoc (D = $flatten\spimemio.$procmux$5421_Y, Q = \spimemio.config_qspi, rval = 1'0).
Adding SRST signal on $flatten\spimemio.$procdff$5778 ($dff) from module picosoc (D = $flatten\spimemio.$procmux$5426_Y, Q = \spimemio.config_ddr, rval = 1'0).
Adding SRST signal on $flatten\spimemio.$procdff$5777 ($dff) from module picosoc (D = $flatten\spimemio.$procmux$5431_Y, Q = \spimemio.config_en, rval = 1'1).
Adding SRST signal on $flatten\spimemio.$procdff$5776 ($dff) from module picosoc (D = $flatten\spimemio.$logic_or$/Users/hello.welcometothisdevice/CAD-Project-AES128-DMA-/pico_aes_soc/src/spimemio.v:100$38_Y, Q = \spimemio.softreset, rval = 1'1).
Adding SRST signal on $flatten\spimemio.$procdff$5771 ($dff) from module picosoc (D = $flatten\spimemio.$procmux$5203_Y, Q = \spimemio.state, rval = 4'0000).
Adding EN signal on $auto$ff.cc:266:slice$6419 ($sdff) from module picosoc (D = $flatten\spimemio.$procmux$5203_Y, Q = \spimemio.state).
Adding EN signal on $flatten\spimemio.$procdff$5770 ($dff) from module picosoc (D = $flatten\spimemio.$procmux$5220_Y, Q = \spimemio.rd_inc).
Adding SRST signal on $auto$ff.cc:266:slice$6451 ($dffe) from module picosoc (D = $flatten\spimemio.$procmux$5208_Y, Q = \spimemio.rd_inc, rval = 1'0).
Adding EN signal on $flatten\spimemio.$procdff$5769 ($dff) from module picosoc (D = $flatten\spimemio.$procmux$5227_Y, Q = \spimemio.rd_wait).
Adding SRST signal on $auto$ff.cc:266:slice$6461 ($dffe) from module picosoc (D = $flatten\spimemio.$procmux$5225_Y, Q = \spimemio.rd_wait, rval = 1'0).
Adding SRST signal on $flatten\spimemio.$procdff$5768 ($dff) from module picosoc (D = $flatten\spimemio.$procmux$5232_Y, Q = \spimemio.rd_valid, rval = 1'0).
Adding EN signal on $auto$ff.cc:266:slice$6469 ($sdff) from module picosoc (D = 1'1, Q = \spimemio.rd_valid).
Adding EN signal on $flatten\spimemio.$procdff$5767 ($dff) from module picosoc (D = $flatten\spimemio.$ternary$/Users/hello.welcometothisdevice/CAD-Project-AES128-DMA-/pico_aes_soc/src/spimemio.v:226$71_Y [23:0], Q = \spimemio.rd_addr).
Adding EN signal on $flatten\spimemio.$procdff$5766 ($dff) from module picosoc (D = \spimemio.dout_data, Q = \spimemio.buffer [7:0]).
Adding EN signal on $flatten\spimemio.$procdff$5766 ($dff) from module picosoc (D = \spimemio.dout_data, Q = \spimemio.buffer [15:8]).
Adding EN signal on $flatten\spimemio.$procdff$5766 ($dff) from module picosoc (D = \spimemio.dout_data, Q = \spimemio.buffer [23:16]).
Adding EN signal on $flatten\cpu.$procdff$5678 ($dff) from module picosoc (D = $flatten\cpu.$ternary$/Users/hello.welcometothisdevice/CAD-Project-AES128-DMA-/pico_aes_soc/src/picorv32.v:1213$1477_Y, Q = \cpu.dbg_insn_addr).
Adding SRST signal on $flatten\spimemio.$procdff$5765 ($dff) from module picosoc (D = $flatten\spimemio.$procmux$5291_Y, Q = \spimemio.din_rd, rval = 1'0).
Adding EN signal on $auto$ff.cc:266:slice$6494 ($sdff) from module picosoc (D = 1'1, Q = \spimemio.din_rd).
Adding SRST signal on $flatten\cpu.$procdff$5677 ($dff) from module picosoc (D = $flatten\cpu.$reduce_or$/Users/hello.welcometothisdevice/CAD-Project-AES128-DMA-/pico_aes_soc/src/picorv32.v:864$1209_Y, Q = \cpu.is_compare, rval = 1'0).
Adding SRST signal on $flatten\spimemio.$procdff$5764 ($dff) from module picosoc (D = $flatten\spimemio.$procmux$5312_Y, Q = \spimemio.din_ddr, rval = 1'0).
Adding SRST signal on $flatten\spimemio.$procdff$5763 ($dff) from module picosoc (D = $flatten\spimemio.$procmux$5331_Y, Q = \spimemio.din_qspi, rval = 1'0).
Adding EN signal on $flatten\cpu.$procdff$5680 ($dff) from module picosoc (D = $flatten\cpu.$2\dbg_insn_imm[31:0], Q = \cpu.q_insn_imm).
Adding EN signal on $flatten\spimemio.$procdff$5762 ($dff) from module picosoc (D = 1'0, Q = \spimemio.din_cont).
Adding EN signal on $flatten\cpu.$procdff$5679 ($dff) from module picosoc (D = $flatten\cpu.$2\dbg_ascii_instr[63:0], Q = \cpu.q_ascii_instr).
Adding SRST signal on $flatten\spimemio.$procdff$5761 ($dff) from module picosoc (D = $flatten\spimemio.$procmux$5341_Y, Q = \spimemio.din_tag, rval = 4'0000).
Adding EN signal on $auto$ff.cc:266:slice$6510 ($sdff) from module picosoc (D = $flatten\spimemio.$procmux$5341_Y, Q = \spimemio.din_tag).
Adding EN signal on $flatten\cpu.$procdff$5682 ($dff) from module picosoc (D = $flatten\cpu.$2\dbg_insn_rs1[4:0], Q = \cpu.q_insn_rs1).
Adding EN signal on $flatten\cpu.$procdff$5681 ($dff) from module picosoc (D = $flatten\cpu.$2\dbg_insn_opcode[31:0], Q = \cpu.q_insn_opcode).
Adding EN signal on $flatten\spimemio.$procdff$5760 ($dff) from module picosoc (D = $flatten\spimemio.$procmux$5360_Y, Q = \spimemio.din_data).
Adding SRST signal on $flatten\spimemio.$procdff$5759 ($dff) from module picosoc (D = $flatten\spimemio.$procmux$5248_Y, Q = \spimemio.din_valid, rval = 1'0).
Adding SRST signal on $flatten\spimemio.$procdff$5758 ($dff) from module picosoc (D = $flatten\spimemio.$procmux$5146_Y, Q = \spimemio.xfer_resetn, rval = 1'0).
Adding EN signal on $flatten\spimemio.$procdff$5757 ($dff) from module picosoc (D = { \spimemio.dout_data \spimemio.buffer }, Q = \spimemio.rdata).
Adding SRST signal on $flatten\cpu.$procdff$5615 ($dff) from module picosoc (D = $flatten\cpu.$procmux$3901_Y, Q = \cpu.instr_blt, rval = 1'0).
Adding EN signal on $auto$ff.cc:266:slice$6540 ($sdff) from module picosoc (D = $flatten\cpu.$logic_and$/Users/hello.welcometothisdevice/CAD-Project-AES128-DMA-/pico_aes_soc/src/picorv32.v:1042$1288_Y, Q = \cpu.instr_blt).
Adding EN signal on $flatten\cpu.$procdff$5662 ($dff) from module picosoc (D = $flatten\cpu.$procmux$3726_Y, Q = \cpu.decoded_imm_j [19:12]).
Adding EN signal on $flatten\cpu.$procdff$5662 ($dff) from module picosoc (D = 1'0, Q = \cpu.decoded_imm_j [0]).
Adding EN signal on $flatten\cpu.$procdff$5662 ($dff) from module picosoc (D = $flatten\cpu.$procmux$3521_Y, Q = \cpu.decoded_imm_j [11]).
Adding EN signal on $flatten\cpu.$procdff$5662 ($dff) from module picosoc (D = $flatten\cpu.$procmux$3517_Y, Q = \cpu.decoded_imm_j [4]).
Adding EN signal on $flatten\cpu.$procdff$5662 ($dff) from module picosoc (D = $flatten\cpu.$procmux$3513_Y, Q = \cpu.decoded_imm_j [31:20]).
Adding EN signal on $flatten\cpu.$procdff$5662 ($dff) from module picosoc (D = $flatten\cpu.$procmux$3509_Y, Q = \cpu.decoded_imm_j [9:8]).
Adding EN signal on $flatten\cpu.$procdff$5662 ($dff) from module picosoc (D = $flatten\cpu.$procmux$3505_Y, Q = \cpu.decoded_imm_j [5]).
Adding EN signal on $flatten\cpu.$procdff$5662 ($dff) from module picosoc (D = $flatten\cpu.$procmux$3501_Y, Q = \cpu.decoded_imm_j [3:1]).
Adding EN signal on $flatten\cpu.$procdff$5662 ($dff) from module picosoc (D = $flatten\cpu.$procmux$3497_Y, Q = \cpu.decoded_imm_j [6]).
Adding EN signal on $flatten\cpu.$procdff$5662 ($dff) from module picosoc (D = $flatten\cpu.$procmux$3493_Y, Q = \cpu.decoded_imm_j [7]).
Adding EN signal on $flatten\cpu.$procdff$5662 ($dff) from module picosoc (D = $flatten\cpu.$procmux$3489_Y, Q = \cpu.decoded_imm_j [10]).
Adding EN signal on $flatten\cpu.$procdff$5659 ($dff) from module picosoc (D = $flatten\cpu.$procmux$3572_Y, Q = \cpu.decoded_rs1 [3:0]).
Adding EN signal on $flatten\cpu.$procdff$5659 ($dff) from module picosoc (D = $flatten\cpu.$procmux$3485_Y, Q = \cpu.decoded_rs1 [4]).
Adding EN signal on $flatten\cpu.$procdff$5660 ($dff) from module picosoc (D = $flatten\cpu.$procmux$3722_Y, Q = \cpu.decoded_rs2).
Adding EN signal on $flatten\cpu.$procdff$5657 ($dff) from module picosoc (D = $flatten\cpu.$logic_and$/Users/hello.welcometothisdevice/CAD-Project-AES128-DMA-/pico_aes_soc/src/picorv32.v:1093$1430_Y, Q = \cpu.instr_timer).
Adding SRST signal on $flatten\cpu.$procdff$5699 ($dff) from module picosoc (D = $flatten\cpu.$procmux$4234_Y, Q = \cpu.mem_la_secondword, rval = 1'0).
Adding EN signal on $auto$ff.cc:266:slice$6557 ($sdff) from module picosoc (D = $flatten\cpu.$procmux$4230_Y, Q = \cpu.mem_la_secondword).
Adding EN signal on $flatten\cpu.$procdff$5698 ($dff) from module picosoc (D = $flatten\cpu.$procmux$4260_Y, Q = \cpu.mem_state).
Adding EN signal on $flatten\cpu.$procdff$5696 ($dff) from module picosoc (D = \cpu.mem_la_wdata, Q = \cpu.mem_wdata).
Adding EN signal on $flatten\cpu.$procdff$5653 ($dff) from module picosoc (D = 1'0, Q = \cpu.instr_setq).
Adding EN signal on $flatten\cpu.$procdff$5654 ($dff) from module picosoc (D = $flatten\cpu.$logic_and$/Users/hello.welcometothisdevice/CAD-Project-AES128-DMA-/pico_aes_soc/src/picorv32.v:871$1220_Y, Q = \cpu.instr_retirq).
Adding SRST signal on $flatten\cpu.$procdff$5651 ($dff) from module picosoc (D = $flatten\cpu.$procmux$3789_Y, Q = \cpu.instr_fence, rval = 1'0).
Adding EN signal on $auto$ff.cc:266:slice$6585 ($sdff) from module picosoc (D = $flatten\cpu.$logic_and$/Users/hello.welcometothisdevice/CAD-Project-AES128-DMA-/pico_aes_soc/src/picorv32.v:1088$1411_Y, Q = \cpu.instr_fence).
Adding EN signal on $flatten\cpu.$procdff$5648 ($dff) from module picosoc (D = $flatten\cpu.$logic_and$/Users/hello.welcometothisdevice/CAD-Project-AES128-DMA-/pico_aes_soc/src/picorv32.v:1083$1395_Y, Q = \cpu.instr_rdinstr).
Adding EN signal on $flatten\cpu.$procdff$5676 ($dff) from module picosoc (D = $flatten\cpu.$procmux$3595_Y, Q = \cpu.is_alu_reg_reg).
Adding EN signal on $flatten\cpu.$procdff$5619 ($dff) from module picosoc (D = $flatten\cpu.$logic_and$/Users/hello.welcometothisdevice/CAD-Project-AES128-DMA-/pico_aes_soc/src/picorv32.v:1047$1296_Y, Q = \cpu.instr_lb).
Adding SRST signal on $flatten\cpu.$procdff$5670 ($dff) from module picosoc (D = $flatten\cpu.$reduce_or$/Users/hello.welcometothisdevice/CAD-Project-AES128-DMA-/pico_aes_soc/src/picorv32.v:860$1205_Y, Q = \cpu.is_lui_auipc_jal_jalr_addi_add_sub, rval = 1'0).
Adding EN signal on $flatten\cpu.$procdff$5668 ($dff) from module picosoc (D = $flatten\cpu.$procmux$3656_Y, Q = \cpu.is_sb_sh_sw).
Adding EN signal on $flatten\cpu.$procdff$5667 ($dff) from module picosoc (D = $flatten\cpu.$logic_or$/Users/hello.welcometothisdevice/CAD-Project-AES128-DMA-/pico_aes_soc/src/picorv32.v:1101$1450_Y, Q = \cpu.is_jalr_addi_slti_sltiu_xori_ori_andi).
Adding SRST signal on $flatten\cpu.$procdff$5627 ($dff) from module picosoc (D = $flatten\cpu.$procmux$3869_Y, Q = \cpu.instr_addi, rval = 1'0).
Adding EN signal on $auto$ff.cc:266:slice$6593 ($sdff) from module picosoc (D = $flatten\cpu.$logic_and$/Users/hello.welcometothisdevice/CAD-Project-AES128-DMA-/pico_aes_soc/src/picorv32.v:1057$1312_Y, Q = \cpu.instr_addi).
Adding EN signal on $flatten\cpu.$procdff$5624 ($dff) from module picosoc (D = $flatten\cpu.$logic_and$/Users/hello.welcometothisdevice/CAD-Project-AES128-DMA-/pico_aes_soc/src/picorv32.v:1053$1306_Y, Q = \cpu.instr_sb).
Adding EN signal on $flatten\cpu.$procdff$5665 ($dff) from module picosoc (D = $flatten\cpu.$procmux$3676_Y, Q = \cpu.is_lb_lh_lw_lbu_lhu).
Adding EN signal on $flatten\cpu.$procdff$5691 ($dff) from module picosoc (D = \cpu.decoded_rs2, Q = \cpu.cached_insn_rs2).
Adding EN signal on $flatten\cpu.$procdff$5690 ($dff) from module picosoc (D = \cpu.decoded_rs1, Q = \cpu.cached_insn_rs1).
Adding EN signal on $flatten\cpu.$procdff$5689 ($dff) from module picosoc (D = $flatten\cpu.$procmux$4030_Y, Q = \cpu.cached_insn_opcode).
Adding SRST signal on $flatten\cpu.$procdff$5618 ($dff) from module picosoc (D = $flatten\cpu.$procmux$3889_Y, Q = \cpu.instr_bgeu, rval = 1'0).
Adding EN signal on $auto$ff.cc:266:slice$6600 ($sdff) from module picosoc (D = $flatten\cpu.$logic_and$/Users/hello.welcometothisdevice/CAD-Project-AES128-DMA-/pico_aes_soc/src/picorv32.v:1045$1294_Y, Q = \cpu.instr_bgeu).
Adding SRST signal on $flatten\cpu.$procdff$5617 ($dff) from module picosoc (D = $flatten\cpu.$procmux$3893_Y, Q = \cpu.instr_bltu, rval = 1'0).
Adding EN signal on $auto$ff.cc:266:slice$6602 ($sdff) from module picosoc (D = $flatten\cpu.$logic_and$/Users/hello.welcometothisdevice/CAD-Project-AES128-DMA-/pico_aes_soc/src/picorv32.v:1044$1292_Y, Q = \cpu.instr_bltu).
Adding EN signal on $flatten\cpu.$procdff$5633 ($dff) from module picosoc (D = $flatten\cpu.$logic_and$/Users/hello.welcometothisdevice/CAD-Project-AES128-DMA-/pico_aes_soc/src/picorv32.v:1064$1326_Y, Q = \cpu.instr_slli).
Adding EN signal on $flatten\cpu.$procdff$5702 ($dff) from module picosoc (D = $flatten\cpu.$ternary$/Users/hello.welcometothisdevice/CAD-Project-AES128-DMA-/pico_aes_soc/src/picorv32.v:386$1125_Y, Q = \cpu.next_insn_opcode).
Adding EN signal on $flatten\cpu.$procdff$5571 ($dff) from module picosoc (D = $flatten\cpu.$procmux$3078_Y, Q = \cpu.mem_wordsize).
Adding SRST signal on $flatten\cpu.$procdff$5568 ($dff) from module picosoc (D = $flatten\cpu.$procmux$3128_Y, Q = \cpu.irq_mask, rval = 32'11111111111111111111111111111111).
Adding EN signal on $auto$ff.cc:266:slice$6623 ($sdff) from module picosoc (D = $flatten\cpu.$or$/Users/hello.welcometothisdevice/CAD-Project-AES128-DMA-/pico_aes_soc/src/picorv32.v:1682$1617_Y, Q = \cpu.irq_mask).
Adding SRST signal on $flatten\cpu.$procdff$5700 ($dff) from module picosoc (D = $flatten\cpu.$procmux$4220_Y, Q = \cpu.prefetched_high_word, rval = 1'0).
Adding EN signal on $auto$ff.cc:266:slice$6627 ($sdff) from module picosoc (D = $flatten\cpu.$procmux$4211_Y, Q = \cpu.prefetched_high_word).
Adding SRST signal on $flatten\cpu.$procdff$5602 ($dff) from module picosoc (D = $flatten\cpu.$procmux$2293_Y, Q = \cpu.do_waitirq, rval = 1'0).
Adding SRST signal on $flatten\cpu.$procdff$5642 ($dff) from module picosoc (D = $flatten\cpu.$procmux$3815_Y, Q = \cpu.instr_srl, rval = 1'0).
Adding EN signal on $auto$ff.cc:266:slice$6646 ($sdff) from module picosoc (D = $flatten\cpu.$logic_and$/Users/hello.welcometothisdevice/CAD-Project-AES128-DMA-/pico_aes_soc/src/picorv32.v:1074$1362_Y, Q = \cpu.instr_srl).
Setting constant 0-bit at position 0 on $auto$ff.cc:266:slice$6543 ($dffe) from module picosoc.
Setting constant 1-bit at position 0 on $auto$ff.cc:266:slice$6266 ($sdffe) from module picosoc.
Setting constant 0-bit at position 0 on $auto$ff.cc:266:slice$6583 ($dffe) from module picosoc.
Setting constant 0-bit at position 0 on $auto$ff.cc:266:slice$6508 ($dffe) from module picosoc.
Setting constant 0-bit at position 0 on $auto$ff.cc:266:slice$6211 ($dffe) from module picosoc.
Setting constant 1-bit at position 0 on $flatten\cpu.$procdff$5557 ($dff) from module picosoc.
Setting constant 1-bit at position 1 on $flatten\cpu.$procdff$5557 ($dff) from module picosoc.
Setting constant 1-bit at position 2 on $flatten\cpu.$procdff$5557 ($dff) from module picosoc.
Setting constant 1-bit at position 3 on $flatten\cpu.$procdff$5557 ($dff) from module picosoc.
Setting constant 1-bit at position 4 on $flatten\cpu.$procdff$5557 ($dff) from module picosoc.
Setting constant 1-bit at position 5 on $flatten\cpu.$procdff$5557 ($dff) from module picosoc.
Setting constant 1-bit at position 6 on $flatten\cpu.$procdff$5557 ($dff) from module picosoc.
Setting constant 1-bit at position 7 on $flatten\cpu.$procdff$5557 ($dff) from module picosoc.
Setting constant 1-bit at position 8 on $flatten\cpu.$procdff$5557 ($dff) from module picosoc.
Setting constant 1-bit at position 9 on $flatten\cpu.$procdff$5557 ($dff) from module picosoc.
Setting constant 1-bit at position 10 on $flatten\cpu.$procdff$5557 ($dff) from module picosoc.
Setting constant 1-bit at position 11 on $flatten\cpu.$procdff$5557 ($dff) from module picosoc.
Setting constant 1-bit at position 12 on $flatten\cpu.$procdff$5557 ($dff) from module picosoc.
Setting constant 1-bit at position 13 on $flatten\cpu.$procdff$5557 ($dff) from module picosoc.
Setting constant 1-bit at position 14 on $flatten\cpu.$procdff$5557 ($dff) from module picosoc.
Setting constant 1-bit at position 15 on $flatten\cpu.$procdff$5557 ($dff) from module picosoc.
Setting constant 1-bit at position 16 on $flatten\cpu.$procdff$5557 ($dff) from module picosoc.
Setting constant 1-bit at position 17 on $flatten\cpu.$procdff$5557 ($dff) from module picosoc.
Setting constant 1-bit at position 18 on $flatten\cpu.$procdff$5557 ($dff) from module picosoc.
Setting constant 1-bit at position 19 on $flatten\cpu.$procdff$5557 ($dff) from module picosoc.
Setting constant 1-bit at position 20 on $flatten\cpu.$procdff$5557 ($dff) from module picosoc.
Setting constant 1-bit at position 21 on $flatten\cpu.$procdff$5557 ($dff) from module picosoc.
Setting constant 1-bit at position 22 on $flatten\cpu.$procdff$5557 ($dff) from module picosoc.
Setting constant 1-bit at position 23 on $flatten\cpu.$procdff$5557 ($dff) from module picosoc.
Setting constant 1-bit at position 24 on $flatten\cpu.$procdff$5557 ($dff) from module picosoc.
Setting constant 1-bit at position 25 on $flatten\cpu.$procdff$5557 ($dff) from module picosoc.
Setting constant 1-bit at position 26 on $flatten\cpu.$procdff$5557 ($dff) from module picosoc.
Setting constant 1-bit at position 27 on $flatten\cpu.$procdff$5557 ($dff) from module picosoc.
Setting constant 1-bit at position 28 on $flatten\cpu.$procdff$5557 ($dff) from module picosoc.
Setting constant 1-bit at position 29 on $flatten\cpu.$procdff$5557 ($dff) from module picosoc.
Setting constant 1-bit at position 30 on $flatten\cpu.$procdff$5557 ($dff) from module picosoc.
Setting constant 1-bit at position 31 on $flatten\cpu.$procdff$5557 ($dff) from module picosoc.
Setting constant 1-bit at position 32 on $flatten\cpu.$procdff$5557 ($dff) from module picosoc.
Setting constant 1-bit at position 33 on $flatten\cpu.$procdff$5557 ($dff) from module picosoc.
Setting constant 1-bit at position 34 on $flatten\cpu.$procdff$5557 ($dff) from module picosoc.
Setting constant 1-bit at position 35 on $flatten\cpu.$procdff$5557 ($dff) from module picosoc.
Setting constant 1-bit at position 0 on $flatten\cpu.$procdff$5598 ($dff) from module picosoc.
Setting constant 1-bit at position 1 on $flatten\cpu.$procdff$5598 ($dff) from module picosoc.
Setting constant 1-bit at position 2 on $flatten\cpu.$procdff$5598 ($dff) from module picosoc.
Setting constant 1-bit at position 3 on $flatten\cpu.$procdff$5598 ($dff) from module picosoc.
Setting constant 1-bit at position 4 on $flatten\cpu.$procdff$5598 ($dff) from module picosoc.
Setting constant 1-bit at position 5 on $flatten\cpu.$procdff$5598 ($dff) from module picosoc.
Setting constant 1-bit at position 6 on $flatten\cpu.$procdff$5598 ($dff) from module picosoc.
Setting constant 1-bit at position 7 on $flatten\cpu.$procdff$5598 ($dff) from module picosoc.
Setting constant 1-bit at position 8 on $flatten\cpu.$procdff$5598 ($dff) from module picosoc.
Setting constant 1-bit at position 9 on $flatten\cpu.$procdff$5598 ($dff) from module picosoc.
Setting constant 1-bit at position 10 on $flatten\cpu.$procdff$5598 ($dff) from module picosoc.
Setting constant 1-bit at position 11 on $flatten\cpu.$procdff$5598 ($dff) from module picosoc.
Setting constant 1-bit at position 12 on $flatten\cpu.$procdff$5598 ($dff) from module picosoc.
Setting constant 1-bit at position 13 on $flatten\cpu.$procdff$5598 ($dff) from module picosoc.
Setting constant 1-bit at position 14 on $flatten\cpu.$procdff$5598 ($dff) from module picosoc.
Setting constant 1-bit at position 15 on $flatten\cpu.$procdff$5598 ($dff) from module picosoc.
Setting constant 1-bit at position 16 on $flatten\cpu.$procdff$5598 ($dff) from module picosoc.
Setting constant 1-bit at position 17 on $flatten\cpu.$procdff$5598 ($dff) from module picosoc.
Setting constant 1-bit at position 18 on $flatten\cpu.$procdff$5598 ($dff) from module picosoc.
Setting constant 1-bit at position 19 on $flatten\cpu.$procdff$5598 ($dff) from module picosoc.
Setting constant 1-bit at position 20 on $flatten\cpu.$procdff$5598 ($dff) from module picosoc.
Setting constant 1-bit at position 21 on $flatten\cpu.$procdff$5598 ($dff) from module picosoc.
Setting constant 1-bit at position 22 on $flatten\cpu.$procdff$5598 ($dff) from module picosoc.
Setting constant 1-bit at position 23 on $flatten\cpu.$procdff$5598 ($dff) from module picosoc.
Setting constant 1-bit at position 24 on $flatten\cpu.$procdff$5598 ($dff) from module picosoc.
Setting constant 1-bit at position 25 on $flatten\cpu.$procdff$5598 ($dff) from module picosoc.
Setting constant 1-bit at position 26 on $flatten\cpu.$procdff$5598 ($dff) from module picosoc.
Setting constant 1-bit at position 27 on $flatten\cpu.$procdff$5598 ($dff) from module picosoc.
Setting constant 1-bit at position 28 on $flatten\cpu.$procdff$5598 ($dff) from module picosoc.
Setting constant 1-bit at position 29 on $flatten\cpu.$procdff$5598 ($dff) from module picosoc.
Setting constant 1-bit at position 30 on $flatten\cpu.$procdff$5598 ($dff) from module picosoc.
Setting constant 1-bit at position 31 on $flatten\cpu.$procdff$5598 ($dff) from module picosoc.

10.7. Executing OPT_CLEAN pass (remove unused cells and wires).
Finding unused cells or wires in module \picosoc..
Removed 473 unused cells and 3164 unused wires.
<suppressed ~527 debug messages>

10.8. Executing OPT_EXPR pass (perform const folding).
Optimizing module picosoc.
<suppressed ~33 debug messages>

10.9. Rerunning OPT passes. (Maybe there is more to do..)

10.10. Executing OPT_MUXTREE pass (detect dead branches in mux trees).
Running muxtree optimizer on module \picosoc..
  Creating internal representation of mux trees.
  Evaluating internal representation of mux trees.
      Replacing known input bits on port B of cell $flatten\cpu.$procmux$4578: { \cpu.genblk1.genblk1.pcpi_mul.pcpi_ready \cpu.genblk2.pcpi_div.pcpi_ready } -> 2'11
  Analyzing evaluation results.
Removed 0 multiplexer ports.
<suppressed ~187 debug messages>

10.11. Executing OPT_REDUCE pass (consolidate $*mux and $reduce_* inputs).
  Optimizing cells in module \picosoc.
    New ctrl vector for $pmux cell $flatten\cpu.$procmux$1803: { $flatten\cpu.$eq$/Users/hello.welcometothisdevice/CAD-Project-AES128-DMA-/pico_aes_soc/src/picorv32.v:1189$1468_Y $auto$opt_reduce.cc:134:opt_pmux$6649 $auto$opt_reduce.cc:134:opt_pmux$5820 }
    New ctrl vector for $pmux cell $flatten\cpu.$procmux$2311: $auto$opt_reduce.cc:134:opt_pmux$6651
    New ctrl vector for $pmux cell $flatten\cpu.$procmux$2328: { $flatten\cpu.$eq$/Users/hello.welcometothisdevice/CAD-Project-AES128-DMA-/pico_aes_soc/src/picorv32.v:1192$1471_Y $auto$opt_reduce.cc:134:opt_pmux$6653 }
    New ctrl vector for $pmux cell $flatten\cpu.$procmux$2758: { $flatten\cpu.$eq$/Users/hello.welcometothisdevice/CAD-Project-AES128-DMA-/pico_aes_soc/src/picorv32.v:1189$1468_Y $flatten\cpu.$eq$/Users/hello.welcometothisdevice/CAD-Project-AES128-DMA-/pico_aes_soc/src/picorv32.v:1190$1469_Y $flatten\cpu.$eq$/Users/hello.welcometothisdevice/CAD-Project-AES128-DMA-/pico_aes_soc/src/picorv32.v:1191$1470_Y $flatten\cpu.$eq$/Users/hello.welcometothisdevice/CAD-Project-AES128-DMA-/pico_aes_soc/src/picorv32.v:1192$1471_Y $flatten\cpu.$eq$/Users/hello.welcometothisdevice/CAD-Project-AES128-DMA-/pico_aes_soc/src/picorv32.v:1193$1472_Y $auto$opt_reduce.cc:134:opt_pmux$6655 }
    New ctrl vector for $pmux cell $flatten\cpu.$procmux$3346: $auto$opt_reduce.cc:134:opt_pmux$6657
    New ctrl vector for $pmux cell $flatten\cpu.$procmux$3651: $auto$opt_reduce.cc:134:opt_pmux$6659
    New ctrl vector for $pmux cell $flatten\cpu.$procmux$4363: { $flatten\cpu.$procmux$3480_CMP $auto$opt_reduce.cc:134:opt_pmux$6661 }
    New ctrl vector for $pmux cell $flatten\cpu.$procmux$4578: $auto$opt_reduce.cc:134:opt_pmux$6663
    New ctrl vector for $pmux cell $flatten\spimemio.$procmux$5146: $auto$opt_reduce.cc:134:opt_pmux$6665
    New ctrl vector for $pmux cell $flatten\spimemio.$procmux$5248: { $flatten\spimemio.$procmux$5184_CMP $auto$opt_reduce.cc:134:opt_pmux$6667 $flatten\spimemio.$procmux$5161_CMP }
  Optimizing cells in module \picosoc.
Performed a total of 10 changes.

10.12. Executing OPT_MERGE pass (detect identical cells).
Finding identical cells in module `\picosoc'.
<suppressed ~213 debug messages>
Removed a total of 71 cells.

10.13. Executing OPT_DFF pass (perform DFF optimizations).
Adding EN signal on $auto$ff.cc:266:slice$6025 ($sdffe) from module picosoc (D = $flatten\cpu.$procmux$3346_Y, Q = \cpu.pcpi_valid).
Adding SRST signal on $auto$ff.cc:266:slice$6022 ($sdff) from module picosoc (D = $flatten\cpu.$procmux$2307_Y, Q = \cpu.decoder_pseudo_trigger, rval = 1'0).
Adding SRST signal on $auto$ff.cc:266:slice$5962 ($dffe) from module picosoc (D = $flatten\cpu.\genblk1.genblk1.pcpi_mul.$procmux$4623_Y [0], Q = \cpu.genblk1.genblk1.pcpi_mul.rs2 [0], rval = 1'0).
Adding SRST signal on $auto$ff.cc:266:slice$5961 ($dffe) from module picosoc (D = \cpu.reg_op1 [31], Q = \cpu.genblk1.genblk1.pcpi_mul.rs1 [63], rval = 1'0).
Adding SRST signal on $auto$ff.cc:266:slice$5929 ($dffe) from module picosoc (D = $flatten\cpu.\genblk2.pcpi_div.$procmux$4727_Y [30:0], Q = \cpu.genblk2.pcpi_div.divisor [30:0], rval = 31'0000000000000000000000000000000).
Handling D = Q on $auto$ff.cc:266:slice$6417 ($sdff) from module picosoc (conecting SRST instead).
Handling D = Q on $auto$ff.cc:266:slice$6416 ($sdff) from module picosoc (conecting SRST instead).
Handling D = Q on $auto$ff.cc:266:slice$6415 ($sdff) from module picosoc (conecting SRST instead).
Handling D = Q on $auto$ff.cc:266:slice$6414 ($sdff) from module picosoc (conecting SRST instead).
Handling D = Q on $auto$ff.cc:266:slice$6413 ($sdff) from module picosoc (conecting SRST instead).
Handling D = Q on $auto$ff.cc:266:slice$6412 ($sdff) from module picosoc (conecting SRST instead).
Handling D = Q on $auto$ff.cc:266:slice$6411 ($sdff) from module picosoc (conecting SRST instead).
Handling D = Q on $auto$ff.cc:266:slice$6410 ($sdff) from module picosoc (conecting SRST instead).
Handling D = Q on $auto$ff.cc:266:slice$6409 ($sdff) from module picosoc (conecting SRST instead).
Adding EN signal on $auto$ff.cc:266:slice$6366 ($dffe) from module picosoc (D = $flatten\spimemio.\xfer.$2\next_ibuffer[7:0], Q = \spimemio.xfer.ibuffer).
Setting constant 0-bit at position 0 on $auto$ff.cc:266:slice$6409 ($dffe) from module picosoc.
Setting constant 0-bit at position 1 on $auto$ff.cc:266:slice$6409 ($dffe) from module picosoc.
Setting constant 0-bit at position 2 on $auto$ff.cc:266:slice$6409 ($dffe) from module picosoc.
Setting constant 0-bit at position 3 on $auto$ff.cc:266:slice$6409 ($dffe) from module picosoc.
Setting constant 0-bit at position 0 on $auto$ff.cc:266:slice$6410 ($dffe) from module picosoc.
Setting constant 0-bit at position 0 on $auto$ff.cc:266:slice$6411 ($dffe) from module picosoc.
Setting constant 0-bit at position 0 on $auto$ff.cc:266:slice$6412 ($dffe) from module picosoc.
Setting constant 0-bit at position 1 on $auto$ff.cc:266:slice$6412 ($dffe) from module picosoc.
Setting constant 0-bit at position 2 on $auto$ff.cc:266:slice$6412 ($dffe) from module picosoc.
Setting constant 0-bit at position 3 on $auto$ff.cc:266:slice$6412 ($dffe) from module picosoc.
Setting constant 0-bit at position 0 on $auto$ff.cc:266:slice$6413 ($dffe) from module picosoc.
Setting constant 0-bit at position 1 on $auto$ff.cc:266:slice$6413 ($dffe) from module picosoc.
Setting constant 0-bit at position 2 on $auto$ff.cc:266:slice$6413 ($dffe) from module picosoc.
Setting constant 1-bit at position 3 on $auto$ff.cc:266:slice$6413 ($dffe) from module picosoc.
Setting constant 0-bit at position 0 on $auto$ff.cc:266:slice$6414 ($dffe) from module picosoc.
Setting constant 0-bit at position 0 on $auto$ff.cc:266:slice$6415 ($dffe) from module picosoc.
Setting constant 0-bit at position 0 on $auto$ff.cc:266:slice$6416 ($dffe) from module picosoc.
Setting constant 1-bit at position 0 on $auto$ff.cc:266:slice$6417 ($dffe) from module picosoc.
Setting constant 0-bit at position 0 on $auto$ff.cc:266:slice$5966 ($sdffce) from module picosoc.
Setting constant 0-bit at position 1 on $auto$ff.cc:266:slice$5966 ($sdffce) from module picosoc.
Setting constant 0-bit at position 2 on $auto$ff.cc:266:slice$5966 ($sdffce) from module picosoc.
Setting constant 0-bit at position 3 on $auto$ff.cc:266:slice$5966 ($sdffce) from module picosoc.
Setting constant 0-bit at position 5 on $auto$ff.cc:266:slice$5966 ($sdffce) from module picosoc.
Setting constant 0-bit at position 6 on $auto$ff.cc:266:slice$5966 ($sdffce) from module picosoc.
Setting constant 0-bit at position 7 on $auto$ff.cc:266:slice$5966 ($sdffce) from module picosoc.
Setting constant 0-bit at position 9 on $auto$ff.cc:266:slice$5966 ($sdffce) from module picosoc.
Setting constant 0-bit at position 10 on $auto$ff.cc:266:slice$5966 ($sdffce) from module picosoc.
Setting constant 0-bit at position 11 on $auto$ff.cc:266:slice$5966 ($sdffce) from module picosoc.
Setting constant 0-bit at position 13 on $auto$ff.cc:266:slice$5966 ($sdffce) from module picosoc.
Setting constant 0-bit at position 14 on $auto$ff.cc:266:slice$5966 ($sdffce) from module picosoc.
Setting constant 0-bit at position 15 on $auto$ff.cc:266:slice$5966 ($sdffce) from module picosoc.
Setting constant 0-bit at position 17 on $auto$ff.cc:266:slice$5966 ($sdffce) from module picosoc.
Setting constant 0-bit at position 18 on $auto$ff.cc:266:slice$5966 ($sdffce) from module picosoc.
Setting constant 0-bit at position 19 on $auto$ff.cc:266:slice$5966 ($sdffce) from module picosoc.
Setting constant 0-bit at position 21 on $auto$ff.cc:266:slice$5966 ($sdffce) from module picosoc.
Setting constant 0-bit at position 22 on $auto$ff.cc:266:slice$5966 ($sdffce) from module picosoc.
Setting constant 0-bit at position 23 on $auto$ff.cc:266:slice$5966 ($sdffce) from module picosoc.
Setting constant 0-bit at position 25 on $auto$ff.cc:266:slice$5966 ($sdffce) from module picosoc.
Setting constant 0-bit at position 26 on $auto$ff.cc:266:slice$5966 ($sdffce) from module picosoc.
Setting constant 0-bit at position 27 on $auto$ff.cc:266:slice$5966 ($sdffce) from module picosoc.
Setting constant 0-bit at position 29 on $auto$ff.cc:266:slice$5966 ($sdffce) from module picosoc.
Setting constant 0-bit at position 30 on $auto$ff.cc:266:slice$5966 ($sdffce) from module picosoc.
Setting constant 0-bit at position 31 on $auto$ff.cc:266:slice$5966 ($sdffce) from module picosoc.
Setting constant 0-bit at position 33 on $auto$ff.cc:266:slice$5966 ($sdffce) from module picosoc.
Setting constant 0-bit at position 34 on $auto$ff.cc:266:slice$5966 ($sdffce) from module picosoc.
Setting constant 0-bit at position 35 on $auto$ff.cc:266:slice$5966 ($sdffce) from module picosoc.
Setting constant 0-bit at position 37 on $auto$ff.cc:266:slice$5966 ($sdffce) from module picosoc.
Setting constant 0-bit at position 38 on $auto$ff.cc:266:slice$5966 ($sdffce) from module picosoc.
Setting constant 0-bit at position 39 on $auto$ff.cc:266:slice$5966 ($sdffce) from module picosoc.
Setting constant 0-bit at position 41 on $auto$ff.cc:266:slice$5966 ($sdffce) from module picosoc.
Setting constant 0-bit at position 42 on $auto$ff.cc:266:slice$5966 ($sdffce) from module picosoc.
Setting constant 0-bit at position 43 on $auto$ff.cc:266:slice$5966 ($sdffce) from module picosoc.
Setting constant 0-bit at position 45 on $auto$ff.cc:266:slice$5966 ($sdffce) from module picosoc.
Setting constant 0-bit at position 46 on $auto$ff.cc:266:slice$5966 ($sdffce) from module picosoc.
Setting constant 0-bit at position 47 on $auto$ff.cc:266:slice$5966 ($sdffce) from module picosoc.
Setting constant 0-bit at position 49 on $auto$ff.cc:266:slice$5966 ($sdffce) from module picosoc.
Setting constant 0-bit at position 50 on $auto$ff.cc:266:slice$5966 ($sdffce) from module picosoc.
Setting constant 0-bit at position 51 on $auto$ff.cc:266:slice$5966 ($sdffce) from module picosoc.
Setting constant 0-bit at position 53 on $auto$ff.cc:266:slice$5966 ($sdffce) from module picosoc.
Setting constant 0-bit at position 54 on $auto$ff.cc:266:slice$5966 ($sdffce) from module picosoc.
Setting constant 0-bit at position 55 on $auto$ff.cc:266:slice$5966 ($sdffce) from module picosoc.
Setting constant 0-bit at position 57 on $auto$ff.cc:266:slice$5966 ($sdffce) from module picosoc.
Setting constant 0-bit at position 58 on $auto$ff.cc:266:slice$5966 ($sdffce) from module picosoc.
Setting constant 0-bit at position 59 on $auto$ff.cc:266:slice$5966 ($sdffce) from module picosoc.
Setting constant 0-bit at position 61 on $auto$ff.cc:266:slice$5966 ($sdffce) from module picosoc.
Setting constant 0-bit at position 62 on $auto$ff.cc:266:slice$5966 ($sdffce) from module picosoc.
Setting constant 0-bit at position 63 on $auto$ff.cc:266:slice$5966 ($sdffce) from module picosoc.

10.14. Executing OPT_CLEAN pass (remove unused cells and wires).
Finding unused cells or wires in module \picosoc..
Removed 3 unused cells and 77 unused wires.
<suppressed ~8 debug messages>

10.15. Executing OPT_EXPR pass (perform const folding).
Optimizing module picosoc.
<suppressed ~29 debug messages>

10.16. Rerunning OPT passes. (Maybe there is more to do..)

10.17. Executing OPT_MUXTREE pass (detect dead branches in mux trees).
Running muxtree optimizer on module \picosoc..
  Creating internal representation of mux trees.
  Evaluating internal representation of mux trees.
  Analyzing evaluation results.
    dead port 2/2 on $mux $flatten\cpu.$procmux$4578.
Removed 1 multiplexer ports.
<suppressed ~179 debug messages>

10.18. Executing OPT_REDUCE pass (consolidate $*mux and $reduce_* inputs).
  Optimizing cells in module \picosoc.
    New input vector for $reduce_and cell $auto$opt_dff.cc:220:make_patterns_logic$6694: { \spimemio.xfer_resetn $flatten\spimemio.\xfer.$procmux$4812_CMP $flatten\spimemio.\xfer.$eq$/Users/hello.welcometothisdevice/CAD-Project-AES128-DMA-/pico_aes_soc/src/spimemio.v:463$89_Y $auto$opt_dff.cc:194:make_patterns_logic$6691 $auto$opt_dff.cc:194:make_patterns_logic$6689 $auto$rtlil.cc:2493:Not$6368 $auto$opt_dff.cc:194:make_patterns_logic$6685 $auto$opt_dff.cc:194:make_patterns_logic$6687 }
  Optimizing cells in module \picosoc.
Performed a total of 1 changes.

10.19. Executing OPT_MERGE pass (detect identical cells).
Finding identical cells in module `\picosoc'.
Removed a total of 0 cells.

10.20. Executing OPT_DFF pass (perform DFF optimizations).
Adding SRST signal on $auto$ff.cc:266:slice$6506 ($sdff) from module picosoc (D = $flatten\spimemio.$procmux$5326_Y, Q = \spimemio.din_qspi, rval = 1'0).
Adding EN signal on $auto$ff.cc:266:slice$6696 ($sdff) from module picosoc (D = 1'0, Q = \spimemio.din_qspi).
Adding SRST signal on $auto$ff.cc:266:slice$6505 ($sdff) from module picosoc (D = $flatten\spimemio.$procmux$5307_Y, Q = \spimemio.din_ddr, rval = 1'0).
Adding EN signal on $auto$ff.cc:266:slice$6702 ($sdff) from module picosoc (D = 1'0, Q = \spimemio.din_ddr).
Setting constant 0-bit at position 0 on $auto$ff.cc:266:slice$6705 ($sdffe) from module picosoc.
Setting constant 0-bit at position 0 on $auto$ff.cc:266:slice$6699 ($sdffe) from module picosoc.

10.21. Executing OPT_CLEAN pass (remove unused cells and wires).
Finding unused cells or wires in module \picosoc..
Removed 15 unused cells and 33 unused wires.
<suppressed ~21 debug messages>

10.22. Executing OPT_EXPR pass (perform const folding).
Optimizing module picosoc.
<suppressed ~3 debug messages>

10.23. Rerunning OPT passes. (Maybe there is more to do..)

10.24. Executing OPT_MUXTREE pass (detect dead branches in mux trees).
Running muxtree optimizer on module \picosoc..
  Creating internal representation of mux trees.
  Evaluating internal representation of mux trees.
  Analyzing evaluation results.
Removed 0 multiplexer ports.
<suppressed ~177 debug messages>

10.25. Executing OPT_REDUCE pass (consolidate $*mux and $reduce_* inputs).
  Optimizing cells in module \picosoc.
Performed a total of 0 changes.

10.26. Executing OPT_MERGE pass (detect identical cells).
Finding identical cells in module `\picosoc'.
<suppressed ~6 debug messages>
Removed a total of 2 cells.

10.27. Executing OPT_DFF pass (perform DFF optimizations).
Setting constant 0-bit at position 0 on $auto$ff.cc:266:slice$6336 ($sdffe) from module picosoc.

10.28. Executing OPT_CLEAN pass (remove unused cells and wires).
Finding unused cells or wires in module \picosoc..
Removed 0 unused cells and 1 unused wires.
<suppressed ~1 debug messages>

10.29. Executing OPT_EXPR pass (perform const folding).
Optimizing module picosoc.
<suppressed ~30 debug messages>

10.30. Rerunning OPT passes. (Maybe there is more to do..)

10.31. Executing OPT_MUXTREE pass (detect dead branches in mux trees).
Running muxtree optimizer on module \picosoc..
  Creating internal representation of mux trees.
  Evaluating internal representation of mux trees.
  Analyzing evaluation results.
    dead port 1/2 on $mux $flatten\spimemio.\xfer.$procmux$4867.
    dead port 2/2 on $mux $flatten\spimemio.\xfer.$procmux$4867.
    dead port 1/2 on $mux $flatten\spimemio.\xfer.$procmux$4880.
    dead port 2/2 on $mux $flatten\spimemio.\xfer.$procmux$4880.
    dead port 1/2 on $mux $flatten\spimemio.\xfer.$procmux$4893.
    dead port 2/2 on $mux $flatten\spimemio.\xfer.$procmux$4893.
    dead port 1/2 on $mux $flatten\spimemio.\xfer.$procmux$4908.
    dead port 2/2 on $mux $flatten\spimemio.\xfer.$procmux$4908.
    dead port 1/2 on $mux $flatten\spimemio.\xfer.$procmux$4919.
    dead port 2/2 on $mux $flatten\spimemio.\xfer.$procmux$4919.
    dead port 1/2 on $mux $flatten\spimemio.\xfer.$procmux$4930.
    dead port 2/2 on $mux $flatten\spimemio.\xfer.$procmux$4930.
    dead port 1/4 on $pmux $flatten\spimemio.\xfer.$procmux$4976.
    dead port 2/4 on $pmux $flatten\spimemio.\xfer.$procmux$4976.
    dead port 4/4 on $pmux $flatten\spimemio.\xfer.$procmux$4976.
    dead port 1/4 on $pmux $flatten\spimemio.\xfer.$procmux$4986.
    dead port 2/4 on $pmux $flatten\spimemio.\xfer.$procmux$4986.
    dead port 4/4 on $pmux $flatten\spimemio.\xfer.$procmux$4986.
    dead port 1/4 on $pmux $flatten\spimemio.\xfer.$procmux$4996.
    dead port 2/4 on $pmux $flatten\spimemio.\xfer.$procmux$4996.
    dead port 4/4 on $pmux $flatten\spimemio.\xfer.$procmux$4996.
    dead port 1/4 on $pmux $flatten\spimemio.\xfer.$procmux$5006.
    dead port 2/4 on $pmux $flatten\spimemio.\xfer.$procmux$5006.
    dead port 4/4 on $pmux $flatten\spimemio.\xfer.$procmux$5006.
    dead port 1/3 on $pmux $flatten\spimemio.\xfer.$procmux$5016.
    dead port 3/3 on $pmux $flatten\spimemio.\xfer.$procmux$5016.
    dead port 1/3 on $pmux $flatten\spimemio.\xfer.$procmux$5026.
    dead port 3/3 on $pmux $flatten\spimemio.\xfer.$procmux$5026.
    dead port 1/3 on $pmux $flatten\spimemio.\xfer.$procmux$5052.
    dead port 3/3 on $pmux $flatten\spimemio.\xfer.$procmux$5052.
    dead port 1/3 on $pmux $flatten\spimemio.\xfer.$procmux$5078.
    dead port 3/3 on $pmux $flatten\spimemio.\xfer.$procmux$5078.
Removed 32 multiplexer ports.
<suppressed ~171 debug messages>

10.32. Executing OPT_REDUCE pass (consolidate $*mux and $reduce_* inputs).
  Optimizing cells in module \picosoc.
    New input vector for $reduce_and cell $auto$opt_dff.cc:220:make_patterns_logic$6694: { \spimemio.xfer_resetn $flatten\spimemio.\xfer.$procmux$4812_CMP $flatten\spimemio.\xfer.$eq$/Users/hello.welcometothisdevice/CAD-Project-AES128-DMA-/pico_aes_soc/src/spimemio.v:463$89_Y $auto$opt_dff.cc:194:make_patterns_logic$6689 $auto$rtlil.cc:2493:Not$6368 $auto$opt_dff.cc:194:make_patterns_logic$6687 }
    New input vector for $reduce_and cell $auto$opt_dff.cc:220:make_patterns_logic$6365: { \spimemio.xfer_resetn $auto$opt_dff.cc:194:make_patterns_logic$6362 $auto$opt_dff.cc:194:make_patterns_logic$6360 $auto$opt_dff.cc:194:make_patterns_logic$6358 $auto$opt_dff.cc:194:make_patterns_logic$6356 $auto$opt_dff.cc:194:make_patterns_logic$6354 $auto$opt_dff.cc:194:make_patterns_logic$6352 }
  Optimizing cells in module \picosoc.
Performed a total of 4 changes.

10.33. Executing OPT_MERGE pass (detect identical cells).
Finding identical cells in module `\picosoc'.
Removed a total of 0 cells.

10.34. Executing OPT_DFF pass (perform DFF optimizations).
Handling always-active SRST on $auto$ff.cc:266:slice$6406 ($sdff) from module picosoc (changing to const D).
Setting constant 1-bit at position 0 on $auto$ff.cc:266:slice$6406 ($dff) from module picosoc.
Setting constant 0-bit at position 0 on $flatten\spimemio.\xfer.$procdff$5755 ($dff) from module picosoc.

10.35. Executing OPT_CLEAN pass (remove unused cells and wires).
Finding unused cells or wires in module \picosoc..
Removed 6 unused cells and 47 unused wires.
<suppressed ~8 debug messages>

10.36. Executing OPT_EXPR pass (perform const folding).
Optimizing module picosoc.
<suppressed ~7 debug messages>

10.37. Rerunning OPT passes. (Maybe there is more to do..)

10.38. Executing OPT_MUXTREE pass (detect dead branches in mux trees).
Running muxtree optimizer on module \picosoc..
  Creating internal representation of mux trees.
  Evaluating internal representation of mux trees.
  Analyzing evaluation results.
Removed 0 multiplexer ports.
<suppressed ~168 debug messages>

10.39. Executing OPT_REDUCE pass (consolidate $*mux and $reduce_* inputs).
  Optimizing cells in module \picosoc.
    New input vector for $reduce_and cell $auto$opt_dff.cc:220:make_patterns_logic$6694: { \spimemio.xfer_resetn $flatten\spimemio.\xfer.$procmux$4812_CMP $flatten\spimemio.\xfer.$eq$/Users/hello.welcometothisdevice/CAD-Project-AES128-DMA-/pico_aes_soc/src/spimemio.v:463$89_Y $auto$opt_dff.cc:194:make_patterns_logic$6689 $auto$rtlil.cc:2493:Not$6368 }
    New input vector for $reduce_and cell $auto$opt_dff.cc:220:make_patterns_logic$6392: { $auto$opt_dff.cc:194:make_patterns_logic$6362 $auto$opt_dff.cc:194:make_patterns_logic$6360 $auto$opt_dff.cc:194:make_patterns_logic$6358 }
    New input vector for $reduce_and cell $auto$opt_dff.cc:220:make_patterns_logic$6365: { \spimemio.xfer_resetn $auto$opt_dff.cc:194:make_patterns_logic$6362 $auto$opt_dff.cc:194:make_patterns_logic$6360 $auto$opt_dff.cc:194:make_patterns_logic$6358 $auto$opt_dff.cc:194:make_patterns_logic$6354 }
  Optimizing cells in module \picosoc.
Performed a total of 3 changes.

10.40. Executing OPT_MERGE pass (detect identical cells).
Finding identical cells in module `\picosoc'.
Removed a total of 0 cells.

10.41. Executing OPT_DFF pass (perform DFF optimizations).

10.42. Executing OPT_CLEAN pass (remove unused cells and wires).
Finding unused cells or wires in module \picosoc..
Removed 0 unused cells and 6 unused wires.
<suppressed ~1 debug messages>

10.43. Executing OPT_EXPR pass (perform const folding).
Optimizing module picosoc.

10.44. Rerunning OPT passes. (Maybe there is more to do..)

10.45. Executing OPT_MUXTREE pass (detect dead branches in mux trees).
Running muxtree optimizer on module \picosoc..
  Creating internal representation of mux trees.
  Evaluating internal representation of mux trees.
  Analyzing evaluation results.
Removed 0 multiplexer ports.
<suppressed ~168 debug messages>

10.46. Executing OPT_REDUCE pass (consolidate $*mux and $reduce_* inputs).
  Optimizing cells in module \picosoc.
Performed a total of 0 changes.

10.47. Executing OPT_MERGE pass (detect identical cells).
Finding identical cells in module `\picosoc'.
Removed a total of 0 cells.

10.48. Executing OPT_DFF pass (perform DFF optimizations).

10.49. Executing OPT_CLEAN pass (remove unused cells and wires).
Finding unused cells or wires in module \picosoc..

10.50. Executing OPT_EXPR pass (perform const folding).
Optimizing module picosoc.

10.51. Finished OPT passes. (There is nothing left to do.)

11. Executing OPT pass (performing simple optimizations).

11.1. Executing OPT_EXPR pass (perform const folding).
Optimizing module picosoc.
<suppressed ~252 debug messages>

11.2. Executing OPT_MERGE pass (detect identical cells).
Finding identical cells in module `\picosoc'.
<suppressed ~3 debug messages>
Removed a total of 1 cells.

11.3. Executing OPT_MUXTREE pass (detect dead branches in mux trees).
Running muxtree optimizer on module \picosoc..
  Creating internal representation of mux trees.
  Evaluating internal representation of mux trees.
  Analyzing evaluation results.
Removed 0 multiplexer ports.
<suppressed ~122 debug messages>

11.4. Executing OPT_REDUCE pass (consolidate $*mux and $reduce_* inputs).
  Optimizing cells in module \picosoc.
    Consolidated identical input bits for $pmux cell $flatten\cpu.$procmux$2433:
      Old ports: A=\cpu.mem_rdata_word, B={ \cpu.mem_rdata_word [15] \cpu.mem_rdata_word [15] \cpu.mem_rdata_word [15] \cpu.mem_rdata_word [15] \cpu.mem_rdata_word [15] \cpu.mem_rdata_word [15] \cpu.mem_rdata_word [15] \cpu.mem_rdata_word [15] \cpu.mem_rdata_word [15] \cpu.mem_rdata_word [15] \cpu.mem_rdata_word [15] \cpu.mem_rdata_word [15] \cpu.mem_rdata_word [15] \cpu.mem_rdata_word [15] \cpu.mem_rdata_word [15] \cpu.mem_rdata_word [15] \cpu.mem_rdata_word [15:0] \cpu.mem_rdata_word [7] \cpu.mem_rdata_word [7] \cpu.mem_rdata_word [7] \cpu.mem_rdata_word [7] \cpu.mem_rdata_word [7] \cpu.mem_rdata_word [7] \cpu.mem_rdata_word [7] \cpu.mem_rdata_word [7] \cpu.mem_rdata_word [7] \cpu.mem_rdata_word [7] \cpu.mem_rdata_word [7] \cpu.mem_rdata_word [7] \cpu.mem_rdata_word [7] \cpu.mem_rdata_word [7] \cpu.mem_rdata_word [7] \cpu.mem_rdata_word [7] \cpu.mem_rdata_word [7] \cpu.mem_rdata_word [7] \cpu.mem_rdata_word [7] \cpu.mem_rdata_word [7] \cpu.mem_rdata_word [7] \cpu.mem_rdata_word [7] \cpu.mem_rdata_word [7] \cpu.mem_rdata_word [7] \cpu.mem_rdata_word [7:0] }, Y=$flatten\cpu.$procmux$2433_Y
      New ports: A=\cpu.mem_rdata_word [31:8], B={ \cpu.mem_rdata_word [15] \cpu.mem_rdata_word [15] \cpu.mem_rdata_word [15] \cpu.mem_rdata_word [15] \cpu.mem_rdata_word [15] \cpu.mem_rdata_word [15] \cpu.mem_rdata_word [15] \cpu.mem_rdata_word [15] \cpu.mem_rdata_word [15] \cpu.mem_rdata_word [15] \cpu.mem_rdata_word [15] \cpu.mem_rdata_word [15] \cpu.mem_rdata_word [15] \cpu.mem_rdata_word [15] \cpu.mem_rdata_word [15] \cpu.mem_rdata_word [15] \cpu.mem_rdata_word [15:7] \cpu.mem_rdata_word [7] \cpu.mem_rdata_word [7] \cpu.mem_rdata_word [7] \cpu.mem_rdata_word [7] \cpu.mem_rdata_word [7] \cpu.mem_rdata_word [7] \cpu.mem_rdata_word [7] \cpu.mem_rdata_word [7] \cpu.mem_rdata_word [7] \cpu.mem_rdata_word [7] \cpu.mem_rdata_word [7] \cpu.mem_rdata_word [7] \cpu.mem_rdata_word [7] \cpu.mem_rdata_word [7] \cpu.mem_rdata_word [7] \cpu.mem_rdata_word [7] \cpu.mem_rdata_word [7] \cpu.mem_rdata_word [7] \cpu.mem_rdata_word [7] \cpu.mem_rdata_word [7] \cpu.mem_rdata_word [7] \cpu.mem_rdata_word [7] \cpu.mem_rdata_word [7] }, Y=$flatten\cpu.$procmux$2433_Y [31:8]
      New connections: $flatten\cpu.$procmux$2433_Y [7:0] = \cpu.mem_rdata_word [7:0]
    New ctrl vector for $pmux cell $flatten\cpu.$procmux$2501: $flatten\cpu.$eq$/Users/hello.welcometothisdevice/CAD-Project-AES128-DMA-/pico_aes_soc/src/picorv32.v:1193$1472_Y
    Consolidated identical input bits for $mux cell $flatten\cpu.$procmux$2785:
      Old ports: A=8'10000000, B=8'01000000, Y=$flatten\cpu.$procmux$2785_Y
      New ports: A=2'10, B=2'01, Y=$flatten\cpu.$procmux$2785_Y [7:6]
      New connections: $flatten\cpu.$procmux$2785_Y [5:0] = 6'000000
    Consolidated identical input bits for $mux cell $flatten\cpu.$procmux$2795:
      Old ports: A=8'00001000, B=8'00000010, Y=$flatten\cpu.$procmux$2795_Y
      New ports: A=2'10, B=2'01, Y={ $flatten\cpu.$procmux$2795_Y [3] $flatten\cpu.$procmux$2795_Y [1] }
      New connections: { $flatten\cpu.$procmux$2795_Y [7:4] $flatten\cpu.$procmux$2795_Y [2] $flatten\cpu.$procmux$2795_Y [0] } = 6'000000
    New ctrl vector for $pmux cell $flatten\cpu.$procmux$3207: { $flatten\cpu.$eq$/Users/hello.welcometothisdevice/CAD-Project-AES128-DMA-/pico_aes_soc/src/picorv32.v:1193$1472_Y $auto$opt_reduce.cc:134:opt_pmux$6719 }
    New ctrl vector for $pmux cell $flatten\cpu.$procmux$3461: { $flatten\cpu.$procmux$3480_CMP $flatten\cpu.$procmux$3462_CMP }
    New ctrl vector for $pmux cell $flatten\cpu.$procmux$3463: { $flatten\cpu.$procmux$3460_CMP $flatten\cpu.$procmux$3478_CMP }
    Consolidated identical input bits for $mux cell $flatten\cpu.$procmux$3513:
      Old ports: A={ \cpu.mem_rdata_latched [31] \cpu.mem_rdata_latched [31] \cpu.mem_rdata_latched [31] \cpu.mem_rdata_latched [31] \cpu.mem_rdata_latched [31] \cpu.mem_rdata_latched [31] \cpu.mem_rdata_latched [31] \cpu.mem_rdata_latched [31] \cpu.mem_rdata_latched [31] \cpu.mem_rdata_latched [31] \cpu.mem_rdata_latched [31] \cpu.mem_rdata_latched [31] }, B={ \cpu.mem_rdata_latched [12] \cpu.mem_rdata_latched [12] \cpu.mem_rdata_latched [12] \cpu.mem_rdata_latched [12] \cpu.mem_rdata_latched [12] \cpu.mem_rdata_latched [12] \cpu.mem_rdata_latched [12] \cpu.mem_rdata_latched [12] \cpu.mem_rdata_latched [12] \cpu.mem_rdata_latched [12] \cpu.mem_rdata_latched [12] \cpu.mem_rdata_latched [12] }, Y=$flatten\cpu.$procmux$3513_Y
      New ports: A=\cpu.mem_rdata_latched [31], B=\cpu.mem_rdata_latched [12], Y=$flatten\cpu.$procmux$3513_Y [0]
      New connections: $flatten\cpu.$procmux$3513_Y [11:1] = { $flatten\cpu.$procmux$3513_Y [0] $flatten\cpu.$procmux$3513_Y [0] $flatten\cpu.$procmux$3513_Y [0] $flatten\cpu.$procmux$3513_Y [0] $flatten\cpu.$procmux$3513_Y [0] $flatten\cpu.$procmux$3513_Y [0] $flatten\cpu.$procmux$3513_Y [0] $flatten\cpu.$procmux$3513_Y [0] $flatten\cpu.$procmux$3513_Y [0] $flatten\cpu.$procmux$3513_Y [0] $flatten\cpu.$procmux$3513_Y [0] }
    Consolidated identical input bits for $mux cell $flatten\cpu.$procmux$3541:
      Old ports: A=4'0000, B=4'0010, Y=$flatten\cpu.$procmux$3541_Y
      New ports: A=1'0, B=1'1, Y=$flatten\cpu.$procmux$3541_Y [1]
      New connections: { $flatten\cpu.$procmux$3541_Y [3:2] $flatten\cpu.$procmux$3541_Y [0] } = 3'000
    Consolidated identical input bits for $mux cell $flatten\cpu.$procmux$3719:
      Old ports: A=5'00000, B=$flatten\cpu.$add$/Users/hello.welcometothisdevice/CAD-Project-AES128-DMA-/pico_aes_soc/src/picorv32.v:908$1242_Y [4:0], Y=$flatten\cpu.$procmux$3719_Y
      New ports: A=4'0000, B={ 1'1 \cpu.mem_rdata_latched [4:2] }, Y=$flatten\cpu.$procmux$3719_Y [3:0]
      New connections: $flatten\cpu.$procmux$3719_Y [4] = 1'0
    Consolidated identical input bits for $mux cell $flatten\cpu.$procmux$3726:
      Old ports: A=\cpu.mem_rdata_latched [19:12], B={ \cpu.mem_rdata_latched [12] \cpu.mem_rdata_latched [12] \cpu.mem_rdata_latched [12] \cpu.mem_rdata_latched [12] \cpu.mem_rdata_latched [12] \cpu.mem_rdata_latched [12] \cpu.mem_rdata_latched [12] \cpu.mem_rdata_latched [12] }, Y=$flatten\cpu.$procmux$3726_Y
      New ports: A=\cpu.mem_rdata_latched [19:13], B={ \cpu.mem_rdata_latched [12] \cpu.mem_rdata_latched [12] \cpu.mem_rdata_latched [12] \cpu.mem_rdata_latched [12] \cpu.mem_rdata_latched [12] \cpu.mem_rdata_latched [12] \cpu.mem_rdata_latched [12] }, Y=$flatten\cpu.$procmux$3726_Y [7:1]
      New connections: $flatten\cpu.$procmux$3726_Y [0] = \cpu.mem_rdata_latched [12]
    Consolidated identical input bits for $mux cell $flatten\cpu.$procmux$3751:
      Old ports: A=5'00000, B=$flatten\cpu.$add$/Users/hello.welcometothisdevice/CAD-Project-AES128-DMA-/pico_aes_soc/src/picorv32.v:912$1243_Y [4:0], Y=$flatten\cpu.$procmux$3751_Y
      New ports: A=4'0000, B={ 1'1 \cpu.mem_rdata_latched [9:7] }, Y=$flatten\cpu.$procmux$3751_Y [3:0]
      New connections: $flatten\cpu.$procmux$3751_Y [4] = 1'0
    Consolidated identical input bits for $mux cell $flatten\cpu.$procmux$3769:
      Old ports: A=5'00000, B=$flatten\cpu.$add$/Users/hello.welcometothisdevice/CAD-Project-AES128-DMA-/pico_aes_soc/src/picorv32.v:908$1242_Y [4:0], Y=$flatten\cpu.$procmux$3769_Y
      New ports: A=4'0000, B={ 1'1 \cpu.mem_rdata_latched [4:2] }, Y=$flatten\cpu.$procmux$3769_Y [3:0]
      New connections: $flatten\cpu.$procmux$3769_Y [4] = 1'0
    New ctrl vector for $pmux cell $flatten\cpu.$procmux$4241: { $flatten\cpu.$procmux$4204_CMP $auto$opt_reduce.cc:134:opt_pmux$6721 }
    Consolidated identical input bits for $mux cell $flatten\cpu.$procmux$4393:
      Old ports: A={ \cpu.mem_rdata_latched [12] \cpu.mem_rdata_latched [12] \cpu.mem_rdata_latched [12] \cpu.mem_rdata_latched [12] \cpu.mem_rdata_latched [12] }, B={ \cpu.mem_rdata_latched [6] 4'0000 }, Y=$flatten\cpu.$procmux$4393_Y
      New ports: A={ \cpu.mem_rdata_latched [12] \cpu.mem_rdata_latched [12] }, B={ \cpu.mem_rdata_latched [6] 1'0 }, Y={ $flatten\cpu.$procmux$4393_Y [4] $flatten\cpu.$procmux$4393_Y [0] }
      New connections: $flatten\cpu.$procmux$4393_Y [3:1] = { $flatten\cpu.$procmux$4393_Y [0] $flatten\cpu.$procmux$4393_Y [0] $flatten\cpu.$procmux$4393_Y [0] }
    Consolidated identical input bits for $mux cell $flatten\cpu.$procmux$4519:
      Old ports: A={ \cpu.mem_rdata_latched [12] \cpu.mem_rdata_latched [12] \cpu.mem_rdata_latched [12] \cpu.mem_rdata_latched [12] \cpu.mem_rdata_latched [12] \cpu.mem_rdata_latched [12] }, B={ \cpu.mem_rdata_latched [12] \cpu.mem_rdata_latched [12] \cpu.mem_rdata_latched [4:3] \cpu.mem_rdata_latched [5] \cpu.mem_rdata_latched [2] }, Y=$flatten\cpu.$procmux$4519_Y
      New ports: A={ \cpu.mem_rdata_latched [12] \cpu.mem_rdata_latched [12] \cpu.mem_rdata_latched [12] \cpu.mem_rdata_latched [12] }, B={ \cpu.mem_rdata_latched [4:3] \cpu.mem_rdata_latched [5] \cpu.mem_rdata_latched [2] }, Y=$flatten\cpu.$procmux$4519_Y [3:0]
      New connections: $flatten\cpu.$procmux$4519_Y [5:4] = { \cpu.mem_rdata_latched [12] \cpu.mem_rdata_latched [12] }
    Consolidated identical input bits for $pmux cell $flatten\cpu.$procmux$4535:
      Old ports: A={ 24'000000000000000000000000 \cpu.mem_rdata [7:0] }, B={ 24'000000000000000000000000 \cpu.mem_rdata [15:8] 24'000000000000000000000000 \cpu.mem_rdata [23:16] 24'000000000000000000000000 \cpu.mem_rdata [31:24] }, Y=$flatten\cpu.$3\mem_rdata_word[31:0]
      New ports: A=\cpu.mem_rdata [7:0], B={ \cpu.mem_rdata [15:8] \cpu.mem_rdata [23:16] \cpu.mem_rdata [31:24] }, Y=$flatten\cpu.$3\mem_rdata_word[31:0] [7:0]
      New connections: $flatten\cpu.$3\mem_rdata_word[31:0] [31:8] = 24'000000000000000000000000
    Consolidated identical input bits for $mux cell $flatten\cpu.$procmux$4544:
      Old ports: A={ 16'0000000000000000 \cpu.mem_rdata [15:0] }, B={ 16'0000000000000000 \cpu.mem_rdata [31:16] }, Y=$flatten\cpu.$2\mem_rdata_word[31:0]
      New ports: A=\cpu.mem_rdata [15:0], B=\cpu.mem_rdata [31:16], Y=$flatten\cpu.$2\mem_rdata_word[31:0] [15:0]
      New connections: $flatten\cpu.$2\mem_rdata_word[31:0] [31:16] = 16'0000000000000000
    Consolidated identical input bits for $pmux cell $flatten\cpu.$procmux$4560:
      Old ports: A=\cpu.reg_op2, B={ \cpu.reg_op2 [15:0] \cpu.reg_op2 [15:0] \cpu.reg_op2 [7:0] \cpu.reg_op2 [7:0] \cpu.reg_op2 [7:0] \cpu.reg_op2 [7:0] }, Y=\cpu.mem_la_wdata
      New ports: A=\cpu.reg_op2 [31:8], B={ \cpu.reg_op2 [15:0] \cpu.reg_op2 [15:0] \cpu.reg_op2 [7:0] \cpu.reg_op2 [7:0] }, Y=\cpu.mem_la_wdata [31:8]
      New connections: \cpu.mem_la_wdata [7:0] = \cpu.reg_op2 [7:0]
    Consolidated identical input bits for $mux cell $flatten\cpu.$ternary$/Users/hello.welcometothisdevice/CAD-Project-AES128-DMA-/pico_aes_soc/src/picorv32.v:1317$1508:
      Old ports: A=4, B=2, Y=$flatten\cpu.$ternary$/Users/hello.welcometothisdevice/CAD-Project-AES128-DMA-/pico_aes_soc/src/picorv32.v:1317$1508_Y
      New ports: A=2'10, B=2'01, Y=$flatten\cpu.$ternary$/Users/hello.welcometothisdevice/CAD-Project-AES128-DMA-/pico_aes_soc/src/picorv32.v:1317$1508_Y [2:1]
      New connections: { $flatten\cpu.$ternary$/Users/hello.welcometothisdevice/CAD-Project-AES128-DMA-/pico_aes_soc/src/picorv32.v:1317$1508_Y [31:3] $flatten\cpu.$ternary$/Users/hello.welcometothisdevice/CAD-Project-AES128-DMA-/pico_aes_soc/src/picorv32.v:1317$1508_Y [0] } = 30'000000000000000000000000000000
    Consolidated identical input bits for $mux cell $flatten\cpu.$ternary$/Users/hello.welcometothisdevice/CAD-Project-AES128-DMA-/pico_aes_soc/src/picorv32.v:1541$1584:
      Old ports: A=2'00, B=2'10, Y=$flatten\cpu.$ternary$/Users/hello.welcometothisdevice/CAD-Project-AES128-DMA-/pico_aes_soc/src/picorv32.v:1541$1584_Y
      New ports: A=1'0, B=1'1, Y=$flatten\cpu.$ternary$/Users/hello.welcometothisdevice/CAD-Project-AES128-DMA-/pico_aes_soc/src/picorv32.v:1541$1584_Y [1]
      New connections: $flatten\cpu.$ternary$/Users/hello.welcometothisdevice/CAD-Project-AES128-DMA-/pico_aes_soc/src/picorv32.v:1541$1584_Y [0] = 1'0
    Consolidated identical input bits for $mux cell $flatten\cpu.$ternary$/Users/hello.welcometothisdevice/CAD-Project-AES128-DMA-/pico_aes_soc/src/picorv32.v:1546$1586:
      Old ports: A=3, B=4, Y=$flatten\cpu.$ternary$/Users/hello.welcometothisdevice/CAD-Project-AES128-DMA-/pico_aes_soc/src/picorv32.v:1546$1586_Y
      New ports: A=2'01, B=2'10, Y={ $flatten\cpu.$ternary$/Users/hello.welcometothisdevice/CAD-Project-AES128-DMA-/pico_aes_soc/src/picorv32.v:1546$1586_Y [2] $flatten\cpu.$ternary$/Users/hello.welcometothisdevice/CAD-Project-AES128-DMA-/pico_aes_soc/src/picorv32.v:1546$1586_Y [0] }
      New connections: { $flatten\cpu.$ternary$/Users/hello.welcometothisdevice/CAD-Project-AES128-DMA-/pico_aes_soc/src/picorv32.v:1546$1586_Y [31:3] $flatten\cpu.$ternary$/Users/hello.welcometothisdevice/CAD-Project-AES128-DMA-/pico_aes_soc/src/picorv32.v:1546$1586_Y [1] } = { 29'00000000000000000000000000000 $flatten\cpu.$ternary$/Users/hello.welcometothisdevice/CAD-Project-AES128-DMA-/pico_aes_soc/src/picorv32.v:1546$1586_Y [0] }
    Consolidated identical input bits for $mux cell $flatten\cpu.$ternary$/Users/hello.welcometothisdevice/CAD-Project-AES128-DMA-/pico_aes_soc/src/picorv32.v:1552$1591:
      Old ports: A=4, B=2, Y=$flatten\cpu.$ternary$/Users/hello.welcometothisdevice/CAD-Project-AES128-DMA-/pico_aes_soc/src/picorv32.v:1552$1591_Y
      New ports: A=2'10, B=2'01, Y=$flatten\cpu.$ternary$/Users/hello.welcometothisdevice/CAD-Project-AES128-DMA-/pico_aes_soc/src/picorv32.v:1552$1591_Y [2:1]
      New connections: { $flatten\cpu.$ternary$/Users/hello.welcometothisdevice/CAD-Project-AES128-DMA-/pico_aes_soc/src/picorv32.v:1552$1591_Y [31:3] $flatten\cpu.$ternary$/Users/hello.welcometothisdevice/CAD-Project-AES128-DMA-/pico_aes_soc/src/picorv32.v:1552$1591_Y [0] } = 30'000000000000000000000000000000
    Consolidated identical input bits for $mux cell $flatten\cpu.$ternary$/Users/hello.welcometothisdevice/CAD-Project-AES128-DMA-/pico_aes_soc/src/picorv32.v:382$1117:
      Old ports: A={ \cpu.reg_op1 [31:2] 2'00 }, B={ $flatten\cpu.$add$/Users/hello.welcometothisdevice/CAD-Project-AES128-DMA-/pico_aes_soc/src/picorv32.v:382$1116_Y 2'00 }, Y=\cpu.mem_la_addr
      New ports: A=\cpu.reg_op1 [31:2], B=$flatten\cpu.$add$/Users/hello.welcometothisdevice/CAD-Project-AES128-DMA-/pico_aes_soc/src/picorv32.v:382$1116_Y, Y=\cpu.mem_la_addr [31:2]
      New connections: \cpu.mem_la_addr [1:0] = 2'00
    Consolidated identical input bits for $mux cell $flatten\cpu.$ternary$/Users/hello.welcometothisdevice/CAD-Project-AES128-DMA-/pico_aes_soc/src/picorv32.v:411$1132:
      Old ports: A=4'0011, B=4'1100, Y=$flatten\cpu.$ternary$/Users/hello.welcometothisdevice/CAD-Project-AES128-DMA-/pico_aes_soc/src/picorv32.v:411$1132_Y
      New ports: A=2'01, B=2'10, Y={ $flatten\cpu.$ternary$/Users/hello.welcometothisdevice/CAD-Project-AES128-DMA-/pico_aes_soc/src/picorv32.v:411$1132_Y [2] $flatten\cpu.$ternary$/Users/hello.welcometothisdevice/CAD-Project-AES128-DMA-/pico_aes_soc/src/picorv32.v:411$1132_Y [0] }
      New connections: { $flatten\cpu.$ternary$/Users/hello.welcometothisdevice/CAD-Project-AES128-DMA-/pico_aes_soc/src/picorv32.v:411$1132_Y [3] $flatten\cpu.$ternary$/Users/hello.welcometothisdevice/CAD-Project-AES128-DMA-/pico_aes_soc/src/picorv32.v:411$1132_Y [1] } = { $flatten\cpu.$ternary$/Users/hello.welcometothisdevice/CAD-Project-AES128-DMA-/pico_aes_soc/src/picorv32.v:411$1132_Y [2] $flatten\cpu.$ternary$/Users/hello.welcometothisdevice/CAD-Project-AES128-DMA-/pico_aes_soc/src/picorv32.v:411$1132_Y [0] }
    Consolidated identical input bits for $mux cell $flatten\cpu.$ternary$/Users/hello.welcometothisdevice/CAD-Project-AES128-DMA-/pico_aes_soc/src/picorv32.v:491$1148:
      Old ports: A=7'0000000, B=7'0100000, Y=$flatten\cpu.$ternary$/Users/hello.welcometothisdevice/CAD-Project-AES128-DMA-/pico_aes_soc/src/picorv32.v:491$1148_Y
      New ports: A=1'0, B=1'1, Y=$flatten\cpu.$ternary$/Users/hello.welcometothisdevice/CAD-Project-AES128-DMA-/pico_aes_soc/src/picorv32.v:491$1148_Y [5]
      New connections: { $flatten\cpu.$ternary$/Users/hello.welcometothisdevice/CAD-Project-AES128-DMA-/pico_aes_soc/src/picorv32.v:491$1148_Y [6] $flatten\cpu.$ternary$/Users/hello.welcometothisdevice/CAD-Project-AES128-DMA-/pico_aes_soc/src/picorv32.v:491$1148_Y [4:0] } = 6'000000
    Consolidated identical input bits for $mux cell $flatten\cpu.$ternary$/Users/hello.welcometothisdevice/CAD-Project-AES128-DMA-/pico_aes_soc/src/picorv32.v:617$1192:
      Old ports: A=3, B=0, Y=$flatten\cpu.$ternary$/Users/hello.welcometothisdevice/CAD-Project-AES128-DMA-/pico_aes_soc/src/picorv32.v:617$1192_Y
      New ports: A=1'1, B=1'0, Y=$flatten\cpu.$ternary$/Users/hello.welcometothisdevice/CAD-Project-AES128-DMA-/pico_aes_soc/src/picorv32.v:617$1192_Y [0]
      New connections: $flatten\cpu.$ternary$/Users/hello.welcometothisdevice/CAD-Project-AES128-DMA-/pico_aes_soc/src/picorv32.v:617$1192_Y [31:1] = { 30'000000000000000000000000000000 $flatten\cpu.$ternary$/Users/hello.welcometothisdevice/CAD-Project-AES128-DMA-/pico_aes_soc/src/picorv32.v:617$1192_Y [0] }
    Consolidated identical input bits for $mux cell $flatten\cpu.\genblk1.genblk1.pcpi_mul.$procmux$4623:
      Old ports: A={ 32'00000000000000000000000000000000 \cpu.reg_op2 }, B={ \cpu.reg_op2 [31] \cpu.reg_op2 [31] \cpu.reg_op2 [31] \cpu.reg_op2 [31] \cpu.reg_op2 [31] \cpu.reg_op2 [31] \cpu.reg_op2 [31] \cpu.reg_op2 [31] \cpu.reg_op2 [31] \cpu.reg_op2 [31] \cpu.reg_op2 [31] \cpu.reg_op2 [31] \cpu.reg_op2 [31] \cpu.reg_op2 [31] \cpu.reg_op2 [31] \cpu.reg_op2 [31] \cpu.reg_op2 [31] \cpu.reg_op2 [31] \cpu.reg_op2 [31] \cpu.reg_op2 [31] \cpu.reg_op2 [31] \cpu.reg_op2 [31] \cpu.reg_op2 [31] \cpu.reg_op2 [31] \cpu.reg_op2 [31] \cpu.reg_op2 [31] \cpu.reg_op2 [31] \cpu.reg_op2 [31] \cpu.reg_op2 [31] \cpu.reg_op2 [31] \cpu.reg_op2 [31] \cpu.reg_op2 [31] \cpu.reg_op2 }, Y=$flatten\cpu.\genblk1.genblk1.pcpi_mul.$procmux$4623_Y
      New ports: A=1'0, B=\cpu.reg_op2 [31], Y=$flatten\cpu.\genblk1.genblk1.pcpi_mul.$procmux$4623_Y [32]
      New connections: { $flatten\cpu.\genblk1.genblk1.pcpi_mul.$procmux$4623_Y [63:33] $flatten\cpu.\genblk1.genblk1.pcpi_mul.$procmux$4623_Y [31:0] } = { $flatten\cpu.\genblk1.genblk1.pcpi_mul.$procmux$4623_Y [32] $flatten\cpu.\genblk1.genblk1.pcpi_mul.$procmux$4623_Y [32] $flatten\cpu.\genblk1.genblk1.pcpi_mul.$procmux$4623_Y [32] $flatten\cpu.\genblk1.genblk1.pcpi_mul.$procmux$4623_Y [32] $flatten\cpu.\genblk1.genblk1.pcpi_mul.$procmux$4623_Y [32] $flatten\cpu.\genblk1.genblk1.pcpi_mul.$procmux$4623_Y [32] $flatten\cpu.\genblk1.genblk1.pcpi_mul.$procmux$4623_Y [32] $flatten\cpu.\genblk1.genblk1.pcpi_mul.$procmux$4623_Y [32] $flatten\cpu.\genblk1.genblk1.pcpi_mul.$procmux$4623_Y [32] $flatten\cpu.\genblk1.genblk1.pcpi_mul.$procmux$4623_Y [32] $flatten\cpu.\genblk1.genblk1.pcpi_mul.$procmux$4623_Y [32] $flatten\cpu.\genblk1.genblk1.pcpi_mul.$procmux$4623_Y [32] $flatten\cpu.\genblk1.genblk1.pcpi_mul.$procmux$4623_Y [32] $flatten\cpu.\genblk1.genblk1.pcpi_mul.$procmux$4623_Y [32] $flatten\cpu.\genblk1.genblk1.pcpi_mul.$procmux$4623_Y [32] $flatten\cpu.\genblk1.genblk1.pcpi_mul.$procmux$4623_Y [32] $flatten\cpu.\genblk1.genblk1.pcpi_mul.$procmux$4623_Y [32] $flatten\cpu.\genblk1.genblk1.pcpi_mul.$procmux$4623_Y [32] $flatten\cpu.\genblk1.genblk1.pcpi_mul.$procmux$4623_Y [32] $flatten\cpu.\genblk1.genblk1.pcpi_mul.$procmux$4623_Y [32] $flatten\cpu.\genblk1.genblk1.pcpi_mul.$procmux$4623_Y [32] $flatten\cpu.\genblk1.genblk1.pcpi_mul.$procmux$4623_Y [32] $flatten\cpu.\genblk1.genblk1.pcpi_mul.$procmux$4623_Y [32] $flatten\cpu.\genblk1.genblk1.pcpi_mul.$procmux$4623_Y [32] $flatten\cpu.\genblk1.genblk1.pcpi_mul.$procmux$4623_Y [32] $flatten\cpu.\genblk1.genblk1.pcpi_mul.$procmux$4623_Y [32] $flatten\cpu.\genblk1.genblk1.pcpi_mul.$procmux$4623_Y [32] $flatten\cpu.\genblk1.genblk1.pcpi_mul.$procmux$4623_Y [32] $flatten\cpu.\genblk1.genblk1.pcpi_mul.$procmux$4623_Y [32] $flatten\cpu.\genblk1.genblk1.pcpi_mul.$procmux$4623_Y [32] $flatten\cpu.\genblk1.genblk1.pcpi_mul.$procmux$4623_Y [32] \cpu.reg_op2 }
    Consolidated identical input bits for $mux cell $flatten\cpu.\genblk1.genblk1.pcpi_mul.$procmux$4632:
      Old ports: A={ 32'00000000000000000000000000000000 \cpu.reg_op1 }, B={ \cpu.reg_op1 [31] \cpu.reg_op1 [31] \cpu.reg_op1 [31] \cpu.reg_op1 [31] \cpu.reg_op1 [31] \cpu.reg_op1 [31] \cpu.reg_op1 [31] \cpu.reg_op1 [31] \cpu.reg_op1 [31] \cpu.reg_op1 [31] \cpu.reg_op1 [31] \cpu.reg_op1 [31] \cpu.reg_op1 [31] \cpu.reg_op1 [31] \cpu.reg_op1 [31] \cpu.reg_op1 [31] \cpu.reg_op1 [31] \cpu.reg_op1 [31] \cpu.reg_op1 [31] \cpu.reg_op1 [31] \cpu.reg_op1 [31] \cpu.reg_op1 [31] \cpu.reg_op1 [31] \cpu.reg_op1 [31] \cpu.reg_op1 [31] \cpu.reg_op1 [31] \cpu.reg_op1 [31] \cpu.reg_op1 [31] \cpu.reg_op1 [31] \cpu.reg_op1 [31] \cpu.reg_op1 [31] \cpu.reg_op1 [31] \cpu.reg_op1 }, Y=$flatten\cpu.\genblk1.genblk1.pcpi_mul.$procmux$4632_Y
      New ports: A=1'0, B=\cpu.reg_op1 [31], Y=$flatten\cpu.\genblk1.genblk1.pcpi_mul.$procmux$4632_Y [32]
      New connections: { $flatten\cpu.\genblk1.genblk1.pcpi_mul.$procmux$4632_Y [63:33] $flatten\cpu.\genblk1.genblk1.pcpi_mul.$procmux$4632_Y [31:0] } = { $flatten\cpu.\genblk1.genblk1.pcpi_mul.$procmux$4632_Y [32] $flatten\cpu.\genblk1.genblk1.pcpi_mul.$procmux$4632_Y [32] $flatten\cpu.\genblk1.genblk1.pcpi_mul.$procmux$4632_Y [32] $flatten\cpu.\genblk1.genblk1.pcpi_mul.$procmux$4632_Y [32] $flatten\cpu.\genblk1.genblk1.pcpi_mul.$procmux$4632_Y [32] $flatten\cpu.\genblk1.genblk1.pcpi_mul.$procmux$4632_Y [32] $flatten\cpu.\genblk1.genblk1.pcpi_mul.$procmux$4632_Y [32] $flatten\cpu.\genblk1.genblk1.pcpi_mul.$procmux$4632_Y [32] $flatten\cpu.\genblk1.genblk1.pcpi_mul.$procmux$4632_Y [32] $flatten\cpu.\genblk1.genblk1.pcpi_mul.$procmux$4632_Y [32] $flatten\cpu.\genblk1.genblk1.pcpi_mul.$procmux$4632_Y [32] $flatten\cpu.\genblk1.genblk1.pcpi_mul.$procmux$4632_Y [32] $flatten\cpu.\genblk1.genblk1.pcpi_mul.$procmux$4632_Y [32] $flatten\cpu.\genblk1.genblk1.pcpi_mul.$procmux$4632_Y [32] $flatten\cpu.\genblk1.genblk1.pcpi_mul.$procmux$4632_Y [32] $flatten\cpu.\genblk1.genblk1.pcpi_mul.$procmux$4632_Y [32] $flatten\cpu.\genblk1.genblk1.pcpi_mul.$procmux$4632_Y [32] $flatten\cpu.\genblk1.genblk1.pcpi_mul.$procmux$4632_Y [32] $flatten\cpu.\genblk1.genblk1.pcpi_mul.$procmux$4632_Y [32] $flatten\cpu.\genblk1.genblk1.pcpi_mul.$procmux$4632_Y [32] $flatten\cpu.\genblk1.genblk1.pcpi_mul.$procmux$4632_Y [32] $flatten\cpu.\genblk1.genblk1.pcpi_mul.$procmux$4632_Y [32] $flatten\cpu.\genblk1.genblk1.pcpi_mul.$procmux$4632_Y [32] $flatten\cpu.\genblk1.genblk1.pcpi_mul.$procmux$4632_Y [32] $flatten\cpu.\genblk1.genblk1.pcpi_mul.$procmux$4632_Y [32] $flatten\cpu.\genblk1.genblk1.pcpi_mul.$procmux$4632_Y [32] $flatten\cpu.\genblk1.genblk1.pcpi_mul.$procmux$4632_Y [32] $flatten\cpu.\genblk1.genblk1.pcpi_mul.$procmux$4632_Y [32] $flatten\cpu.\genblk1.genblk1.pcpi_mul.$procmux$4632_Y [32] $flatten\cpu.\genblk1.genblk1.pcpi_mul.$procmux$4632_Y [32] $flatten\cpu.\genblk1.genblk1.pcpi_mul.$procmux$4632_Y [32] \cpu.reg_op1 }
    Consolidated identical input bits for $mux cell $flatten\cpu.\genblk1.genblk1.pcpi_mul.$ternary$/Users/hello.welcometothisdevice/CAD-Project-AES128-DMA-/pico_aes_soc/src/picorv32.v:2291$930:
      Old ports: A=30, B=62, Y=$flatten\cpu.\genblk1.genblk1.pcpi_mul.$ternary$/Users/hello.welcometothisdevice/CAD-Project-AES128-DMA-/pico_aes_soc/src/picorv32.v:2291$930_Y
      New ports: A=1'0, B=1'1, Y=$flatten\cpu.\genblk1.genblk1.pcpi_mul.$ternary$/Users/hello.welcometothisdevice/CAD-Project-AES128-DMA-/pico_aes_soc/src/picorv32.v:2291$930_Y [5]
      New connections: { $flatten\cpu.\genblk1.genblk1.pcpi_mul.$ternary$/Users/hello.welcometothisdevice/CAD-Project-AES128-DMA-/pico_aes_soc/src/picorv32.v:2291$930_Y [31:6] $flatten\cpu.\genblk1.genblk1.pcpi_mul.$ternary$/Users/hello.welcometothisdevice/CAD-Project-AES128-DMA-/pico_aes_soc/src/picorv32.v:2291$930_Y [4:0] } = 31'0000000000000000000000000011110
    New ctrl vector for $pmux cell $flatten\spimemio.$procmux$5160: { $flatten\spimemio.$procmux$5150_CMP $flatten\spimemio.$procmux$5193_CMP $flatten\spimemio.$procmux$5147_CMP $flatten\spimemio.$procmux$5187_CMP $flatten\spimemio.$procmux$5184_CMP $flatten\spimemio.$procmux$5179_CMP $flatten\spimemio.$procmux$5176_CMP $flatten\spimemio.$procmux$5170_CMP $flatten\spimemio.$procmux$5167_CMP $flatten\spimemio.$procmux$5164_CMP $auto$opt_reduce.cc:134:opt_pmux$6723 }
    Consolidated identical input bits for $pmux cell $flatten\spimemio.$procmux$5341:
      Old ports: A=4'0000, B=20'00000001001000110100, Y=$flatten\spimemio.$procmux$5341_Y
      New ports: A=3'000, B=15'000001010011100, Y=$flatten\spimemio.$procmux$5341_Y [2:0]
      New connections: $flatten\spimemio.$procmux$5341_Y [3] = 1'0
    New ctrl vector for $pmux cell $flatten\spimemio.$procmux$5341: { $flatten\spimemio.$procmux$5170_CMP $flatten\spimemio.$procmux$5167_CMP $flatten\spimemio.$procmux$5164_CMP $flatten\spimemio.$procmux$5161_CMP }
    Consolidated identical input bits for $mux cell $flatten\spimemio.$procmux$5362:
      Old ports: A=8'11111111, B=8'00001000, Y=$flatten\spimemio.$procmux$5362_Y
      New ports: A=1'1, B=1'0, Y=$flatten\spimemio.$procmux$5362_Y [0]
      New connections: $flatten\spimemio.$procmux$5362_Y [7:1] = { $flatten\spimemio.$procmux$5362_Y [0] $flatten\spimemio.$procmux$5362_Y [0] $flatten\spimemio.$procmux$5362_Y [0] $flatten\spimemio.$procmux$5362_Y [0] 1'1 $flatten\spimemio.$procmux$5362_Y [0] $flatten\spimemio.$procmux$5362_Y [0] }
    Consolidated identical input bits for $mux cell $flatten\spimemio.\xfer.$ternary$/Users/hello.welcometothisdevice/CAD-Project-AES128-DMA-/pico_aes_soc/src/spimemio.v:567$127:
      Old ports: A=0, B={ 24'000000000000000000000000 \spimemio.din_data }, Y=$flatten\spimemio.\xfer.$ternary$/Users/hello.welcometothisdevice/CAD-Project-AES128-DMA-/pico_aes_soc/src/spimemio.v:567$127_Y
      New ports: A=8'00000000, B=\spimemio.din_data, Y=$flatten\spimemio.\xfer.$ternary$/Users/hello.welcometothisdevice/CAD-Project-AES128-DMA-/pico_aes_soc/src/spimemio.v:567$127_Y [7:0]
      New connections: $flatten\spimemio.\xfer.$ternary$/Users/hello.welcometothisdevice/CAD-Project-AES128-DMA-/pico_aes_soc/src/spimemio.v:567$127_Y [31:8] = 24'000000000000000000000000
    Consolidated identical input bits for $mux cell $flatten\uart.$procmux$5466:
      Old ports: A=10'1xxxxxxxxx, B={ 2'11 \uart.send_pattern [8:1] }, Y=$flatten\uart.$procmux$5466_Y
      New ports: A=9'x, B={ 1'1 \uart.send_pattern [8:1] }, Y=$flatten\uart.$procmux$5466_Y [8:0]
      New connections: $flatten\uart.$procmux$5466_Y [9] = 1'1
    Consolidated identical input bits for $mux cell $flatten\uart.$ternary$/Users/hello.welcometothisdevice/CAD-Project-AES128-DMA-/pico_aes_soc/src/simpleuart.v:53$4:
      Old ports: A=32'11111111111111111111111111111111, B={ 24'000000000000000000000000 \uart.recv_buf_data }, Y=\uart_dat_do
      New ports: A=9'111111111, B={ 1'0 \uart.recv_buf_data }, Y=\uart_dat_do [8:0]
      New connections: \uart_dat_do [31:9] = { \uart_dat_do [8] \uart_dat_do [8] \uart_dat_do [8] \uart_dat_do [8] \uart_dat_do [8] \uart_dat_do [8] \uart_dat_do [8] \uart_dat_do [8] \uart_dat_do [8] \uart_dat_do [8] \uart_dat_do [8] \uart_dat_do [8] \uart_dat_do [8] \uart_dat_do [8] \uart_dat_do [8] \uart_dat_do [8] \uart_dat_do [8] \uart_dat_do [8] \uart_dat_do [8] \uart_dat_do [8] \uart_dat_do [8] \uart_dat_do [8] \uart_dat_do [8] }
  Optimizing cells in module \picosoc.
    Consolidated identical input bits for $mux cell $flatten\cpu.$procmux$3753:
      Old ports: A=$flatten\cpu.$procmux$3751_Y, B=$flatten\cpu.$add$/Users/hello.welcometothisdevice/CAD-Project-AES128-DMA-/pico_aes_soc/src/picorv32.v:912$1243_Y [4:0], Y=$flatten\cpu.$procmux$3753_Y
      New ports: A=$flatten\cpu.$procmux$3751_Y [3:0], B={ 1'1 \cpu.mem_rdata_latched [9:7] }, Y=$flatten\cpu.$procmux$3753_Y [3:0]
      New connections: $flatten\cpu.$procmux$3753_Y [4] = 1'0
    Consolidated identical input bits for $mux cell $flatten\uart.$procmux$5469:
      Old ports: A=$flatten\uart.$procmux$5466_Y, B={ 1'1 \cpu.mem_wdata [7:0] 1'0 }, Y=$flatten\uart.$procmux$5469_Y
      New ports: A=$flatten\uart.$procmux$5466_Y [8:0], B={ \cpu.mem_wdata [7:0] 1'0 }, Y=$flatten\uart.$procmux$5469_Y [8:0]
      New connections: $flatten\uart.$procmux$5469_Y [9] = 1'1
    Consolidated identical input bits for $mux cell $ternary$/Users/hello.welcometothisdevice/CAD-Project-AES128-DMA-/pico_aes_soc/src/picosoc_aes.v:174$152:
      Old ports: A=0, B=\uart_dat_do, Y=$ternary$/Users/hello.welcometothisdevice/CAD-Project-AES128-DMA-/pico_aes_soc/src/picosoc_aes.v:174$152_Y
      New ports: A=9'000000000, B=\uart_dat_do [8:0], Y=$ternary$/Users/hello.welcometothisdevice/CAD-Project-AES128-DMA-/pico_aes_soc/src/picosoc_aes.v:174$152_Y [8:0]
      New connections: $ternary$/Users/hello.welcometothisdevice/CAD-Project-AES128-DMA-/pico_aes_soc/src/picosoc_aes.v:174$152_Y [31:9] = { $ternary$/Users/hello.welcometothisdevice/CAD-Project-AES128-DMA-/pico_aes_soc/src/picosoc_aes.v:174$152_Y [8] $ternary$/Users/hello.welcometothisdevice/CAD-Project-AES128-DMA-/pico_aes_soc/src/picosoc_aes.v:174$152_Y [8] $ternary$/Users/hello.welcometothisdevice/CAD-Project-AES128-DMA-/pico_aes_soc/src/picosoc_aes.v:174$152_Y [8] $ternary$/Users/hello.welcometothisdevice/CAD-Project-AES128-DMA-/pico_aes_soc/src/picosoc_aes.v:174$152_Y [8] $ternary$/Users/hello.welcometothisdevice/CAD-Project-AES128-DMA-/pico_aes_soc/src/picosoc_aes.v:174$152_Y [8] $ternary$/Users/hello.welcometothisdevice/CAD-Project-AES128-DMA-/pico_aes_soc/src/picosoc_aes.v:174$152_Y [8] $ternary$/Users/hello.welcometothisdevice/CAD-Project-AES128-DMA-/pico_aes_soc/src/picosoc_aes.v:174$152_Y [8] $ternary$/Users/hello.welcometothisdevice/CAD-Project-AES128-DMA-/pico_aes_soc/src/picosoc_aes.v:174$152_Y [8] $ternary$/Users/hello.welcometothisdevice/CAD-Project-AES128-DMA-/pico_aes_soc/src/picosoc_aes.v:174$152_Y [8] $ternary$/Users/hello.welcometothisdevice/CAD-Project-AES128-DMA-/pico_aes_soc/src/picosoc_aes.v:174$152_Y [8] $ternary$/Users/hello.welcometothisdevice/CAD-Project-AES128-DMA-/pico_aes_soc/src/picosoc_aes.v:174$152_Y [8] $ternary$/Users/hello.welcometothisdevice/CAD-Project-AES128-DMA-/pico_aes_soc/src/picosoc_aes.v:174$152_Y [8] $ternary$/Users/hello.welcometothisdevice/CAD-Project-AES128-DMA-/pico_aes_soc/src/picosoc_aes.v:174$152_Y [8] $ternary$/Users/hello.welcometothisdevice/CAD-Project-AES128-DMA-/pico_aes_soc/src/picosoc_aes.v:174$152_Y [8] $ternary$/Users/hello.welcometothisdevice/CAD-Project-AES128-DMA-/pico_aes_soc/src/picosoc_aes.v:174$152_Y [8] $ternary$/Users/hello.welcometothisdevice/CAD-Project-AES128-DMA-/pico_aes_soc/src/picosoc_aes.v:174$152_Y [8] $ternary$/Users/hello.welcometothisdevice/CAD-Project-AES128-DMA-/pico_aes_soc/src/picosoc_aes.v:174$152_Y [8] $ternary$/Users/hello.welcometothisdevice/CAD-Project-AES128-DMA-/pico_aes_soc/src/picosoc_aes.v:174$152_Y [8] $ternary$/Users/hello.welcometothisdevice/CAD-Project-AES128-DMA-/pico_aes_soc/src/picosoc_aes.v:174$152_Y [8] $ternary$/Users/hello.welcometothisdevice/CAD-Project-AES128-DMA-/pico_aes_soc/src/picosoc_aes.v:174$152_Y [8] $ternary$/Users/hello.welcometothisdevice/CAD-Project-AES128-DMA-/pico_aes_soc/src/picosoc_aes.v:174$152_Y [8] $ternary$/Users/hello.welcometothisdevice/CAD-Project-AES128-DMA-/pico_aes_soc/src/picosoc_aes.v:174$152_Y [8] $ternary$/Users/hello.welcometothisdevice/CAD-Project-AES128-DMA-/pico_aes_soc/src/picosoc_aes.v:174$152_Y [8] }
  Optimizing cells in module \picosoc.
    Consolidated identical input bits for $mux cell $flatten\cpu.$procmux$3755:
      Old ports: A=$flatten\cpu.$procmux$3753_Y, B=$flatten\cpu.$add$/Users/hello.welcometothisdevice/CAD-Project-AES128-DMA-/pico_aes_soc/src/picorv32.v:912$1243_Y [4:0], Y=$flatten\cpu.$procmux$3755_Y
      New ports: A=$flatten\cpu.$procmux$3753_Y [3:0], B={ 1'1 \cpu.mem_rdata_latched [9:7] }, Y=$flatten\cpu.$procmux$3755_Y [3:0]
      New connections: $flatten\cpu.$procmux$3755_Y [4] = 1'0
  Optimizing cells in module \picosoc.
Performed a total of 41 changes.

11.5. Executing OPT_MERGE pass (detect identical cells).
Finding identical cells in module `\picosoc'.
<suppressed ~12 debug messages>
Removed a total of 4 cells.

11.6. Executing OPT_SHARE pass.
    Found cells that share an operand and can be merged by moving the $mux $flatten\cpu.$ternary$/Users/hello.welcometothisdevice/CAD-Project-AES128-DMA-/pico_aes_soc/src/picorv32.v:1240$1717 in front of them:
        $flatten\cpu.$sub$/Users/hello.welcometothisdevice/CAD-Project-AES128-DMA-/pico_aes_soc/src/picorv32.v:1240$1715
        $flatten\cpu.$add$/Users/hello.welcometothisdevice/CAD-Project-AES128-DMA-/pico_aes_soc/src/picorv32.v:1240$1716

    Found cells that share an operand and can be merged by moving the $pmux $flatten\spimemio.$procmux$5248 in front of them:
        $flatten\spimemio.$procmux$5246
        $flatten\spimemio.$procmux$5270

11.7. Executing OPT_DFF pass (perform DFF optimizations).
Adding EN signal on $auto$ff.cc:266:slice$6473 ($dffe) from module picosoc (D = $flatten\spimemio.$ternary$/Users/hello.welcometothisdevice/CAD-Project-AES128-DMA-/pico_aes_soc/src/spimemio.v:226$71_Y [1:0], Q = \spimemio.rd_addr [1:0]).
Adding SRST signal on $auto$ff.cc:266:slice$6303 ($dffe) from module picosoc (D = $flatten\cpu.$procmux$4299_Y, Q = \cpu.mem_valid, rval = 1'0).
Adding EN signal on $auto$ff.cc:266:slice$6420 ($sdffe) from module picosoc (D = $flatten\spimemio.$procmux$5203_Y, Q = \spimemio.state).
Adding SRST signal on $auto$ff.cc:266:slice$6561 ($dffe) from module picosoc (D = $flatten\cpu.$procmux$4241_Y, Q = \cpu.mem_state, rval = 2'00).

11.8. Executing OPT_CLEAN pass (remove unused cells and wires).
Finding unused cells or wires in module \picosoc..
Removed 13 unused cells and 151 unused wires.
<suppressed ~17 debug messages>

11.9. Executing OPT_EXPR pass (perform const folding).
Optimizing module picosoc.
<suppressed ~17 debug messages>

11.10. Rerunning OPT passes. (Maybe there is more to do..)

11.11. Executing OPT_MUXTREE pass (detect dead branches in mux trees).
Running muxtree optimizer on module \picosoc..
  Creating internal representation of mux trees.
  Evaluating internal representation of mux trees.
  Analyzing evaluation results.
Removed 0 multiplexer ports.
<suppressed ~122 debug messages>

11.12. Executing OPT_REDUCE pass (consolidate $*mux and $reduce_* inputs).
  Optimizing cells in module \picosoc.
    New input vector for $reduce_and cell $auto$opt_dff.cc:220:make_patterns_logic$6743: { $auto$opt_dff.cc:194:make_patterns_logic$6740 $auto$opt_dff.cc:194:make_patterns_logic$6447 $auto$opt_dff.cc:194:make_patterns_logic$6445 $auto$opt_dff.cc:194:make_patterns_logic$6443 $auto$opt_dff.cc:194:make_patterns_logic$6441 $auto$opt_dff.cc:194:make_patterns_logic$6439 $auto$opt_dff.cc:194:make_patterns_logic$6437 $auto$opt_dff.cc:194:make_patterns_logic$6435 $auto$opt_dff.cc:194:make_patterns_logic$6433 $auto$opt_dff.cc:194:make_patterns_logic$6431 $auto$opt_dff.cc:194:make_patterns_logic$6429 $auto$opt_dff.cc:194:make_patterns_logic$6427 $auto$opt_dff.cc:194:make_patterns_logic$6425 $auto$opt_dff.cc:194:make_patterns_logic$6423 $auto$opt_dff.cc:194:make_patterns_logic$6421 }
    New input vector for $reduce_and cell $auto$opt_dff.cc:220:make_patterns_logic$6736: { $auto$opt_dff.cc:194:make_patterns_logic$6733 $flatten\spimemio.$logic_and$/Users/hello.welcometothisdevice/CAD-Project-AES128-DMA-/pico_aes_soc/src/spimemio.v:224$68_Y $auto$rtlil.cc:2493:Not$6455 }
    Consolidated identical input bits for $mux cell $flatten\cpu.$procmux$3257:
      Old ports: A=$flatten\cpu.$add$/Users/hello.welcometothisdevice/CAD-Project-AES128-DMA-/pico_aes_soc/src/picorv32.v:1552$1592_Y, B={ $flatten\cpu.$add$/Users/hello.welcometothisdevice/CAD-Project-AES128-DMA-/pico_aes_soc/src/picorv32.v:1569$1596_Y [31:1] $flatten\cpu.$3\current_pc[31:0] [0] }, Y=$flatten\cpu.$procmux$3257_Y
      New ports: A=$flatten\cpu.$add$/Users/hello.welcometothisdevice/CAD-Project-AES128-DMA-/pico_aes_soc/src/picorv32.v:1552$1592_Y [31:1], B=$flatten\cpu.$add$/Users/hello.welcometothisdevice/CAD-Project-AES128-DMA-/pico_aes_soc/src/picorv32.v:1569$1596_Y [31:1], Y=$flatten\cpu.$procmux$3257_Y [31:1]
      New connections: $flatten\cpu.$procmux$3257_Y [0] = $flatten\cpu.$3\current_pc[31:0] [0]
    Consolidated identical input bits for $mux cell $flatten\cpu.$procmux$3263:
      Old ports: A=$flatten\cpu.$3\current_pc[31:0], B=$flatten\cpu.$add$/Users/hello.welcometothisdevice/CAD-Project-AES128-DMA-/pico_aes_soc/src/picorv32.v:1552$1592_Y, Y=$flatten\cpu.$procmux$3263_Y
      New ports: A=$flatten\cpu.$3\current_pc[31:0] [31:1], B=$flatten\cpu.$add$/Users/hello.welcometothisdevice/CAD-Project-AES128-DMA-/pico_aes_soc/src/picorv32.v:1552$1592_Y [31:1], Y=$flatten\cpu.$procmux$3263_Y [31:1]
      New connections: $flatten\cpu.$procmux$3263_Y [0] = $flatten\cpu.$3\current_pc[31:0] [0]
    New ctrl vector for $pmux cell $flatten\spimemio.$procmux$5160: { $flatten\spimemio.$procmux$5150_CMP $flatten\spimemio.$procmux$5193_CMP $flatten\spimemio.$procmux$5147_CMP $flatten\spimemio.$procmux$5187_CMP $flatten\spimemio.$procmux$5184_CMP $flatten\spimemio.$procmux$5179_CMP $flatten\spimemio.$procmux$5170_CMP $flatten\spimemio.$procmux$5167_CMP $flatten\spimemio.$procmux$5164_CMP $auto$opt_reduce.cc:134:opt_pmux$6746 }
    New ctrl vector for $pmux cell $flatten\spimemio.$procmux$5248: { $auto$opt_reduce.cc:134:opt_pmux$6667 $auto$opt_reduce.cc:134:opt_pmux$6748 }
    New input vector for $reduce_or cell $auto$opt_reduce.cc:128:opt_pmux$6745: { $flatten\spimemio.$procmux$5161_CMP $flatten\spimemio.$procmux$5173_CMP $flatten\spimemio.$procmux$5176_CMP }
  Optimizing cells in module \picosoc.
    Consolidated identical input bits for $mux cell $flatten\cpu.$procmux$3259:
      Old ports: A=$flatten\cpu.$3\current_pc[31:0], B=$flatten\cpu.$procmux$3257_Y, Y=$flatten\cpu.$procmux$3259_Y
      New ports: A=$flatten\cpu.$3\current_pc[31:0] [31:1], B=$flatten\cpu.$procmux$3257_Y [31:1], Y=$flatten\cpu.$procmux$3259_Y [31:1]
      New connections: $flatten\cpu.$procmux$3259_Y [0] = $flatten\cpu.$3\current_pc[31:0] [0]
  Optimizing cells in module \picosoc.
    Consolidated identical input bits for $mux cell $flatten\cpu.$procmux$3265:
      Old ports: A=$flatten\cpu.$procmux$3259_Y, B=$flatten\cpu.$procmux$3263_Y, Y=$flatten\cpu.$procmux$3265_Y
      New ports: A=$flatten\cpu.$procmux$3259_Y [31:1], B=$flatten\cpu.$procmux$3263_Y [31:1], Y=$flatten\cpu.$procmux$3265_Y [31:1]
      New connections: $flatten\cpu.$procmux$3265_Y [0] = $flatten\cpu.$3\current_pc[31:0] [0]
  Optimizing cells in module \picosoc.
    Consolidated identical input bits for $mux cell $flatten\cpu.$procmux$3268:
      Old ports: A=$flatten\cpu.$procmux$3265_Y, B=$flatten\cpu.$3\current_pc[31:0], Y=$flatten\cpu.$procmux$3268_Y
      New ports: A=$flatten\cpu.$procmux$3265_Y [31:1], B=$flatten\cpu.$3\current_pc[31:0] [31:1], Y=$flatten\cpu.$procmux$3268_Y [31:1]
      New connections: $flatten\cpu.$procmux$3268_Y [0] = $flatten\cpu.$3\current_pc[31:0] [0]
  Optimizing cells in module \picosoc.
Performed a total of 10 changes.

11.13. Executing OPT_MERGE pass (detect identical cells).
Finding identical cells in module `\picosoc'.
<suppressed ~3 debug messages>
Removed a total of 1 cells.

11.14. Executing OPT_SHARE pass.

11.15. Executing OPT_DFF pass (perform DFF optimizations).
Adding SRST signal on $flatten\cpu.$procdff$5569 ($dff) from module picosoc (D = { $flatten\cpu.$2\next_irq_pending[31:0] [31:8] $flatten\cpu.$2\next_irq_pending[31:0] [4:3] $flatten\cpu.$2\next_irq_pending[31:0] [1] }, Q = { \cpu.irq_pending [31:8] \cpu.irq_pending [4:3] \cpu.irq_pending [1] }, rval = 27'000000000000000000000000000).
Adding EN signal on $auto$ff.cc:266:slice$6749 ($sdff) from module picosoc (D = { $flatten\cpu.$and$/Users/hello.welcometothisdevice/CAD-Project-AES128-DMA-/pico_aes_soc/src/picorv32.v:1513$1561_Y [31:8] $flatten\cpu.$and$/Users/hello.welcometothisdevice/CAD-Project-AES128-DMA-/pico_aes_soc/src/picorv32.v:1513$1561_Y [4:3] }, Q = { \cpu.irq_pending [31:8] \cpu.irq_pending [4:3] }).
Adding EN signal on $auto$ff.cc:266:slice$6749 ($sdff) from module picosoc (D = $flatten\cpu.$2\next_irq_pending[31:0] [1], Q = \cpu.irq_pending [1]).
Adding EN signal on $flatten\cpu.$procdff$5565 ($dff) from module picosoc (D = $flatten\cpu.$0\reg_sh[4:0] [1:0], Q = \cpu.reg_sh [1:0]).
Adding SRST signal on $auto$ff.cc:266:slice$6683 ($dffe) from module picosoc (D = $flatten\cpu.\genblk2.pcpi_div.$shl$/Users/hello.welcometothisdevice/CAD-Project-AES128-DMA-/pico_aes_soc/src/picorv32.v:2475$983_Y [62], Q = \cpu.genblk2.pcpi_div.divisor [62], rval = 1'0).
Adding SRST signal on $auto$ff.cc:266:slice$6349 ($dffe) from module picosoc (D = \spimemio.din_data [0], Q = \spimemio.xfer.obuffer [0], rval = 1'0).
Adding SRST signal on $auto$ff.cc:266:slice$5967 ($dffe) from module picosoc (D = { $flatten\cpu.\genblk1.genblk1.pcpi_mul.$sub$/Users/hello.welcometothisdevice/CAD-Project-AES128-DMA-/pico_aes_soc/src/picorv32.v:2299$932_Y [6] $flatten\cpu.\genblk1.genblk1.pcpi_mul.$sub$/Users/hello.welcometothisdevice/CAD-Project-AES128-DMA-/pico_aes_soc/src/picorv32.v:2299$932_Y [4:0] }, Q = { \cpu.genblk1.genblk1.pcpi_mul.mul_counter [6] \cpu.genblk1.genblk1.pcpi_mul.mul_counter [4:0] }, rval = 6'011110).
Setting constant 0-bit at position 0 on $auto$ff.cc:266:slice$6291 ($dffe) from module picosoc.
Setting constant 0-bit at position 1 on $auto$ff.cc:266:slice$6291 ($dffe) from module picosoc.
Setting constant 0-bit at position 3 on $auto$ff.cc:266:slice$6511 ($sdffe) from module picosoc.

11.16. Executing OPT_CLEAN pass (remove unused cells and wires).
Finding unused cells or wires in module \picosoc..
Removed 1 unused cells and 9 unused wires.
<suppressed ~2 debug messages>

11.17. Executing OPT_EXPR pass (perform const folding).
Optimizing module picosoc.
<suppressed ~6 debug messages>

11.18. Rerunning OPT passes. (Maybe there is more to do..)

11.19. Executing OPT_MUXTREE pass (detect dead branches in mux trees).
Running muxtree optimizer on module \picosoc..
  Creating internal representation of mux trees.
  Evaluating internal representation of mux trees.
  Analyzing evaluation results.
Removed 0 multiplexer ports.
<suppressed ~124 debug messages>

11.20. Executing OPT_REDUCE pass (consolidate $*mux and $reduce_* inputs).
  Optimizing cells in module \picosoc.
    Consolidated identical input bits for $mux cell $flatten\spimemio.$procmux$5365:
      Old ports: A={ \cpu.mem_addr [7:2] 2'00 }, B=8'00000000, Y=$flatten\spimemio.$procmux$5365_Y
      New ports: A=\cpu.mem_addr [7:2], B=6'000000, Y=$flatten\spimemio.$procmux$5365_Y [7:2]
      New connections: $flatten\spimemio.$procmux$5365_Y [1:0] = 2'00
    Consolidated identical input bits for $mux cell $flatten\spimemio.$ternary$/Users/hello.welcometothisdevice/CAD-Project-AES128-DMA-/pico_aes_soc/src/spimemio.v:226$71:
      Old ports: A={ 8'00000000 \cpu.mem_addr [23:2] 2'00 }, B={ $flatten\spimemio.$add$/Users/hello.welcometothisdevice/CAD-Project-AES128-DMA-/pico_aes_soc/src/spimemio.v:226$69_Y [31:2] 2'x }, Y=$flatten\spimemio.$ternary$/Users/hello.welcometothisdevice/CAD-Project-AES128-DMA-/pico_aes_soc/src/spimemio.v:226$71_Y
      New ports: A={ 8'00000000 \cpu.mem_addr [23:2] 1'0 }, B={ $flatten\spimemio.$add$/Users/hello.welcometothisdevice/CAD-Project-AES128-DMA-/pico_aes_soc/src/spimemio.v:226$69_Y [31:2] 1'x }, Y={ $flatten\spimemio.$ternary$/Users/hello.welcometothisdevice/CAD-Project-AES128-DMA-/pico_aes_soc/src/spimemio.v:226$71_Y [31:2] $flatten\spimemio.$ternary$/Users/hello.welcometothisdevice/CAD-Project-AES128-DMA-/pico_aes_soc/src/spimemio.v:226$71_Y [0] }
      New connections: $flatten\spimemio.$ternary$/Users/hello.welcometothisdevice/CAD-Project-AES128-DMA-/pico_aes_soc/src/spimemio.v:226$71_Y [1] = $flatten\spimemio.$ternary$/Users/hello.welcometothisdevice/CAD-Project-AES128-DMA-/pico_aes_soc/src/spimemio.v:226$71_Y [0]
  Optimizing cells in module \picosoc.
Performed a total of 2 changes.

11.21. Executing OPT_MERGE pass (detect identical cells).
Finding identical cells in module `\picosoc'.
Removed a total of 0 cells.

11.22. Executing OPT_SHARE pass.

11.23. Executing OPT_DFF pass (perform DFF optimizations).
Setting constant 0-bit at position 3 on $auto$ff.cc:266:slice$6404 ($sdffe) from module picosoc.

11.24. Executing OPT_CLEAN pass (remove unused cells and wires).
Finding unused cells or wires in module \picosoc..
Removed 0 unused cells and 3 unused wires.
<suppressed ~1 debug messages>

11.25. Executing OPT_EXPR pass (perform const folding).
Optimizing module picosoc.

11.26. Rerunning OPT passes. (Maybe there is more to do..)

11.27. Executing OPT_MUXTREE pass (detect dead branches in mux trees).
Running muxtree optimizer on module \picosoc..
  Creating internal representation of mux trees.
  Evaluating internal representation of mux trees.
  Analyzing evaluation results.
Removed 0 multiplexer ports.
<suppressed ~124 debug messages>

11.28. Executing OPT_REDUCE pass (consolidate $*mux and $reduce_* inputs).
  Optimizing cells in module \picosoc.
Performed a total of 0 changes.

11.29. Executing OPT_MERGE pass (detect identical cells).
Finding identical cells in module `\picosoc'.
Removed a total of 0 cells.

11.30. Executing OPT_SHARE pass.

11.31. Executing OPT_DFF pass (perform DFF optimizations).
Setting constant 0-bit at position 3 on $flatten\spimemio.\xfer.$procdff$5756 ($dff) from module picosoc.

11.32. Executing OPT_CLEAN pass (remove unused cells and wires).
Finding unused cells or wires in module \picosoc..

11.33. Executing OPT_EXPR pass (perform const folding).
Optimizing module picosoc.

11.34. Rerunning OPT passes. (Maybe there is more to do..)

11.35. Executing OPT_MUXTREE pass (detect dead branches in mux trees).
Running muxtree optimizer on module \picosoc..
  Creating internal representation of mux trees.
  Evaluating internal representation of mux trees.
  Analyzing evaluation results.
Removed 0 multiplexer ports.
<suppressed ~124 debug messages>

11.36. Executing OPT_REDUCE pass (consolidate $*mux and $reduce_* inputs).
  Optimizing cells in module \picosoc.
Performed a total of 0 changes.

11.37. Executing OPT_MERGE pass (detect identical cells).
Finding identical cells in module `\picosoc'.
Removed a total of 0 cells.

11.38. Executing OPT_SHARE pass.

11.39. Executing OPT_DFF pass (perform DFF optimizations).

11.40. Executing OPT_CLEAN pass (remove unused cells and wires).
Finding unused cells or wires in module \picosoc..

11.41. Executing OPT_EXPR pass (perform const folding).
Optimizing module picosoc.

11.42. Finished OPT passes. (There is nothing left to do.)

12. Executing TECHMAP pass (map to technology primitives).

12.1. Executing Verilog-2005 frontend: /nix/store/zxzmb2hdyjahy1lq6yglcx6sxy6zrddi-yosys-with-plugins/bin/../share/yosys/techmap.v
Parsing Verilog input from `/nix/store/zxzmb2hdyjahy1lq6yglcx6sxy6zrddi-yosys-with-plugins/bin/../share/yosys/techmap.v' to AST representation.
Generating RTLIL representation for module `\_90_simplemap_bool_ops'.
Generating RTLIL representation for module `\_90_simplemap_reduce_ops'.
Generating RTLIL representation for module `\_90_simplemap_logic_ops'.
Generating RTLIL representation for module `\_90_simplemap_compare_ops'.
Generating RTLIL representation for module `\_90_simplemap_various'.
Generating RTLIL representation for module `\_90_simplemap_registers'.
Generating RTLIL representation for module `\_90_shift_ops_shr_shl_sshl_sshr'.
Generating RTLIL representation for module `\_90_shift_shiftx'.
Generating RTLIL representation for module `\_90_fa'.
Generating RTLIL representation for module `\_90_lcu_brent_kung'.
Generating RTLIL representation for module `\_90_alu'.
Generating RTLIL representation for module `\_90_macc'.
Generating RTLIL representation for module `\_90_alumacc'.
Generating RTLIL representation for module `\$__div_mod_u'.
Generating RTLIL representation for module `\$__div_mod_trunc'.
Generating RTLIL representation for module `\_90_div'.
Generating RTLIL representation for module `\_90_mod'.
Generating RTLIL representation for module `\$__div_mod_floor'.
Generating RTLIL representation for module `\_90_divfloor'.
Generating RTLIL representation for module `\_90_modfloor'.
Generating RTLIL representation for module `\_90_pow'.
Generating RTLIL representation for module `\_90_pmux'.
Generating RTLIL representation for module `\_90_demux'.
Generating RTLIL representation for module `\_90_lut'.
Successfully finished Verilog frontend.

12.2. Continuing TECHMAP pass.
Using extmapper simplemap for cells of type $eq.
Using extmapper simplemap for cells of type $logic_and.
Running "alumacc" on wrapper $extern:wrap:$gt:A_SIGNED=0:A_WIDTH=8:B_SIGNED=0:B_WIDTH=8:Y_WIDTH=1:394426c56d1a028ba8fdd5469b163e04011def47.
Using template $extern:wrap:$gt:A_SIGNED=0:A_WIDTH=8:B_SIGNED=0:B_WIDTH=8:Y_WIDTH=1:394426c56d1a028ba8fdd5469b163e04011def47 for cells of type $extern:wrap:$gt:A_SIGNED=0:A_WIDTH=8:B_SIGNED=0:B_WIDTH=8:Y_WIDTH=1:394426c56d1a028ba8fdd5469b163e04011def47.
Using extmapper simplemap for cells of type $logic_not.
Using extmapper simplemap for cells of type $logic_or.
Using extmapper simplemap for cells of type $mux.
Using extmapper simplemap for cells of type $and.
Using extmapper simplemap for cells of type $reduce_or.
Using extmapper simplemap for cells of type $dff.
Using extmapper simplemap for cells of type $dffe.
Using extmapper simplemap for cells of type $ne.
Using extmapper simplemap for cells of type $not.
Using extmapper simplemap for cells of type $reduce_and.
Running "alumacc" on wrapper $extern:wrap:$neg:A_SIGNED=0:A_WIDTH=32:Y_WIDTH=32:394426c56d1a028ba8fdd5469b163e04011def47.
Using template $extern:wrap:$neg:A_SIGNED=0:A_WIDTH=32:Y_WIDTH=32:394426c56d1a028ba8fdd5469b163e04011def47 for cells of type $extern:wrap:$neg:A_SIGNED=0:A_WIDTH=32:Y_WIDTH=32:394426c56d1a028ba8fdd5469b163e04011def47.
Running "alumacc" on wrapper $extern:wrap:$neg:A_SIGNED=0:A_WIDTH=63:Y_WIDTH=63:394426c56d1a028ba8fdd5469b163e04011def47.
Using template $extern:wrap:$neg:A_SIGNED=0:A_WIDTH=63:Y_WIDTH=63:394426c56d1a028ba8fdd5469b163e04011def47 for cells of type $extern:wrap:$neg:A_SIGNED=0:A_WIDTH=63:Y_WIDTH=63:394426c56d1a028ba8fdd5469b163e04011def47.
Using extmapper simplemap for cells of type $sdff.
Running "alumacc" on wrapper $extern:wrap:$le:A_SIGNED=0:A_WIDTH=63:B_SIGNED=0:B_WIDTH=32:Y_WIDTH=1:394426c56d1a028ba8fdd5469b163e04011def47.
Using template $extern:wrap:$le:A_SIGNED=0:A_WIDTH=63:B_SIGNED=0:B_WIDTH=32:Y_WIDTH=1:394426c56d1a028ba8fdd5469b163e04011def47 for cells of type $extern:wrap:$le:A_SIGNED=0:A_WIDTH=63:B_SIGNED=0:B_WIDTH=32:Y_WIDTH=1:394426c56d1a028ba8fdd5469b163e04011def47.
Running "alumacc" on wrapper $extern:wrap:$sub:A_SIGNED=0:A_WIDTH=32:B_SIGNED=0:B_WIDTH=63:Y_WIDTH=63:394426c56d1a028ba8fdd5469b163e04011def47.
Using template $extern:wrap:$sub:A_SIGNED=0:A_WIDTH=32:B_SIGNED=0:B_WIDTH=63:Y_WIDTH=63:394426c56d1a028ba8fdd5469b163e04011def47 for cells of type $extern:wrap:$sub:A_SIGNED=0:A_WIDTH=32:B_SIGNED=0:B_WIDTH=63:Y_WIDTH=63:394426c56d1a028ba8fdd5469b163e04011def47.
Using extmapper simplemap for cells of type $or.
Using extmapper simplemap for cells of type $sdffce.
Using extmapper simplemap for cells of type $sdffe.
Running "alumacc" on wrapper $extern:wrap:$add:A_SIGNED=0:A_WIDTH=5:B_SIGNED=0:B_WIDTH=4:Y_WIDTH=5:394426c56d1a028ba8fdd5469b163e04011def47.
Using template $extern:wrap:$add:A_SIGNED=0:A_WIDTH=5:B_SIGNED=0:B_WIDTH=4:Y_WIDTH=5:394426c56d1a028ba8fdd5469b163e04011def47 for cells of type $extern:wrap:$add:A_SIGNED=0:A_WIDTH=5:B_SIGNED=0:B_WIDTH=4:Y_WIDTH=5:394426c56d1a028ba8fdd5469b163e04011def47.
Running "alumacc" on wrapper $extern:wrap:$add:A_SIGNED=0:A_WIDTH=4:B_SIGNED=0:B_WIDTH=4:Y_WIDTH=5:394426c56d1a028ba8fdd5469b163e04011def47.
Using template $extern:wrap:$add:A_SIGNED=0:A_WIDTH=4:B_SIGNED=0:B_WIDTH=4:Y_WIDTH=5:394426c56d1a028ba8fdd5469b163e04011def47 for cells of type $extern:wrap:$add:A_SIGNED=0:A_WIDTH=4:B_SIGNED=0:B_WIDTH=4:Y_WIDTH=5:394426c56d1a028ba8fdd5469b163e04011def47.
Running "alumacc" on wrapper $extern:wrap:$sub:A_SIGNED=0:A_WIDTH=7:B_SIGNED=0:B_WIDTH=32:Y_WIDTH=32:394426c56d1a028ba8fdd5469b163e04011def47.
Using template $extern:wrap:$sub:A_SIGNED=0:A_WIDTH=7:B_SIGNED=0:B_WIDTH=32:Y_WIDTH=32:394426c56d1a028ba8fdd5469b163e04011def47 for cells of type $extern:wrap:$sub:A_SIGNED=0:A_WIDTH=7:B_SIGNED=0:B_WIDTH=32:Y_WIDTH=32:394426c56d1a028ba8fdd5469b163e04011def47.
Using extmapper simplemap for cells of type $reduce_bool.
Using template $paramod$521ce43182eecb9f60c72393a788160d2c356bf5\_90_pmux for cells of type $pmux.
Using template $paramod$24fb226dd75c9d3f6955ec2ad61d794776778cf6\_90_pmux for cells of type $pmux.
Using template $paramod$fedb90247e1daaa8b0af86a595f377181f141d27\_90_pmux for cells of type $pmux.
Using template $paramod$59b03ae2620a41577de8da5f5c97b2919e82362b\_90_pmux for cells of type $pmux.
Using template $paramod$c5c783b17ab1d780abfad8cfe6563a0a7b47a3b0\_90_pmux for cells of type $pmux.
Using template $paramod$d629d85c8826a74239b9178d1930215a43b0ceb0\_90_pmux for cells of type $pmux.
Using template $paramod$bf2533632d512eac76dd186c0da49367e29b8e98\_90_pmux for cells of type $pmux.
Using template $paramod$20d3ee62d72123142eb855d7ddafd835e31ba009\_90_pmux for cells of type $pmux.
Using template $paramod$c2e415ef15bc3ccd2723772353a6b450d3d76206\_90_pmux for cells of type $pmux.
Using template $paramod$2407ada40cc3dda6c6015be2b49b748cddb5a800\_90_pmux for cells of type $pmux.
Using template $paramod$constmap:bddaa592d3c0e7b19c471295509c5ea07ceaeab5$paramod$b93e967ff138f48547837c9d6d925e07a8a38930\_90_shift_ops_shr_shl_sshl_sshr for cells of type $sshr.
Using template $paramod$constmap:4621fcf06a436d1e2a4080e2ed9866a7d07a6e07$paramod$335cfd09f1afa8139c4aafcbbe5f361887b79c5e\_90_shift_ops_shr_shl_sshl_sshr for cells of type $shl.
Using template $paramod$c96def1cdcef2eee3c62e5dfb7ba2dd09c9f74dd\_90_pmux for cells of type $pmux.
Using template $paramod$54d740639e1393b22262823179ff783ea9f17a35\_90_pmux for cells of type $pmux.
Using template $paramod$70d30c21ff772b34d0d1da2801fbd781dc3c70e4\_90_pmux for cells of type $pmux.
Using template $paramod$8fabc56b80a569262acfc42757a02ca0b8e91278\_90_pmux for cells of type $pmux.
Using template $paramod$32e7c4d6f92ff4337599ece53082d2e88a82a9f2\_90_pmux for cells of type $pmux.
Using template $paramod$f3115659d5e2977ebd2cb01ff3557fc5f6187689\_90_pmux for cells of type $pmux.
Using template $paramod$ed0bb9616228df1e6c226f91f8133e751815f1b1\_90_pmux for cells of type $pmux.
Using template $paramod$c15e84c77f007506123baf6c4be45847f0e33a3b\_90_pmux for cells of type $pmux.
Using template $paramod$645fe0cc96ae5edb83bff90cc2c78f4a20ca3e3c\_90_pmux for cells of type $pmux.
Using template $paramod$constmap:6f839b88a62e7966712adf872dbe4c4a5cbcd49f$paramod$7b0bb309dce042ecaf2e0bfa495da988fc49fdf1\_90_shift_ops_shr_shl_sshl_sshr for cells of type $shl.
Using template $paramod$cc1e387d9d5ac1d3f6e6bed180038d9c0ac48d0c\_90_pmux for cells of type $pmux.
Using template $paramod$ee721315a7b0169d82611b9aea01747035b97792\_90_pmux for cells of type $pmux.
Using template $paramod$fc16b9f758000d363d24f130038bd99b46b4fa1b\_90_pmux for cells of type $pmux.
Using template $paramod$e830d104b5de63a966ae948f6aff012e63986700\_90_pmux for cells of type $pmux.
Using template $paramod$b3b6ac92d800c6f07aa48f510f923d86a674e5a7\_90_pmux for cells of type $pmux.
Using template $paramod$b098bc6f249c0ac91c4d6e19d54b23c285914115\_90_pmux for cells of type $pmux.
Running "alumacc" on wrapper $extern:wrap:$lt:A_SIGNED=0:A_WIDTH=32:B_SIGNED=0:B_WIDTH=32:Y_WIDTH=1:394426c56d1a028ba8fdd5469b163e04011def47.
Using template $extern:wrap:$lt:A_SIGNED=0:A_WIDTH=32:B_SIGNED=0:B_WIDTH=32:Y_WIDTH=1:394426c56d1a028ba8fdd5469b163e04011def47 for cells of type $extern:wrap:$lt:A_SIGNED=0:A_WIDTH=32:B_SIGNED=0:B_WIDTH=32:Y_WIDTH=1:394426c56d1a028ba8fdd5469b163e04011def47.
Running "alumacc" on wrapper $extern:wrap:$lt:A_SIGNED=1:A_WIDTH=32:B_SIGNED=1:B_WIDTH=32:Y_WIDTH=1:394426c56d1a028ba8fdd5469b163e04011def47.
Using template $extern:wrap:$lt:A_SIGNED=1:A_WIDTH=32:B_SIGNED=1:B_WIDTH=32:Y_WIDTH=1:394426c56d1a028ba8fdd5469b163e04011def47 for cells of type $extern:wrap:$lt:A_SIGNED=1:A_WIDTH=32:B_SIGNED=1:B_WIDTH=32:Y_WIDTH=1:394426c56d1a028ba8fdd5469b163e04011def47.
Running "alumacc" on wrapper $extern:wrap:$sub:A_SIGNED=0:A_WIDTH=32:B_SIGNED=0:B_WIDTH=32:Y_WIDTH=32:394426c56d1a028ba8fdd5469b163e04011def47.
Using template $extern:wrap:$sub:A_SIGNED=0:A_WIDTH=32:B_SIGNED=0:B_WIDTH=32:Y_WIDTH=32:394426c56d1a028ba8fdd5469b163e04011def47 for cells of type $extern:wrap:$sub:A_SIGNED=0:A_WIDTH=32:B_SIGNED=0:B_WIDTH=32:Y_WIDTH=32:394426c56d1a028ba8fdd5469b163e04011def47.
Running "alumacc" on wrapper $extern:wrap:$add:A_SIGNED=0:A_WIDTH=32:B_SIGNED=0:B_WIDTH=32:Y_WIDTH=32:394426c56d1a028ba8fdd5469b163e04011def47.
Using template $extern:wrap:$add:A_SIGNED=0:A_WIDTH=32:B_SIGNED=0:B_WIDTH=32:Y_WIDTH=32:394426c56d1a028ba8fdd5469b163e04011def47 for cells of type $extern:wrap:$add:A_SIGNED=0:A_WIDTH=32:B_SIGNED=0:B_WIDTH=32:Y_WIDTH=32:394426c56d1a028ba8fdd5469b163e04011def47.
Running "alumacc" on wrapper $extern:wrap:$sub:A_SIGNED=0:A_WIDTH=5:B_SIGNED=0:B_WIDTH=32:Y_WIDTH=32:394426c56d1a028ba8fdd5469b163e04011def47.
Using template $extern:wrap:$sub:A_SIGNED=0:A_WIDTH=5:B_SIGNED=0:B_WIDTH=32:Y_WIDTH=32:394426c56d1a028ba8fdd5469b163e04011def47 for cells of type $extern:wrap:$sub:A_SIGNED=0:A_WIDTH=5:B_SIGNED=0:B_WIDTH=32:Y_WIDTH=32:394426c56d1a028ba8fdd5469b163e04011def47.
Running "alumacc" on wrapper $extern:wrap:$sub:A_SIGNED=0:A_WIDTH=3:B_SIGNED=0:B_WIDTH=30:Y_WIDTH=30:394426c56d1a028ba8fdd5469b163e04011def47.
Using template $extern:wrap:$sub:A_SIGNED=0:A_WIDTH=3:B_SIGNED=0:B_WIDTH=30:Y_WIDTH=30:394426c56d1a028ba8fdd5469b163e04011def47 for cells of type $extern:wrap:$sub:A_SIGNED=0:A_WIDTH=3:B_SIGNED=0:B_WIDTH=30:Y_WIDTH=30:394426c56d1a028ba8fdd5469b163e04011def47.
Running "alumacc" on wrapper $extern:wrap:$add:A_SIGNED=0:A_WIDTH=31:B_SIGNED=0:B_WIDTH=31:Y_WIDTH=31:394426c56d1a028ba8fdd5469b163e04011def47.
Using template $extern:wrap:$add:A_SIGNED=0:A_WIDTH=31:B_SIGNED=0:B_WIDTH=31:Y_WIDTH=31:394426c56d1a028ba8fdd5469b163e04011def47 for cells of type $extern:wrap:$add:A_SIGNED=0:A_WIDTH=31:B_SIGNED=0:B_WIDTH=31:Y_WIDTH=31:394426c56d1a028ba8fdd5469b163e04011def47.
Running "alumacc" on wrapper $extern:wrap:$add:A_SIGNED=0:A_WIDTH=64:B_SIGNED=0:B_WIDTH=32:Y_WIDTH=64:394426c56d1a028ba8fdd5469b163e04011def47.
Using template $extern:wrap:$add:A_SIGNED=0:A_WIDTH=64:B_SIGNED=0:B_WIDTH=32:Y_WIDTH=64:394426c56d1a028ba8fdd5469b163e04011def47 for cells of type $extern:wrap:$add:A_SIGNED=0:A_WIDTH=64:B_SIGNED=0:B_WIDTH=32:Y_WIDTH=64:394426c56d1a028ba8fdd5469b163e04011def47.
Running "alumacc" on wrapper $extern:wrap:$sub:A_SIGNED=0:A_WIDTH=4:B_SIGNED=0:B_WIDTH=32:Y_WIDTH=32:394426c56d1a028ba8fdd5469b163e04011def47.
Using template $extern:wrap:$sub:A_SIGNED=0:A_WIDTH=4:B_SIGNED=0:B_WIDTH=32:Y_WIDTH=32:394426c56d1a028ba8fdd5469b163e04011def47 for cells of type $extern:wrap:$sub:A_SIGNED=0:A_WIDTH=4:B_SIGNED=0:B_WIDTH=32:Y_WIDTH=32:394426c56d1a028ba8fdd5469b163e04011def47.
Using extmapper simplemap for cells of type $xor.
Using template $paramod$85df5dc01c7df96a7d8e5f1fdf76ce9ac452af63\_90_pmux for cells of type $pmux.
Using template $paramod$d31bf4d7d72e59528d18fbd4f322e9d608532043\_90_pmux for cells of type $pmux.
Running "alumacc" on wrapper $extern:wrap:$add:A_SIGNED=0:A_WIDTH=30:B_SIGNED=0:B_WIDTH=1:Y_WIDTH=30:394426c56d1a028ba8fdd5469b163e04011def47.
Using template $extern:wrap:$add:A_SIGNED=0:A_WIDTH=30:B_SIGNED=0:B_WIDTH=1:Y_WIDTH=30:394426c56d1a028ba8fdd5469b163e04011def47 for cells of type $extern:wrap:$add:A_SIGNED=0:A_WIDTH=30:B_SIGNED=0:B_WIDTH=1:Y_WIDTH=30:394426c56d1a028ba8fdd5469b163e04011def47.
Running "alumacc" on wrapper $extern:wrap:$sub:A_SIGNED=0:A_WIDTH=4:B_SIGNED=0:B_WIDTH=4:Y_WIDTH=4:394426c56d1a028ba8fdd5469b163e04011def47.
Using template $extern:wrap:$sub:A_SIGNED=0:A_WIDTH=4:B_SIGNED=0:B_WIDTH=4:Y_WIDTH=4:394426c56d1a028ba8fdd5469b163e04011def47 for cells of type $extern:wrap:$sub:A_SIGNED=0:A_WIDTH=4:B_SIGNED=0:B_WIDTH=4:Y_WIDTH=4:394426c56d1a028ba8fdd5469b163e04011def47.
Running "alumacc" on wrapper $extern:wrap:$sub:A_SIGNED=0:A_WIDTH=4:B_SIGNED=0:B_WIDTH=1:Y_WIDTH=4:394426c56d1a028ba8fdd5469b163e04011def47.
Using template $extern:wrap:$sub:A_SIGNED=0:A_WIDTH=4:B_SIGNED=0:B_WIDTH=1:Y_WIDTH=4:394426c56d1a028ba8fdd5469b163e04011def47 for cells of type $extern:wrap:$sub:A_SIGNED=0:A_WIDTH=4:B_SIGNED=0:B_WIDTH=1:Y_WIDTH=4:394426c56d1a028ba8fdd5469b163e04011def47.
Using template $paramod$d7387fdb214042e5ef2d69a3f74948694b4bb65e\_90_pmux for cells of type $pmux.
Using template $paramod$274c8d34472ef950383656115be6e1c8ace5024c\_90_pmux for cells of type $pmux.
Running "alumacc" on wrapper $extern:wrap:$add:A_SIGNED=0:A_WIDTH=22:B_SIGNED=0:B_WIDTH=30:Y_WIDTH=30:394426c56d1a028ba8fdd5469b163e04011def47.
Using template $extern:wrap:$add:A_SIGNED=0:A_WIDTH=22:B_SIGNED=0:B_WIDTH=30:Y_WIDTH=30:394426c56d1a028ba8fdd5469b163e04011def47 for cells of type $extern:wrap:$add:A_SIGNED=0:A_WIDTH=22:B_SIGNED=0:B_WIDTH=30:Y_WIDTH=30:394426c56d1a028ba8fdd5469b163e04011def47.
Running "alumacc" on wrapper $extern:wrap:$gt:A_SIGNED=0:A_WIDTH=32:B_SIGNED=0:B_WIDTH=32:Y_WIDTH=1:394426c56d1a028ba8fdd5469b163e04011def47.
Using template $extern:wrap:$gt:A_SIGNED=0:A_WIDTH=32:B_SIGNED=0:B_WIDTH=32:Y_WIDTH=1:394426c56d1a028ba8fdd5469b163e04011def47 for cells of type $extern:wrap:$gt:A_SIGNED=0:A_WIDTH=32:B_SIGNED=0:B_WIDTH=32:Y_WIDTH=1:394426c56d1a028ba8fdd5469b163e04011def47.
Running "alumacc" on wrapper $extern:wrap:$add:A_SIGNED=0:A_WIDTH=4:B_SIGNED=0:B_WIDTH=32:Y_WIDTH=32:394426c56d1a028ba8fdd5469b163e04011def47.
Using template $extern:wrap:$add:A_SIGNED=0:A_WIDTH=4:B_SIGNED=0:B_WIDTH=32:Y_WIDTH=32:394426c56d1a028ba8fdd5469b163e04011def47 for cells of type $extern:wrap:$add:A_SIGNED=0:A_WIDTH=4:B_SIGNED=0:B_WIDTH=32:Y_WIDTH=32:394426c56d1a028ba8fdd5469b163e04011def47.
Using template $paramod$44a13d10af618e7fbe7b9aad2f6151ffcee1e2fa\_90_alu for cells of type $alu.
Using template $paramod$740b056ede97228d3eae64ea2fdc81f0a33e0fe7\_90_alu for cells of type $alu.
Using template $paramod$8742280fdebca84e1c87f2a86ed84f62d558f4cc\_90_alu for cells of type $alu.
Using template $paramod$fbc7873bff55778c0b3173955b7e4bce1d9d6834\_90_alu for cells of type $alu.
Using template $paramod$2653f68ddb8eab7b1907b4a20767b72a824a7a36\_90_alu for cells of type $alu.
Using template $paramod$b51307e1ab724bf92e9e9974941ccd154031df99\_90_alu for cells of type $alu.
Using template $paramod$b0777dc865134c8525a4aa84de8cfa938974cad1\_90_alu for cells of type $alu.
Using template $paramod$ebf89ea36a793f0f77858f212141d47c833068ad\_90_alu for cells of type $alu.
Using template $paramod$2126a3039e9678f6a4bd73d35a1f58ee2616afb2\_90_alu for cells of type $alu.
Using template $paramod$9d7f9b66d41959104e3b7a66a3d52252e59102ab\_90_alu for cells of type $alu.
Using template $paramod$a7817265ef3ab2ee43da53bbd8a90f6450d412d9\_90_alu for cells of type $alu.
Using template $paramod$c6baa65225090ac0a120feab1b920965244aa496\_90_alu for cells of type $alu.
Using template $paramod$fdd20cfde6eff5e426e814d02912ca76c51febc9\_90_alu for cells of type $alu.
Using template $paramod$b85fbb3374a1d9ba7ee4f4d6323c30f939df3ada\_90_alu for cells of type $alu.
Using template $paramod$83dd457849c736323edf2edb15923eb27f99c683\_90_alu for cells of type $alu.
Using template $paramod$b6b58933bcf3c8b9e3e5de18c2637bd0e12c7c47\_90_alu for cells of type $alu.
Using template $paramod$570e0f39313dcc7fd363660e424ed65456d5e528\_90_alu for cells of type $alu.
Using template $paramod$a1bc51c02ce12ac21eb18988e83292af48ed7d72\_90_alu for cells of type $alu.
Using template $paramod\_90_lcu_brent_kung\WIDTH=32'00000000000000000000000000011110 for cells of type $lcu.
Using extmapper simplemap for cells of type $pos.
Using template $paramod\_90_lcu_brent_kung\WIDTH=32'00000000000000000000000000000100 for cells of type $lcu.
Using template $paramod\_90_lcu_brent_kung\WIDTH=32'00000000000000000000000000100000 for cells of type $lcu.
Using template $paramod\_90_lcu_brent_kung\WIDTH=32'00000000000000000000000000011111 for cells of type $lcu.
Using template $paramod\_90_lcu_brent_kung\WIDTH=32'00000000000000000000000001000000 for cells of type $lcu.
Using template $paramod\_90_lcu_brent_kung\WIDTH=32'00000000000000000000000000000101 for cells of type $lcu.
Using template $paramod\_90_lcu_brent_kung\WIDTH=32'00000000000000000000000000111111 for cells of type $lcu.
Using template $paramod\_90_lcu_brent_kung\WIDTH=32'00000000000000000000000000001000 for cells of type $lcu.
No more expansions possible.
<suppressed ~11473 debug messages>

13. Executing OPT pass (performing simple optimizations).

13.1. Executing OPT_EXPR pass (perform const folding).
Optimizing module picosoc.
<suppressed ~8143 debug messages>

13.2. Executing OPT_MERGE pass (detect identical cells).
Finding identical cells in module `\picosoc'.
<suppressed ~6834 debug messages>
Removed a total of 2278 cells.

13.3. Executing OPT_DFF pass (perform DFF optimizations).
Adding SRST signal on $auto$ff.cc:266:slice$16392 ($_DFFE_PP_) from module picosoc (D = 1'x, Q = \spimemio.rd_addr [0], rval = 1'0).
Setting constant 0-bit at position 0 on $auto$ff.cc:266:slice$36704 ($_SDFFCE_PN0P_) from module picosoc.

13.4. Executing OPT_CLEAN pass (remove unused cells and wires).
Finding unused cells or wires in module \picosoc..
Removed 1116 unused cells and 8513 unused wires.
<suppressed ~1117 debug messages>

13.5. Rerunning OPT passes. (Removed registers in this run.)

13.6. Executing OPT_EXPR pass (perform const folding).
Optimizing module picosoc.
<suppressed ~8 debug messages>

13.7. Executing OPT_MERGE pass (detect identical cells).
Finding identical cells in module `\picosoc'.
<suppressed ~3 debug messages>
Removed a total of 1 cells.

13.8. Executing OPT_DFF pass (perform DFF optimizations).
Adding SRST signal on $auto$ff.cc:266:slice$15726 ($_SDFF_PP0_) from module picosoc (D = $flatten\spimemio.$procmux$5248.Y_B, Q = \spimemio.din_valid, rval = 1'0).
Adding EN signal on $auto$ff.cc:266:slice$15690 ($_SDFFE_PP0P_) from module picosoc (D = $flatten\spimemio.\xfer.$2\next_count[3:0] [2], Q = \spimemio.xfer.count [2]).
Adding EN signal on $auto$ff.cc:266:slice$15689 ($_SDFFE_PP0P_) from module picosoc (D = $flatten\spimemio.\xfer.$2\next_count[3:0] [1], Q = \spimemio.xfer.count [1]).
Adding EN signal on $auto$ff.cc:266:slice$15688 ($_SDFFE_PP0P_) from module picosoc (D = $flatten\spimemio.\xfer.$2\next_count[3:0] [0], Q = \spimemio.xfer.count [0]).
Adding SRST signal on $auto$ff.cc:266:slice$13172 ($_DFFE_PP_) from module picosoc (D = $flatten\cpu.$procmux$3078.Y_B [1], Q = \cpu.mem_wordsize [1], rval = 1'0).
Adding SRST signal on $auto$ff.cc:266:slice$13171 ($_DFFE_PP_) from module picosoc (D = $flatten\cpu.$procmux$3078.Y_B [0], Q = \cpu.mem_wordsize [0], rval = 1'0).
Adding SRST signal on $auto$ff.cc:266:slice$12809 ($_DFFE_PP_) from module picosoc (D = $flatten\spimemio.$procmux$5360.Y_B [7], Q = \spimemio.din_data [7], rval = 1'1).
Adding SRST signal on $auto$ff.cc:266:slice$12808 ($_DFFE_PP_) from module picosoc (D = $flatten\spimemio.$procmux$5360.Y_B [6], Q = \spimemio.din_data [6], rval = 1'1).
Adding SRST signal on $auto$ff.cc:266:slice$12807 ($_DFFE_PP_) from module picosoc (D = $flatten\spimemio.$procmux$5360.Y_B [5], Q = \spimemio.din_data [5], rval = 1'1).
Adding SRST signal on $auto$ff.cc:266:slice$12806 ($_DFFE_PP_) from module picosoc (D = $flatten\spimemio.$procmux$5360.Y_B [4], Q = \spimemio.din_data [4], rval = 1'1).
Adding SRST signal on $auto$ff.cc:266:slice$12805 ($_DFFE_PP_) from module picosoc (D = $flatten\spimemio.$procmux$5360.Y_B [3], Q = \spimemio.din_data [3], rval = 1'1).
Adding SRST signal on $auto$ff.cc:266:slice$12804 ($_DFFE_PP_) from module picosoc (D = $flatten\spimemio.$procmux$5360.Y_B [2], Q = \spimemio.din_data [2], rval = 1'1).
Adding SRST signal on $auto$ff.cc:266:slice$12803 ($_DFFE_PP_) from module picosoc (D = $flatten\spimemio.$procmux$5360.Y_B [1], Q = \spimemio.din_data [1], rval = 1'1).
Adding SRST signal on $auto$ff.cc:266:slice$12802 ($_DFFE_PP_) from module picosoc (D = $flatten\spimemio.$procmux$5360.Y_B [0], Q = \spimemio.din_data [0], rval = 1'1).
Adding SRST signal on $auto$ff.cc:266:slice$11889 ($_DFFE_PP_) from module picosoc (D = $flatten\cpu.$procmux$3689.Y_B [31], Q = \cpu.decoded_imm [31], rval = 1'0).
Adding SRST signal on $auto$ff.cc:266:slice$11888 ($_DFFE_PP_) from module picosoc (D = $flatten\cpu.$procmux$3689.Y_B [30], Q = \cpu.decoded_imm [30], rval = 1'0).
Adding SRST signal on $auto$ff.cc:266:slice$11887 ($_DFFE_PP_) from module picosoc (D = $flatten\cpu.$procmux$3689.Y_B [29], Q = \cpu.decoded_imm [29], rval = 1'0).
Adding SRST signal on $auto$ff.cc:266:slice$11886 ($_DFFE_PP_) from module picosoc (D = $flatten\cpu.$procmux$3689.Y_B [28], Q = \cpu.decoded_imm [28], rval = 1'0).
Adding SRST signal on $auto$ff.cc:266:slice$11885 ($_DFFE_PP_) from module picosoc (D = $flatten\cpu.$procmux$3689.Y_B [27], Q = \cpu.decoded_imm [27], rval = 1'0).
Adding SRST signal on $auto$ff.cc:266:slice$11884 ($_DFFE_PP_) from module picosoc (D = $flatten\cpu.$procmux$3689.Y_B [26], Q = \cpu.decoded_imm [26], rval = 1'0).
Adding SRST signal on $auto$ff.cc:266:slice$11883 ($_DFFE_PP_) from module picosoc (D = $flatten\cpu.$procmux$3689.Y_B [25], Q = \cpu.decoded_imm [25], rval = 1'0).
Adding SRST signal on $auto$ff.cc:266:slice$11882 ($_DFFE_PP_) from module picosoc (D = $flatten\cpu.$procmux$3689.Y_B [24], Q = \cpu.decoded_imm [24], rval = 1'0).
Adding SRST signal on $auto$ff.cc:266:slice$11881 ($_DFFE_PP_) from module picosoc (D = $flatten\cpu.$procmux$3689.Y_B [23], Q = \cpu.decoded_imm [23], rval = 1'0).
Adding SRST signal on $auto$ff.cc:266:slice$11880 ($_DFFE_PP_) from module picosoc (D = $flatten\cpu.$procmux$3689.Y_B [22], Q = \cpu.decoded_imm [22], rval = 1'0).
Adding SRST signal on $auto$ff.cc:266:slice$11879 ($_DFFE_PP_) from module picosoc (D = $flatten\cpu.$procmux$3689.Y_B [21], Q = \cpu.decoded_imm [21], rval = 1'0).
Adding SRST signal on $auto$ff.cc:266:slice$11878 ($_DFFE_PP_) from module picosoc (D = $flatten\cpu.$procmux$3689.Y_B [20], Q = \cpu.decoded_imm [20], rval = 1'0).
Adding SRST signal on $auto$ff.cc:266:slice$11877 ($_DFFE_PP_) from module picosoc (D = $flatten\cpu.$procmux$3689.Y_B [19], Q = \cpu.decoded_imm [19], rval = 1'0).
Adding SRST signal on $auto$ff.cc:266:slice$11876 ($_DFFE_PP_) from module picosoc (D = $flatten\cpu.$procmux$3689.Y_B [18], Q = \cpu.decoded_imm [18], rval = 1'0).
Adding SRST signal on $auto$ff.cc:266:slice$11875 ($_DFFE_PP_) from module picosoc (D = $flatten\cpu.$procmux$3689.Y_B [17], Q = \cpu.decoded_imm [17], rval = 1'0).
Adding SRST signal on $auto$ff.cc:266:slice$11874 ($_DFFE_PP_) from module picosoc (D = $flatten\cpu.$procmux$3689.Y_B [16], Q = \cpu.decoded_imm [16], rval = 1'0).
Adding SRST signal on $auto$ff.cc:266:slice$11873 ($_DFFE_PP_) from module picosoc (D = $flatten\cpu.$procmux$3689.Y_B [15], Q = \cpu.decoded_imm [15], rval = 1'0).
Adding SRST signal on $auto$ff.cc:266:slice$11872 ($_DFFE_PP_) from module picosoc (D = $flatten\cpu.$procmux$3689.Y_B [14], Q = \cpu.decoded_imm [14], rval = 1'0).
Adding SRST signal on $auto$ff.cc:266:slice$11871 ($_DFFE_PP_) from module picosoc (D = $flatten\cpu.$procmux$3689.Y_B [13], Q = \cpu.decoded_imm [13], rval = 1'0).
Adding SRST signal on $auto$ff.cc:266:slice$11870 ($_DFFE_PP_) from module picosoc (D = $flatten\cpu.$procmux$3689.Y_B [12], Q = \cpu.decoded_imm [12], rval = 1'0).
Adding SRST signal on $auto$ff.cc:266:slice$11869 ($_DFFE_PP_) from module picosoc (D = $flatten\cpu.$procmux$3689.Y_B [11], Q = \cpu.decoded_imm [11], rval = 1'0).
Adding SRST signal on $auto$ff.cc:266:slice$11868 ($_DFFE_PP_) from module picosoc (D = $flatten\cpu.$procmux$3689.Y_B [10], Q = \cpu.decoded_imm [10], rval = 1'0).
Adding SRST signal on $auto$ff.cc:266:slice$11867 ($_DFFE_PP_) from module picosoc (D = $flatten\cpu.$procmux$3689.Y_B [9], Q = \cpu.decoded_imm [9], rval = 1'0).
Adding SRST signal on $auto$ff.cc:266:slice$11866 ($_DFFE_PP_) from module picosoc (D = $flatten\cpu.$procmux$3689.Y_B [8], Q = \cpu.decoded_imm [8], rval = 1'0).
Adding SRST signal on $auto$ff.cc:266:slice$11865 ($_DFFE_PP_) from module picosoc (D = $flatten\cpu.$procmux$3689.Y_B [7], Q = \cpu.decoded_imm [7], rval = 1'0).
Adding SRST signal on $auto$ff.cc:266:slice$11864 ($_DFFE_PP_) from module picosoc (D = $flatten\cpu.$procmux$3689.Y_B [6], Q = \cpu.decoded_imm [6], rval = 1'0).
Adding SRST signal on $auto$ff.cc:266:slice$11863 ($_DFFE_PP_) from module picosoc (D = $flatten\cpu.$procmux$3689.Y_B [5], Q = \cpu.decoded_imm [5], rval = 1'0).
Adding SRST signal on $auto$ff.cc:266:slice$11862 ($_DFFE_PP_) from module picosoc (D = $flatten\cpu.$procmux$3689.Y_B [4], Q = \cpu.decoded_imm [4], rval = 1'0).
Adding SRST signal on $auto$ff.cc:266:slice$11861 ($_DFFE_PP_) from module picosoc (D = $flatten\cpu.$procmux$3689.Y_B [3], Q = \cpu.decoded_imm [3], rval = 1'0).
Adding SRST signal on $auto$ff.cc:266:slice$11860 ($_DFFE_PP_) from module picosoc (D = $flatten\cpu.$procmux$3689.Y_B [2], Q = \cpu.decoded_imm [2], rval = 1'0).
Adding SRST signal on $auto$ff.cc:266:slice$11859 ($_DFFE_PP_) from module picosoc (D = $flatten\cpu.$procmux$3689.Y_B [1], Q = \cpu.decoded_imm [1], rval = 1'0).
Adding EN signal on $auto$ff.cc:266:slice$11321 ($_SDFFE_PN0N_) from module picosoc (D = $flatten\cpu.$procmux$2172.B_AND_S [32], Q = \cpu.reg_next_pc [0]).

13.9. Executing OPT_CLEAN pass (remove unused cells and wires).
Finding unused cells or wires in module \picosoc..
Removed 47 unused cells and 12 unused wires.
<suppressed ~48 debug messages>

13.10. Rerunning OPT passes. (Removed registers in this run.)

13.11. Executing OPT_EXPR pass (perform const folding).
Optimizing module picosoc.

13.12. Executing OPT_MERGE pass (detect identical cells).
Finding identical cells in module `\picosoc'.
<suppressed ~18 debug messages>
Removed a total of 6 cells.

13.13. Executing OPT_DFF pass (perform DFF optimizations).

13.14. Executing OPT_CLEAN pass (remove unused cells and wires).
Finding unused cells or wires in module \picosoc..
Removed 0 unused cells and 6 unused wires.
<suppressed ~1 debug messages>

13.15. Finished fast OPT passes.

14. Executing DFFLIBMAP pass (mapping DFF cells to sequential cells from liberty file).
Warning: Found unsupported expression 'D&!SCE|SCD&SCE' in pin attribute of cell 'sky130_fd_sc_hd__sdfbbn_1' - skipping.
Warning: Found unsupported expression 'D&!SCE|SCD&SCE' in pin attribute of cell 'sky130_fd_sc_hd__sdfbbn_2' - skipping.
Warning: Found unsupported expression 'D&!SCE|SCD&SCE' in pin attribute of cell 'sky130_fd_sc_hd__sdfrtn_1' - skipping.
Warning: Found unsupported expression 'D&DE|IQ&!DE' in pin attribute of cell 'sky130_fd_sc_hd__edfxbp_1' - skipping.
Warning: Found unsupported expression 'D&DE|IQ&!DE' in pin attribute of cell 'sky130_fd_sc_hd__edfxtp_1' - skipping.
Warning: Found unsupported expression 'D&!SCE|SCD&SCE' in pin attribute of cell 'sky130_fd_sc_hd__sdfbbp_1' - skipping.
Warning: Found unsupported expression 'D&!SCE|SCD&SCE' in pin attribute of cell 'sky130_fd_sc_hd__sdfrbp_1' - skipping.
Warning: Found unsupported expression 'D&!SCE|SCD&SCE' in pin attribute of cell 'sky130_fd_sc_hd__sdfrbp_2' - skipping.
Warning: Found unsupported expression 'D&!SCE|SCD&SCE' in pin attribute of cell 'sky130_fd_sc_hd__sdfrtp_1' - skipping.
Warning: Found unsupported expression 'D&!SCE|SCD&SCE' in pin attribute of cell 'sky130_fd_sc_hd__sdfrtp_2' - skipping.
Warning: Found unsupported expression 'D&!SCE|SCD&SCE' in pin attribute of cell 'sky130_fd_sc_hd__sdfrtp_4' - skipping.
Warning: Found unsupported expression 'D&!SCE|SCD&SCE' in pin attribute of cell 'sky130_fd_sc_hd__sdfsbp_1' - skipping.
Warning: Found unsupported expression 'D&!SCE|SCD&SCE' in pin attribute of cell 'sky130_fd_sc_hd__sdfsbp_2' - skipping.
Warning: Found unsupported expression 'D&!SCE|SCD&SCE' in pin attribute of cell 'sky130_fd_sc_hd__sdfstp_1' - skipping.
Warning: Found unsupported expression 'D&!SCE|SCD&SCE' in pin attribute of cell 'sky130_fd_sc_hd__sdfstp_2' - skipping.
Warning: Found unsupported expression 'D&!SCE|SCD&SCE' in pin attribute of cell 'sky130_fd_sc_hd__sdfstp_4' - skipping.
Warning: Found unsupported expression 'D&!SCE|SCD&SCE' in pin attribute of cell 'sky130_fd_sc_hd__sdfxbp_1' - skipping.
Warning: Found unsupported expression 'D&!SCE|SCD&SCE' in pin attribute of cell 'sky130_fd_sc_hd__sdfxbp_2' - skipping.
Warning: Found unsupported expression 'D&!SCE|SCD&SCE' in pin attribute of cell 'sky130_fd_sc_hd__sdfxtp_1' - skipping.
Warning: Found unsupported expression 'D&!SCE|SCD&SCE' in pin attribute of cell 'sky130_fd_sc_hd__sdfxtp_2' - skipping.
Warning: Found unsupported expression 'D&!SCE|SCD&SCE' in pin attribute of cell 'sky130_fd_sc_hd__sdfxtp_4' - skipping.
Warning: Found unsupported expression 'D&DE&!SCE|IQ&!DE&!SCE|SCD&SCE' in pin attribute of cell 'sky130_fd_sc_hd__sedfxbp_1' - skipping.
Warning: Found unsupported expression 'D&DE&!SCE|IQ&!DE&!SCE|SCD&SCE' in pin attribute of cell 'sky130_fd_sc_hd__sedfxbp_2' - skipping.
Warning: Found unsupported expression 'D&DE&!SCE|IQ&!DE&!SCE|SCD&SCE' in pin attribute of cell 'sky130_fd_sc_hd__sedfxtp_1' - skipping.
Warning: Found unsupported expression 'D&DE&!SCE|IQ&!DE&!SCE|SCD&SCE' in pin attribute of cell 'sky130_fd_sc_hd__sedfxtp_2' - skipping.
Warning: Found unsupported expression 'D&DE&!SCE|IQ&!DE&!SCE|SCD&SCE' in pin attribute of cell 'sky130_fd_sc_hd__sedfxtp_4' - skipping.
  cell sky130_fd_sc_hd__dfxtp_1 (noninv, pins=3, area=20.02) is a direct match for cell type $_DFF_P_.
Warning: Found unsupported expression 'D&!SCE|SCD&SCE' in pin attribute of cell 'sky130_fd_sc_hd__sdfbbn_1' - skipping.
Warning: Found unsupported expression 'D&!SCE|SCD&SCE' in pin attribute of cell 'sky130_fd_sc_hd__sdfbbn_2' - skipping.
Warning: Found unsupported expression 'D&!SCE|SCD&SCE' in pin attribute of cell 'sky130_fd_sc_hd__sdfrtn_1' - skipping.
  cell sky130_fd_sc_hd__dfrtn_1 (noninv, pins=4, area=25.02) is a direct match for cell type $_DFF_NN0_.
Warning: Found unsupported expression 'D&!SCE|SCD&SCE' in pin attribute of cell 'sky130_fd_sc_hd__sdfbbn_1' - skipping.
Warning: Found unsupported expression 'D&!SCE|SCD&SCE' in pin attribute of cell 'sky130_fd_sc_hd__sdfbbn_2' - skipping.
Warning: Found unsupported expression 'D&!SCE|SCD&SCE' in pin attribute of cell 'sky130_fd_sc_hd__sdfrtn_1' - skipping.
Warning: Found unsupported expression 'D&!SCE|SCD&SCE' in pin attribute of cell 'sky130_fd_sc_hd__sdfbbn_1' - skipping.
Warning: Found unsupported expression 'D&!SCE|SCD&SCE' in pin attribute of cell 'sky130_fd_sc_hd__sdfbbn_2' - skipping.
Warning: Found unsupported expression 'D&!SCE|SCD&SCE' in pin attribute of cell 'sky130_fd_sc_hd__sdfrtn_1' - skipping.
Warning: Found unsupported expression 'D&!SCE|SCD&SCE' in pin attribute of cell 'sky130_fd_sc_hd__sdfbbn_1' - skipping.
Warning: Found unsupported expression 'D&!SCE|SCD&SCE' in pin attribute of cell 'sky130_fd_sc_hd__sdfbbn_2' - skipping.
Warning: Found unsupported expression 'D&!SCE|SCD&SCE' in pin attribute of cell 'sky130_fd_sc_hd__sdfrtn_1' - skipping.
Warning: Found unsupported expression 'D&DE|IQ&!DE' in pin attribute of cell 'sky130_fd_sc_hd__edfxbp_1' - skipping.
Warning: Found unsupported expression 'D&DE|IQ&!DE' in pin attribute of cell 'sky130_fd_sc_hd__edfxtp_1' - skipping.
Warning: Found unsupported expression 'D&!SCE|SCD&SCE' in pin attribute of cell 'sky130_fd_sc_hd__sdfbbp_1' - skipping.
Warning: Found unsupported expression 'D&!SCE|SCD&SCE' in pin attribute of cell 'sky130_fd_sc_hd__sdfrbp_1' - skipping.
Warning: Found unsupported expression 'D&!SCE|SCD&SCE' in pin attribute of cell 'sky130_fd_sc_hd__sdfrbp_2' - skipping.
Warning: Found unsupported expression 'D&!SCE|SCD&SCE' in pin attribute of cell 'sky130_fd_sc_hd__sdfrtp_1' - skipping.
Warning: Found unsupported expression 'D&!SCE|SCD&SCE' in pin attribute of cell 'sky130_fd_sc_hd__sdfrtp_2' - skipping.
Warning: Found unsupported expression 'D&!SCE|SCD&SCE' in pin attribute of cell 'sky130_fd_sc_hd__sdfrtp_4' - skipping.
Warning: Found unsupported expression 'D&!SCE|SCD&SCE' in pin attribute of cell 'sky130_fd_sc_hd__sdfsbp_1' - skipping.
Warning: Found unsupported expression 'D&!SCE|SCD&SCE' in pin attribute of cell 'sky130_fd_sc_hd__sdfsbp_2' - skipping.
Warning: Found unsupported expression 'D&!SCE|SCD&SCE' in pin attribute of cell 'sky130_fd_sc_hd__sdfstp_1' - skipping.
Warning: Found unsupported expression 'D&!SCE|SCD&SCE' in pin attribute of cell 'sky130_fd_sc_hd__sdfstp_2' - skipping.
Warning: Found unsupported expression 'D&!SCE|SCD&SCE' in pin attribute of cell 'sky130_fd_sc_hd__sdfstp_4' - skipping.
Warning: Found unsupported expression 'D&!SCE|SCD&SCE' in pin attribute of cell 'sky130_fd_sc_hd__sdfxbp_1' - skipping.
Warning: Found unsupported expression 'D&!SCE|SCD&SCE' in pin attribute of cell 'sky130_fd_sc_hd__sdfxbp_2' - skipping.
Warning: Found unsupported expression 'D&!SCE|SCD&SCE' in pin attribute of cell 'sky130_fd_sc_hd__sdfxtp_1' - skipping.
Warning: Found unsupported expression 'D&!SCE|SCD&SCE' in pin attribute of cell 'sky130_fd_sc_hd__sdfxtp_2' - skipping.
Warning: Found unsupported expression 'D&!SCE|SCD&SCE' in pin attribute of cell 'sky130_fd_sc_hd__sdfxtp_4' - skipping.
Warning: Found unsupported expression 'D&DE&!SCE|IQ&!DE&!SCE|SCD&SCE' in pin attribute of cell 'sky130_fd_sc_hd__sedfxbp_1' - skipping.
Warning: Found unsupported expression 'D&DE&!SCE|IQ&!DE&!SCE|SCD&SCE' in pin attribute of cell 'sky130_fd_sc_hd__sedfxbp_2' - skipping.
Warning: Found unsupported expression 'D&DE&!SCE|IQ&!DE&!SCE|SCD&SCE' in pin attribute of cell 'sky130_fd_sc_hd__sedfxtp_1' - skipping.
Warning: Found unsupported expression 'D&DE&!SCE|IQ&!DE&!SCE|SCD&SCE' in pin attribute of cell 'sky130_fd_sc_hd__sedfxtp_2' - skipping.
Warning: Found unsupported expression 'D&DE&!SCE|IQ&!DE&!SCE|SCD&SCE' in pin attribute of cell 'sky130_fd_sc_hd__sedfxtp_4' - skipping.
  cell sky130_fd_sc_hd__dfrtp_1 (noninv, pins=4, area=25.02) is a direct match for cell type $_DFF_PN0_.
Warning: Found unsupported expression 'D&DE|IQ&!DE' in pin attribute of cell 'sky130_fd_sc_hd__edfxbp_1' - skipping.
Warning: Found unsupported expression 'D&DE|IQ&!DE' in pin attribute of cell 'sky130_fd_sc_hd__edfxtp_1' - skipping.
Warning: Found unsupported expression 'D&!SCE|SCD&SCE' in pin attribute of cell 'sky130_fd_sc_hd__sdfbbp_1' - skipping.
Warning: Found unsupported expression 'D&!SCE|SCD&SCE' in pin attribute of cell 'sky130_fd_sc_hd__sdfrbp_1' - skipping.
Warning: Found unsupported expression 'D&!SCE|SCD&SCE' in pin attribute of cell 'sky130_fd_sc_hd__sdfrbp_2' - skipping.
Warning: Found unsupported expression 'D&!SCE|SCD&SCE' in pin attribute of cell 'sky130_fd_sc_hd__sdfrtp_1' - skipping.
Warning: Found unsupported expression 'D&!SCE|SCD&SCE' in pin attribute of cell 'sky130_fd_sc_hd__sdfrtp_2' - skipping.
Warning: Found unsupported expression 'D&!SCE|SCD&SCE' in pin attribute of cell 'sky130_fd_sc_hd__sdfrtp_4' - skipping.
Warning: Found unsupported expression 'D&!SCE|SCD&SCE' in pin attribute of cell 'sky130_fd_sc_hd__sdfsbp_1' - skipping.
Warning: Found unsupported expression 'D&!SCE|SCD&SCE' in pin attribute of cell 'sky130_fd_sc_hd__sdfsbp_2' - skipping.
Warning: Found unsupported expression 'D&!SCE|SCD&SCE' in pin attribute of cell 'sky130_fd_sc_hd__sdfstp_1' - skipping.
Warning: Found unsupported expression 'D&!SCE|SCD&SCE' in pin attribute of cell 'sky130_fd_sc_hd__sdfstp_2' - skipping.
Warning: Found unsupported expression 'D&!SCE|SCD&SCE' in pin attribute of cell 'sky130_fd_sc_hd__sdfstp_4' - skipping.
Warning: Found unsupported expression 'D&!SCE|SCD&SCE' in pin attribute of cell 'sky130_fd_sc_hd__sdfxbp_1' - skipping.
Warning: Found unsupported expression 'D&!SCE|SCD&SCE' in pin attribute of cell 'sky130_fd_sc_hd__sdfxbp_2' - skipping.
Warning: Found unsupported expression 'D&!SCE|SCD&SCE' in pin attribute of cell 'sky130_fd_sc_hd__sdfxtp_1' - skipping.
Warning: Found unsupported expression 'D&!SCE|SCD&SCE' in pin attribute of cell 'sky130_fd_sc_hd__sdfxtp_2' - skipping.
Warning: Found unsupported expression 'D&!SCE|SCD&SCE' in pin attribute of cell 'sky130_fd_sc_hd__sdfxtp_4' - skipping.
Warning: Found unsupported expression 'D&DE&!SCE|IQ&!DE&!SCE|SCD&SCE' in pin attribute of cell 'sky130_fd_sc_hd__sedfxbp_1' - skipping.
Warning: Found unsupported expression 'D&DE&!SCE|IQ&!DE&!SCE|SCD&SCE' in pin attribute of cell 'sky130_fd_sc_hd__sedfxbp_2' - skipping.
Warning: Found unsupported expression 'D&DE&!SCE|IQ&!DE&!SCE|SCD&SCE' in pin attribute of cell 'sky130_fd_sc_hd__sedfxtp_1' - skipping.
Warning: Found unsupported expression 'D&DE&!SCE|IQ&!DE&!SCE|SCD&SCE' in pin attribute of cell 'sky130_fd_sc_hd__sedfxtp_2' - skipping.
Warning: Found unsupported expression 'D&DE&!SCE|IQ&!DE&!SCE|SCD&SCE' in pin attribute of cell 'sky130_fd_sc_hd__sedfxtp_4' - skipping.
  cell sky130_fd_sc_hd__dfstp_2 (noninv, pins=4, area=26.28) is a direct match for cell type $_DFF_PN1_.
Warning: Found unsupported expression 'D&DE|IQ&!DE' in pin attribute of cell 'sky130_fd_sc_hd__edfxbp_1' - skipping.
Warning: Found unsupported expression 'D&DE|IQ&!DE' in pin attribute of cell 'sky130_fd_sc_hd__edfxtp_1' - skipping.
Warning: Found unsupported expression 'D&!SCE|SCD&SCE' in pin attribute of cell 'sky130_fd_sc_hd__sdfbbp_1' - skipping.
Warning: Found unsupported expression 'D&!SCE|SCD&SCE' in pin attribute of cell 'sky130_fd_sc_hd__sdfrbp_1' - skipping.
Warning: Found unsupported expression 'D&!SCE|SCD&SCE' in pin attribute of cell 'sky130_fd_sc_hd__sdfrbp_2' - skipping.
Warning: Found unsupported expression 'D&!SCE|SCD&SCE' in pin attribute of cell 'sky130_fd_sc_hd__sdfrtp_1' - skipping.
Warning: Found unsupported expression 'D&!SCE|SCD&SCE' in pin attribute of cell 'sky130_fd_sc_hd__sdfrtp_2' - skipping.
Warning: Found unsupported expression 'D&!SCE|SCD&SCE' in pin attribute of cell 'sky130_fd_sc_hd__sdfrtp_4' - skipping.
Warning: Found unsupported expression 'D&!SCE|SCD&SCE' in pin attribute of cell 'sky130_fd_sc_hd__sdfsbp_1' - skipping.
Warning: Found unsupported expression 'D&!SCE|SCD&SCE' in pin attribute of cell 'sky130_fd_sc_hd__sdfsbp_2' - skipping.
Warning: Found unsupported expression 'D&!SCE|SCD&SCE' in pin attribute of cell 'sky130_fd_sc_hd__sdfstp_1' - skipping.
Warning: Found unsupported expression 'D&!SCE|SCD&SCE' in pin attribute of cell 'sky130_fd_sc_hd__sdfstp_2' - skipping.
Warning: Found unsupported expression 'D&!SCE|SCD&SCE' in pin attribute of cell 'sky130_fd_sc_hd__sdfstp_4' - skipping.
Warning: Found unsupported expression 'D&!SCE|SCD&SCE' in pin attribute of cell 'sky130_fd_sc_hd__sdfxbp_1' - skipping.
Warning: Found unsupported expression 'D&!SCE|SCD&SCE' in pin attribute of cell 'sky130_fd_sc_hd__sdfxbp_2' - skipping.
Warning: Found unsupported expression 'D&!SCE|SCD&SCE' in pin attribute of cell 'sky130_fd_sc_hd__sdfxtp_1' - skipping.
Warning: Found unsupported expression 'D&!SCE|SCD&SCE' in pin attribute of cell 'sky130_fd_sc_hd__sdfxtp_2' - skipping.
Warning: Found unsupported expression 'D&!SCE|SCD&SCE' in pin attribute of cell 'sky130_fd_sc_hd__sdfxtp_4' - skipping.
Warning: Found unsupported expression 'D&DE&!SCE|IQ&!DE&!SCE|SCD&SCE' in pin attribute of cell 'sky130_fd_sc_hd__sedfxbp_1' - skipping.
Warning: Found unsupported expression 'D&DE&!SCE|IQ&!DE&!SCE|SCD&SCE' in pin attribute of cell 'sky130_fd_sc_hd__sedfxbp_2' - skipping.
Warning: Found unsupported expression 'D&DE&!SCE|IQ&!DE&!SCE|SCD&SCE' in pin attribute of cell 'sky130_fd_sc_hd__sedfxtp_1' - skipping.
Warning: Found unsupported expression 'D&DE&!SCE|IQ&!DE&!SCE|SCD&SCE' in pin attribute of cell 'sky130_fd_sc_hd__sedfxtp_2' - skipping.
Warning: Found unsupported expression 'D&DE&!SCE|IQ&!DE&!SCE|SCD&SCE' in pin attribute of cell 'sky130_fd_sc_hd__sedfxtp_4' - skipping.
Warning: Found unsupported expression 'D&DE|IQ&!DE' in pin attribute of cell 'sky130_fd_sc_hd__edfxbp_1' - skipping.
Warning: Found unsupported expression 'D&DE|IQ&!DE' in pin attribute of cell 'sky130_fd_sc_hd__edfxtp_1' - skipping.
Warning: Found unsupported expression 'D&!SCE|SCD&SCE' in pin attribute of cell 'sky130_fd_sc_hd__sdfbbp_1' - skipping.
Warning: Found unsupported expression 'D&!SCE|SCD&SCE' in pin attribute of cell 'sky130_fd_sc_hd__sdfrbp_1' - skipping.
Warning: Found unsupported expression 'D&!SCE|SCD&SCE' in pin attribute of cell 'sky130_fd_sc_hd__sdfrbp_2' - skipping.
Warning: Found unsupported expression 'D&!SCE|SCD&SCE' in pin attribute of cell 'sky130_fd_sc_hd__sdfrtp_1' - skipping.
Warning: Found unsupported expression 'D&!SCE|SCD&SCE' in pin attribute of cell 'sky130_fd_sc_hd__sdfrtp_2' - skipping.
Warning: Found unsupported expression 'D&!SCE|SCD&SCE' in pin attribute of cell 'sky130_fd_sc_hd__sdfrtp_4' - skipping.
Warning: Found unsupported expression 'D&!SCE|SCD&SCE' in pin attribute of cell 'sky130_fd_sc_hd__sdfsbp_1' - skipping.
Warning: Found unsupported expression 'D&!SCE|SCD&SCE' in pin attribute of cell 'sky130_fd_sc_hd__sdfsbp_2' - skipping.
Warning: Found unsupported expression 'D&!SCE|SCD&SCE' in pin attribute of cell 'sky130_fd_sc_hd__sdfstp_1' - skipping.
Warning: Found unsupported expression 'D&!SCE|SCD&SCE' in pin attribute of cell 'sky130_fd_sc_hd__sdfstp_2' - skipping.
Warning: Found unsupported expression 'D&!SCE|SCD&SCE' in pin attribute of cell 'sky130_fd_sc_hd__sdfstp_4' - skipping.
Warning: Found unsupported expression 'D&!SCE|SCD&SCE' in pin attribute of cell 'sky130_fd_sc_hd__sdfxbp_1' - skipping.
Warning: Found unsupported expression 'D&!SCE|SCD&SCE' in pin attribute of cell 'sky130_fd_sc_hd__sdfxbp_2' - skipping.
Warning: Found unsupported expression 'D&!SCE|SCD&SCE' in pin attribute of cell 'sky130_fd_sc_hd__sdfxtp_1' - skipping.
Warning: Found unsupported expression 'D&!SCE|SCD&SCE' in pin attribute of cell 'sky130_fd_sc_hd__sdfxtp_2' - skipping.
Warning: Found unsupported expression 'D&!SCE|SCD&SCE' in pin attribute of cell 'sky130_fd_sc_hd__sdfxtp_4' - skipping.
Warning: Found unsupported expression 'D&DE&!SCE|IQ&!DE&!SCE|SCD&SCE' in pin attribute of cell 'sky130_fd_sc_hd__sedfxbp_1' - skipping.
Warning: Found unsupported expression 'D&DE&!SCE|IQ&!DE&!SCE|SCD&SCE' in pin attribute of cell 'sky130_fd_sc_hd__sedfxbp_2' - skipping.
Warning: Found unsupported expression 'D&DE&!SCE|IQ&!DE&!SCE|SCD&SCE' in pin attribute of cell 'sky130_fd_sc_hd__sedfxtp_1' - skipping.
Warning: Found unsupported expression 'D&DE&!SCE|IQ&!DE&!SCE|SCD&SCE' in pin attribute of cell 'sky130_fd_sc_hd__sedfxtp_2' - skipping.
Warning: Found unsupported expression 'D&DE&!SCE|IQ&!DE&!SCE|SCD&SCE' in pin attribute of cell 'sky130_fd_sc_hd__sedfxtp_4' - skipping.
Warning: Found unsupported expression 'D&!SCE|SCD&SCE' in pin attribute of cell 'sky130_fd_sc_hd__sdfbbn_1' - skipping.
Warning: Found unsupported expression 'D&!SCE|SCD&SCE' in pin attribute of cell 'sky130_fd_sc_hd__sdfbbn_2' - skipping.
Warning: Found unsupported expression 'D&!SCE|SCD&SCE' in pin attribute of cell 'sky130_fd_sc_hd__sdfrtn_1' - skipping.
  cell sky130_fd_sc_hd__dfbbn_1 (noninv, pins=6, area=32.53) is a direct match for cell type $_DFFSR_NNN_.
Warning: Found unsupported expression 'D&!SCE|SCD&SCE' in pin attribute of cell 'sky130_fd_sc_hd__sdfbbn_1' - skipping.
Warning: Found unsupported expression 'D&!SCE|SCD&SCE' in pin attribute of cell 'sky130_fd_sc_hd__sdfbbn_2' - skipping.
Warning: Found unsupported expression 'D&!SCE|SCD&SCE' in pin attribute of cell 'sky130_fd_sc_hd__sdfrtn_1' - skipping.
Warning: Found unsupported expression 'D&!SCE|SCD&SCE' in pin attribute of cell 'sky130_fd_sc_hd__sdfbbn_1' - skipping.
Warning: Found unsupported expression 'D&!SCE|SCD&SCE' in pin attribute of cell 'sky130_fd_sc_hd__sdfbbn_2' - skipping.
Warning: Found unsupported expression 'D&!SCE|SCD&SCE' in pin attribute of cell 'sky130_fd_sc_hd__sdfrtn_1' - skipping.
Warning: Found unsupported expression 'D&!SCE|SCD&SCE' in pin attribute of cell 'sky130_fd_sc_hd__sdfbbn_1' - skipping.
Warning: Found unsupported expression 'D&!SCE|SCD&SCE' in pin attribute of cell 'sky130_fd_sc_hd__sdfbbn_2' - skipping.
Warning: Found unsupported expression 'D&!SCE|SCD&SCE' in pin attribute of cell 'sky130_fd_sc_hd__sdfrtn_1' - skipping.
Warning: Found unsupported expression 'D&DE|IQ&!DE' in pin attribute of cell 'sky130_fd_sc_hd__edfxbp_1' - skipping.
Warning: Found unsupported expression 'D&DE|IQ&!DE' in pin attribute of cell 'sky130_fd_sc_hd__edfxtp_1' - skipping.
Warning: Found unsupported expression 'D&!SCE|SCD&SCE' in pin attribute of cell 'sky130_fd_sc_hd__sdfbbp_1' - skipping.
Warning: Found unsupported expression 'D&!SCE|SCD&SCE' in pin attribute of cell 'sky130_fd_sc_hd__sdfrbp_1' - skipping.
Warning: Found unsupported expression 'D&!SCE|SCD&SCE' in pin attribute of cell 'sky130_fd_sc_hd__sdfrbp_2' - skipping.
Warning: Found unsupported expression 'D&!SCE|SCD&SCE' in pin attribute of cell 'sky130_fd_sc_hd__sdfrtp_1' - skipping.
Warning: Found unsupported expression 'D&!SCE|SCD&SCE' in pin attribute of cell 'sky130_fd_sc_hd__sdfrtp_2' - skipping.
Warning: Found unsupported expression 'D&!SCE|SCD&SCE' in pin attribute of cell 'sky130_fd_sc_hd__sdfrtp_4' - skipping.
Warning: Found unsupported expression 'D&!SCE|SCD&SCE' in pin attribute of cell 'sky130_fd_sc_hd__sdfsbp_1' - skipping.
Warning: Found unsupported expression 'D&!SCE|SCD&SCE' in pin attribute of cell 'sky130_fd_sc_hd__sdfsbp_2' - skipping.
Warning: Found unsupported expression 'D&!SCE|SCD&SCE' in pin attribute of cell 'sky130_fd_sc_hd__sdfstp_1' - skipping.
Warning: Found unsupported expression 'D&!SCE|SCD&SCE' in pin attribute of cell 'sky130_fd_sc_hd__sdfstp_2' - skipping.
Warning: Found unsupported expression 'D&!SCE|SCD&SCE' in pin attribute of cell 'sky130_fd_sc_hd__sdfstp_4' - skipping.
Warning: Found unsupported expression 'D&!SCE|SCD&SCE' in pin attribute of cell 'sky130_fd_sc_hd__sdfxbp_1' - skipping.
Warning: Found unsupported expression 'D&!SCE|SCD&SCE' in pin attribute of cell 'sky130_fd_sc_hd__sdfxbp_2' - skipping.
Warning: Found unsupported expression 'D&!SCE|SCD&SCE' in pin attribute of cell 'sky130_fd_sc_hd__sdfxtp_1' - skipping.
Warning: Found unsupported expression 'D&!SCE|SCD&SCE' in pin attribute of cell 'sky130_fd_sc_hd__sdfxtp_2' - skipping.
Warning: Found unsupported expression 'D&!SCE|SCD&SCE' in pin attribute of cell 'sky130_fd_sc_hd__sdfxtp_4' - skipping.
Warning: Found unsupported expression 'D&DE&!SCE|IQ&!DE&!SCE|SCD&SCE' in pin attribute of cell 'sky130_fd_sc_hd__sedfxbp_1' - skipping.
Warning: Found unsupported expression 'D&DE&!SCE|IQ&!DE&!SCE|SCD&SCE' in pin attribute of cell 'sky130_fd_sc_hd__sedfxbp_2' - skipping.
Warning: Found unsupported expression 'D&DE&!SCE|IQ&!DE&!SCE|SCD&SCE' in pin attribute of cell 'sky130_fd_sc_hd__sedfxtp_1' - skipping.
Warning: Found unsupported expression 'D&DE&!SCE|IQ&!DE&!SCE|SCD&SCE' in pin attribute of cell 'sky130_fd_sc_hd__sedfxtp_2' - skipping.
Warning: Found unsupported expression 'D&DE&!SCE|IQ&!DE&!SCE|SCD&SCE' in pin attribute of cell 'sky130_fd_sc_hd__sedfxtp_4' - skipping.
  cell sky130_fd_sc_hd__dfbbp_1 (noninv, pins=6, area=32.53) is a direct match for cell type $_DFFSR_PNN_.
Warning: Found unsupported expression 'D&DE|IQ&!DE' in pin attribute of cell 'sky130_fd_sc_hd__edfxbp_1' - skipping.
Warning: Found unsupported expression 'D&DE|IQ&!DE' in pin attribute of cell 'sky130_fd_sc_hd__edfxtp_1' - skipping.
Warning: Found unsupported expression 'D&!SCE|SCD&SCE' in pin attribute of cell 'sky130_fd_sc_hd__sdfbbp_1' - skipping.
Warning: Found unsupported expression 'D&!SCE|SCD&SCE' in pin attribute of cell 'sky130_fd_sc_hd__sdfrbp_1' - skipping.
Warning: Found unsupported expression 'D&!SCE|SCD&SCE' in pin attribute of cell 'sky130_fd_sc_hd__sdfrbp_2' - skipping.
Warning: Found unsupported expression 'D&!SCE|SCD&SCE' in pin attribute of cell 'sky130_fd_sc_hd__sdfrtp_1' - skipping.
Warning: Found unsupported expression 'D&!SCE|SCD&SCE' in pin attribute of cell 'sky130_fd_sc_hd__sdfrtp_2' - skipping.
Warning: Found unsupported expression 'D&!SCE|SCD&SCE' in pin attribute of cell 'sky130_fd_sc_hd__sdfrtp_4' - skipping.
Warning: Found unsupported expression 'D&!SCE|SCD&SCE' in pin attribute of cell 'sky130_fd_sc_hd__sdfsbp_1' - skipping.
Warning: Found unsupported expression 'D&!SCE|SCD&SCE' in pin attribute of cell 'sky130_fd_sc_hd__sdfsbp_2' - skipping.
Warning: Found unsupported expression 'D&!SCE|SCD&SCE' in pin attribute of cell 'sky130_fd_sc_hd__sdfstp_1' - skipping.
Warning: Found unsupported expression 'D&!SCE|SCD&SCE' in pin attribute of cell 'sky130_fd_sc_hd__sdfstp_2' - skipping.
Warning: Found unsupported expression 'D&!SCE|SCD&SCE' in pin attribute of cell 'sky130_fd_sc_hd__sdfstp_4' - skipping.
Warning: Found unsupported expression 'D&!SCE|SCD&SCE' in pin attribute of cell 'sky130_fd_sc_hd__sdfxbp_1' - skipping.
Warning: Found unsupported expression 'D&!SCE|SCD&SCE' in pin attribute of cell 'sky130_fd_sc_hd__sdfxbp_2' - skipping.
Warning: Found unsupported expression 'D&!SCE|SCD&SCE' in pin attribute of cell 'sky130_fd_sc_hd__sdfxtp_1' - skipping.
Warning: Found unsupported expression 'D&!SCE|SCD&SCE' in pin attribute of cell 'sky130_fd_sc_hd__sdfxtp_2' - skipping.
Warning: Found unsupported expression 'D&!SCE|SCD&SCE' in pin attribute of cell 'sky130_fd_sc_hd__sdfxtp_4' - skipping.
Warning: Found unsupported expression 'D&DE&!SCE|IQ&!DE&!SCE|SCD&SCE' in pin attribute of cell 'sky130_fd_sc_hd__sedfxbp_1' - skipping.
Warning: Found unsupported expression 'D&DE&!SCE|IQ&!DE&!SCE|SCD&SCE' in pin attribute of cell 'sky130_fd_sc_hd__sedfxbp_2' - skipping.
Warning: Found unsupported expression 'D&DE&!SCE|IQ&!DE&!SCE|SCD&SCE' in pin attribute of cell 'sky130_fd_sc_hd__sedfxtp_1' - skipping.
Warning: Found unsupported expression 'D&DE&!SCE|IQ&!DE&!SCE|SCD&SCE' in pin attribute of cell 'sky130_fd_sc_hd__sedfxtp_2' - skipping.
Warning: Found unsupported expression 'D&DE&!SCE|IQ&!DE&!SCE|SCD&SCE' in pin attribute of cell 'sky130_fd_sc_hd__sedfxtp_4' - skipping.
Warning: Found unsupported expression 'D&DE|IQ&!DE' in pin attribute of cell 'sky130_fd_sc_hd__edfxbp_1' - skipping.
Warning: Found unsupported expression 'D&DE|IQ&!DE' in pin attribute of cell 'sky130_fd_sc_hd__edfxtp_1' - skipping.
Warning: Found unsupported expression 'D&!SCE|SCD&SCE' in pin attribute of cell 'sky130_fd_sc_hd__sdfbbp_1' - skipping.
Warning: Found unsupported expression 'D&!SCE|SCD&SCE' in pin attribute of cell 'sky130_fd_sc_hd__sdfrbp_1' - skipping.
Warning: Found unsupported expression 'D&!SCE|SCD&SCE' in pin attribute of cell 'sky130_fd_sc_hd__sdfrbp_2' - skipping.
Warning: Found unsupported expression 'D&!SCE|SCD&SCE' in pin attribute of cell 'sky130_fd_sc_hd__sdfrtp_1' - skipping.
Warning: Found unsupported expression 'D&!SCE|SCD&SCE' in pin attribute of cell 'sky130_fd_sc_hd__sdfrtp_2' - skipping.
Warning: Found unsupported expression 'D&!SCE|SCD&SCE' in pin attribute of cell 'sky130_fd_sc_hd__sdfrtp_4' - skipping.
Warning: Found unsupported expression 'D&!SCE|SCD&SCE' in pin attribute of cell 'sky130_fd_sc_hd__sdfsbp_1' - skipping.
Warning: Found unsupported expression 'D&!SCE|SCD&SCE' in pin attribute of cell 'sky130_fd_sc_hd__sdfsbp_2' - skipping.
Warning: Found unsupported expression 'D&!SCE|SCD&SCE' in pin attribute of cell 'sky130_fd_sc_hd__sdfstp_1' - skipping.
Warning: Found unsupported expression 'D&!SCE|SCD&SCE' in pin attribute of cell 'sky130_fd_sc_hd__sdfstp_2' - skipping.
Warning: Found unsupported expression 'D&!SCE|SCD&SCE' in pin attribute of cell 'sky130_fd_sc_hd__sdfstp_4' - skipping.
Warning: Found unsupported expression 'D&!SCE|SCD&SCE' in pin attribute of cell 'sky130_fd_sc_hd__sdfxbp_1' - skipping.
Warning: Found unsupported expression 'D&!SCE|SCD&SCE' in pin attribute of cell 'sky130_fd_sc_hd__sdfxbp_2' - skipping.
Warning: Found unsupported expression 'D&!SCE|SCD&SCE' in pin attribute of cell 'sky130_fd_sc_hd__sdfxtp_1' - skipping.
Warning: Found unsupported expression 'D&!SCE|SCD&SCE' in pin attribute of cell 'sky130_fd_sc_hd__sdfxtp_2' - skipping.
Warning: Found unsupported expression 'D&!SCE|SCD&SCE' in pin attribute of cell 'sky130_fd_sc_hd__sdfxtp_4' - skipping.
Warning: Found unsupported expression 'D&DE&!SCE|IQ&!DE&!SCE|SCD&SCE' in pin attribute of cell 'sky130_fd_sc_hd__sedfxbp_1' - skipping.
Warning: Found unsupported expression 'D&DE&!SCE|IQ&!DE&!SCE|SCD&SCE' in pin attribute of cell 'sky130_fd_sc_hd__sedfxbp_2' - skipping.
Warning: Found unsupported expression 'D&DE&!SCE|IQ&!DE&!SCE|SCD&SCE' in pin attribute of cell 'sky130_fd_sc_hd__sedfxtp_1' - skipping.
Warning: Found unsupported expression 'D&DE&!SCE|IQ&!DE&!SCE|SCD&SCE' in pin attribute of cell 'sky130_fd_sc_hd__sedfxtp_2' - skipping.
Warning: Found unsupported expression 'D&DE&!SCE|IQ&!DE&!SCE|SCD&SCE' in pin attribute of cell 'sky130_fd_sc_hd__sedfxtp_4' - skipping.
Warning: Found unsupported expression 'D&DE|IQ&!DE' in pin attribute of cell 'sky130_fd_sc_hd__edfxbp_1' - skipping.
Warning: Found unsupported expression 'D&DE|IQ&!DE' in pin attribute of cell 'sky130_fd_sc_hd__edfxtp_1' - skipping.
Warning: Found unsupported expression 'D&!SCE|SCD&SCE' in pin attribute of cell 'sky130_fd_sc_hd__sdfbbp_1' - skipping.
Warning: Found unsupported expression 'D&!SCE|SCD&SCE' in pin attribute of cell 'sky130_fd_sc_hd__sdfrbp_1' - skipping.
Warning: Found unsupported expression 'D&!SCE|SCD&SCE' in pin attribute of cell 'sky130_fd_sc_hd__sdfrbp_2' - skipping.
Warning: Found unsupported expression 'D&!SCE|SCD&SCE' in pin attribute of cell 'sky130_fd_sc_hd__sdfrtp_1' - skipping.
Warning: Found unsupported expression 'D&!SCE|SCD&SCE' in pin attribute of cell 'sky130_fd_sc_hd__sdfrtp_2' - skipping.
Warning: Found unsupported expression 'D&!SCE|SCD&SCE' in pin attribute of cell 'sky130_fd_sc_hd__sdfrtp_4' - skipping.
Warning: Found unsupported expression 'D&!SCE|SCD&SCE' in pin attribute of cell 'sky130_fd_sc_hd__sdfsbp_1' - skipping.
Warning: Found unsupported expression 'D&!SCE|SCD&SCE' in pin attribute of cell 'sky130_fd_sc_hd__sdfsbp_2' - skipping.
Warning: Found unsupported expression 'D&!SCE|SCD&SCE' in pin attribute of cell 'sky130_fd_sc_hd__sdfstp_1' - skipping.
Warning: Found unsupported expression 'D&!SCE|SCD&SCE' in pin attribute of cell 'sky130_fd_sc_hd__sdfstp_2' - skipping.
Warning: Found unsupported expression 'D&!SCE|SCD&SCE' in pin attribute of cell 'sky130_fd_sc_hd__sdfstp_4' - skipping.
Warning: Found unsupported expression 'D&!SCE|SCD&SCE' in pin attribute of cell 'sky130_fd_sc_hd__sdfxbp_1' - skipping.
Warning: Found unsupported expression 'D&!SCE|SCD&SCE' in pin attribute of cell 'sky130_fd_sc_hd__sdfxbp_2' - skipping.
Warning: Found unsupported expression 'D&!SCE|SCD&SCE' in pin attribute of cell 'sky130_fd_sc_hd__sdfxtp_1' - skipping.
Warning: Found unsupported expression 'D&!SCE|SCD&SCE' in pin attribute of cell 'sky130_fd_sc_hd__sdfxtp_2' - skipping.
Warning: Found unsupported expression 'D&!SCE|SCD&SCE' in pin attribute of cell 'sky130_fd_sc_hd__sdfxtp_4' - skipping.
Warning: Found unsupported expression 'D&DE&!SCE|IQ&!DE&!SCE|SCD&SCE' in pin attribute of cell 'sky130_fd_sc_hd__sedfxbp_1' - skipping.
Warning: Found unsupported expression 'D&DE&!SCE|IQ&!DE&!SCE|SCD&SCE' in pin attribute of cell 'sky130_fd_sc_hd__sedfxbp_2' - skipping.
Warning: Found unsupported expression 'D&DE&!SCE|IQ&!DE&!SCE|SCD&SCE' in pin attribute of cell 'sky130_fd_sc_hd__sedfxtp_1' - skipping.
Warning: Found unsupported expression 'D&DE&!SCE|IQ&!DE&!SCE|SCD&SCE' in pin attribute of cell 'sky130_fd_sc_hd__sedfxtp_2' - skipping.
Warning: Found unsupported expression 'D&DE&!SCE|IQ&!DE&!SCE|SCD&SCE' in pin attribute of cell 'sky130_fd_sc_hd__sedfxtp_4' - skipping.
  final dff cell mappings:
    unmapped dff cell: $_DFF_N_
    \sky130_fd_sc_hd__dfxtp_1 _DFF_P_ (.CLK( C), .D( D), .Q( Q));
    \sky130_fd_sc_hd__dfrtn_1 _DFF_NN0_ (.CLK_N( C), .D( D), .Q( Q), .RESET_B( R));
    unmapped dff cell: $_DFF_NN1_
    unmapped dff cell: $_DFF_NP0_
    unmapped dff cell: $_DFF_NP1_
    \sky130_fd_sc_hd__dfrtp_1 _DFF_PN0_ (.CLK( C), .D( D), .Q( Q), .RESET_B( R));
    \sky130_fd_sc_hd__dfstp_2 _DFF_PN1_ (.CLK( C), .D( D), .Q( Q), .SET_B( R));
    unmapped dff cell: $_DFF_PP0_
    unmapped dff cell: $_DFF_PP1_
    \sky130_fd_sc_hd__dfbbn_1 _DFFSR_NNN_ (.CLK_N( C), .D( D), .Q( Q), .Q_N(~Q), .RESET_B( R), .SET_B( S));
    unmapped dff cell: $_DFFSR_NNP_
    unmapped dff cell: $_DFFSR_NPN_
    unmapped dff cell: $_DFFSR_NPP_
    \sky130_fd_sc_hd__dfbbp_1 _DFFSR_PNN_ (.CLK( C), .D( D), .Q( Q), .Q_N(~Q), .RESET_B( R), .SET_B( S));
    unmapped dff cell: $_DFFSR_PNP_
    unmapped dff cell: $_DFFSR_PPN_
    unmapped dff cell: $_DFFSR_PPP_

14.1. Executing DFFLEGALIZE pass (convert FFs to types supported by the target).
Mapping DFF cells in module `\picosoc':
  mapped 1444 $_DFF_P_ cells to \sky130_fd_sc_hd__dfxtp_1 cells.

15. Executing ABC pass (technology mapping using ABC).

15.1. Extracting gate netlist of module `\picosoc' to `<abc-temp-dir>/input.blif'..
Replacing 39 occurrences of constant undef bits with constant zero bits
Extracted 13360 gates and 14974 wires to a netlist network with 1611 inputs and 1483 outputs.

15.1.1. Executing ABC.
Running ABC command: "/nix/store/0lcxf72vg49zlzrv7vlsnv0ibna09hwx-yosys-abc/bin/abc" -s -f <abc-temp-dir>/abc.script 2>&1
ABC: ABC command line: "source <abc-temp-dir>/abc.script".
ABC: 
ABC: + read_blif <abc-temp-dir>/input.blif 
ABC: + read_lib -w /Users/hello.welcometothisdevice/.ciel/ciel/sky130/versions/0fe599b2afb6708d281543108caf8310912f54af/sky130A/libs.ref/sky130_fd_sc_hd/lib/sky130_fd_sc_hd__tt_025C_1v80.lib 
ABC: Parsing finished successfully.  Parsing time =     0.06 sec
ABC: Scl_LibertyReadGenlib() skipped cell "sky130_fd_sc_hd__decap_12" without logic function.
ABC: Scl_LibertyReadGenlib() skipped cell "sky130_fd_sc_hd__decap_3" without logic function.
ABC: Scl_LibertyReadGenlib() skipped cell "sky130_fd_sc_hd__decap_4" without logic function.
ABC: Scl_LibertyReadGenlib() skipped cell "sky130_fd_sc_hd__decap_6" without logic function.
ABC: Scl_LibertyReadGenlib() skipped cell "sky130_fd_sc_hd__decap_8" without logic function.
ABC: Scl_LibertyReadGenlib() skipped sequential cell "sky130_fd_sc_hd__dfbbn_1".
ABC: Scl_LibertyReadGenlib() skipped sequential cell "sky130_fd_sc_hd__dfbbn_2".
ABC: Scl_LibertyReadGenlib() skipped sequential cell "sky130_fd_sc_hd__dfbbp_1".
ABC: Scl_LibertyReadGenlib() skipped sequential cell "sky130_fd_sc_hd__dfrbp_1".
ABC: Scl_LibertyReadGenlib() skipped sequential cell "sky130_fd_sc_hd__dfrbp_2".
ABC: Scl_LibertyReadGenlib() skipped sequential cell "sky130_fd_sc_hd__dfrtn_1".
ABC: Scl_LibertyReadGenlib() skipped sequential cell "sky130_fd_sc_hd__dfrtp_1".
ABC: Scl_LibertyReadGenlib() skipped sequential cell "sky130_fd_sc_hd__dfrtp_2".
ABC: Scl_LibertyReadGenlib() skipped sequential cell "sky130_fd_sc_hd__dfrtp_4".
ABC: Scl_LibertyReadGenlib() skipped sequential cell "sky130_fd_sc_hd__dfsbp_1".
ABC: Scl_LibertyReadGenlib() skipped sequential cell "sky130_fd_sc_hd__dfsbp_2".
ABC: Scl_LibertyReadGenlib() skipped sequential cell "sky130_fd_sc_hd__dfstp_1".
ABC: Scl_LibertyReadGenlib() skipped sequential cell "sky130_fd_sc_hd__dfstp_2".
ABC: Scl_LibertyReadGenlib() skipped sequential cell "sky130_fd_sc_hd__dfstp_4".
ABC: Scl_LibertyReadGenlib() skipped sequential cell "sky130_fd_sc_hd__dfxbp_1".
ABC: Scl_LibertyReadGenlib() skipped sequential cell "sky130_fd_sc_hd__dfxbp_2".
ABC: Scl_LibertyReadGenlib() skipped sequential cell "sky130_fd_sc_hd__dfxtp_1".
ABC: Scl_LibertyReadGenlib() skipped sequential cell "sky130_fd_sc_hd__dfxtp_2".
ABC: Scl_LibertyReadGenlib() skipped sequential cell "sky130_fd_sc_hd__dfxtp_4".
ABC: Scl_LibertyReadGenlib() skipped cell "sky130_fd_sc_hd__diode_2" without logic function.
ABC: Scl_LibertyReadGenlib() skipped cell "sky130_fd_sc_hd__dlclkp_1" without logic function.
ABC: Scl_LibertyReadGenlib() skipped cell "sky130_fd_sc_hd__dlclkp_2" without logic function.
ABC: Scl_LibertyReadGenlib() skipped cell "sky130_fd_sc_hd__dlclkp_4" without logic function.
ABC: Scl_LibertyReadGenlib() skipped sequential cell "sky130_fd_sc_hd__dlrbn_1".
ABC: Scl_LibertyReadGenlib() skipped sequential cell "sky130_fd_sc_hd__dlrbn_2".
ABC: Scl_LibertyReadGenlib() skipped sequential cell "sky130_fd_sc_hd__dlrbp_1".
ABC: Scl_LibertyReadGenlib() skipped sequential cell "sky130_fd_sc_hd__dlrbp_2".
ABC: Scl_LibertyReadGenlib() skipped sequential cell "sky130_fd_sc_hd__dlrtn_1".
ABC: Scl_LibertyReadGenlib() skipped sequential cell "sky130_fd_sc_hd__dlrtn_2".
ABC: Scl_LibertyReadGenlib() skipped sequential cell "sky130_fd_sc_hd__dlrtn_4".
ABC: Scl_LibertyReadGenlib() skipped sequential cell "sky130_fd_sc_hd__dlrtp_1".
ABC: Scl_LibertyReadGenlib() skipped sequential cell "sky130_fd_sc_hd__dlrtp_2".
ABC: Scl_LibertyReadGenlib() skipped sequential cell "sky130_fd_sc_hd__dlrtp_4".
ABC: Scl_LibertyReadGenlib() skipped sequential cell "sky130_fd_sc_hd__dlxbn_1".
ABC: Scl_LibertyReadGenlib() skipped sequential cell "sky130_fd_sc_hd__dlxbn_2".
ABC: Scl_LibertyReadGenlib() skipped sequential cell "sky130_fd_sc_hd__dlxbp_1".
ABC: Scl_LibertyReadGenlib() skipped sequential cell "sky130_fd_sc_hd__dlxtn_1".
ABC: Scl_LibertyReadGenlib() skipped sequential cell "sky130_fd_sc_hd__dlxtn_2".
ABC: Scl_LibertyReadGenlib() skipped sequential cell "sky130_fd_sc_hd__dlxtn_4".
ABC: Scl_LibertyReadGenlib() skipped sequential cell "sky130_fd_sc_hd__dlxtp_1".
ABC: Scl_LibertyReadGenlib() skipped three-state cell "sky130_fd_sc_hd__ebufn_1".
ABC: Scl_LibertyReadGenlib() skipped three-state cell "sky130_fd_sc_hd__ebufn_2".
ABC: Scl_LibertyReadGenlib() skipped three-state cell "sky130_fd_sc_hd__ebufn_4".
ABC: Scl_LibertyReadGenlib() skipped three-state cell "sky130_fd_sc_hd__ebufn_8".
ABC: Scl_LibertyReadGenlib() skipped sequential cell "sky130_fd_sc_hd__edfxbp_1".
ABC: Scl_LibertyReadGenlib() skipped sequential cell "sky130_fd_sc_hd__edfxtp_1".
ABC: Scl_LibertyReadGenlib() skipped three-state cell "sky130_fd_sc_hd__einvn_0".
ABC: Scl_LibertyReadGenlib() skipped three-state cell "sky130_fd_sc_hd__einvn_1".
ABC: Scl_LibertyReadGenlib() skipped three-state cell "sky130_fd_sc_hd__einvn_2".
ABC: Scl_LibertyReadGenlib() skipped three-state cell "sky130_fd_sc_hd__einvn_4".
ABC: Scl_LibertyReadGenlib() skipped three-state cell "sky130_fd_sc_hd__einvn_8".
ABC: Scl_LibertyReadGenlib() skipped three-state cell "sky130_fd_sc_hd__einvp_1".
ABC: Scl_LibertyReadGenlib() skipped three-state cell "sky130_fd_sc_hd__einvp_2".
ABC: Scl_LibertyReadGenlib() skipped three-state cell "sky130_fd_sc_hd__einvp_4".
ABC: Scl_LibertyReadGenlib() skipped three-state cell "sky130_fd_sc_hd__einvp_8".
ABC: Scl_LibertyReadGenlib() skipped cell "sky130_fd_sc_hd__lpflow_bleeder_1" without logic function.
ABC: Scl_LibertyReadGenlib() skipped cell "sky130_fd_sc_hd__lpflow_decapkapwr_12" without logic function.
ABC: Scl_LibertyReadGenlib() skipped cell "sky130_fd_sc_hd__lpflow_decapkapwr_3" without logic function.
ABC: Scl_LibertyReadGenlib() skipped cell "sky130_fd_sc_hd__lpflow_decapkapwr_4" without logic function.
ABC: Scl_LibertyReadGenlib() skipped cell "sky130_fd_sc_hd__lpflow_decapkapwr_6" without logic function.
ABC: Scl_LibertyReadGenlib() skipped cell "sky130_fd_sc_hd__lpflow_decapkapwr_8" without logic function.
ABC: Scl_LibertyReadGenlib() skipped sequential cell "sky130_fd_sc_hd__lpflow_inputisolatch_1".
ABC: Scl_LibertyReadGenlib() skipped sequential cell "sky130_fd_sc_hd__sdfbbn_1".
ABC: Scl_LibertyReadGenlib() skipped sequential cell "sky130_fd_sc_hd__sdfbbn_2".
ABC: Scl_LibertyReadGenlib() skipped sequential cell "sky130_fd_sc_hd__sdfbbp_1".
ABC: Scl_LibertyReadGenlib() skipped sequential cell "sky130_fd_sc_hd__sdfrbp_1".
ABC: Scl_LibertyReadGenlib() skipped sequential cell "sky130_fd_sc_hd__sdfrbp_2".
ABC: Scl_LibertyReadGenlib() skipped sequential cell "sky130_fd_sc_hd__sdfrtn_1".
ABC: Scl_LibertyReadGenlib() skipped sequential cell "sky130_fd_sc_hd__sdfrtp_1".
ABC: Scl_LibertyReadGenlib() skipped sequential cell "sky130_fd_sc_hd__sdfrtp_2".
ABC: Scl_LibertyReadGenlib() skipped sequential cell "sky130_fd_sc_hd__sdfrtp_4".
ABC: Scl_LibertyReadGenlib() skipped sequential cell "sky130_fd_sc_hd__sdfsbp_1".
ABC: Scl_LibertyReadGenlib() skipped sequential cell "sky130_fd_sc_hd__sdfsbp_2".
ABC: Scl_LibertyReadGenlib() skipped sequential cell "sky130_fd_sc_hd__sdfstp_1".
ABC: Scl_LibertyReadGenlib() skipped sequential cell "sky130_fd_sc_hd__sdfstp_2".
ABC: Scl_LibertyReadGenlib() skipped sequential cell "sky130_fd_sc_hd__sdfstp_4".
ABC: Scl_LibertyReadGenlib() skipped sequential cell "sky130_fd_sc_hd__sdfxbp_1".
ABC: Scl_LibertyReadGenlib() skipped sequential cell "sky130_fd_sc_hd__sdfxbp_2".
ABC: Scl_LibertyReadGenlib() skipped sequential cell "sky130_fd_sc_hd__sdfxtp_1".
ABC: Scl_LibertyReadGenlib() skipped sequential cell "sky130_fd_sc_hd__sdfxtp_2".
ABC: Scl_LibertyReadGenlib() skipped sequential cell "sky130_fd_sc_hd__sdfxtp_4".
ABC: Scl_LibertyReadGenlib() skipped cell "sky130_fd_sc_hd__sdlclkp_1" without logic function.
ABC: Scl_LibertyReadGenlib() skipped cell "sky130_fd_sc_hd__sdlclkp_2" without logic function.
ABC: Scl_LibertyReadGenlib() skipped cell "sky130_fd_sc_hd__sdlclkp_4" without logic function.
ABC: Scl_LibertyReadGenlib() skipped sequential cell "sky130_fd_sc_hd__sedfxbp_1".
ABC: Scl_LibertyReadGenlib() skipped sequential cell "sky130_fd_sc_hd__sedfxbp_2".
ABC: Scl_LibertyReadGenlib() skipped sequential cell "sky130_fd_sc_hd__sedfxtp_1".
ABC: Scl_LibertyReadGenlib() skipped sequential cell "sky130_fd_sc_hd__sedfxtp_2".
ABC: Scl_LibertyReadGenlib() skipped sequential cell "sky130_fd_sc_hd__sedfxtp_4".
ABC: Library "sky130_fd_sc_hd__tt_025C_1v80" from "/Users/hello.welcometothisdevice/.ciel/ciel/sky130/versions/0fe599b2afb6708d281543108caf8310912f54af/sky130A/libs.ref/sky130_fd_sc_hd/lib/sky130_fd_sc_hd__tt_025C_1v80.lib" has 334 cells (94 skipped: 63 seq; 13 tri-state; 18 no func; 0 dont_use).  Time =     0.08 sec
ABC: Memory =   19.85 MB. Time =     0.08 sec
ABC: Warning: Detected 9 multi-output gates (for example, "sky130_fd_sc_hd__fa_1").
ABC: + strash 
ABC: + &get -n 
ABC: + &fraig -x 
ABC: + &put 
ABC: + scorr 
ABC: Warning: The network is combinational (run "fraig" or "fraig_sweep").
ABC: + dc2 
ABC: + dretime 
ABC: + strash 
ABC: + &get -n 
ABC: + &dch -f 
ABC: + &nf 
ABC: + &put 
ABC: + write_blif <abc-temp-dir>/output.blif 

15.1.2. Re-integrating ABC results.
ABC RESULTS:   sky130_fd_sc_hd__o2111a_1 cells:        1
ABC RESULTS:   sky130_fd_sc_hd__a2111o_1 cells:        1
ABC RESULTS:   sky130_fd_sc_hd__and4b_1 cells:        5
ABC RESULTS:   sky130_fd_sc_hd__a41oi_1 cells:        5
ABC RESULTS:   sky130_fd_sc_hd__nor4bb_1 cells:        1
ABC RESULTS:   sky130_fd_sc_hd__or4b_1 cells:        3
ABC RESULTS:   sky130_fd_sc_hd__or3b_1 cells:        2
ABC RESULTS:   sky130_fd_sc_hd__o221a_1 cells:        1
ABC RESULTS:   sky130_fd_sc_hd__o22a_1 cells:       34
ABC RESULTS:   sky130_fd_sc_hd__nand3b_1 cells:        6
ABC RESULTS:   sky130_fd_sc_hd__nor2b_1 cells:        7
ABC RESULTS:   sky130_fd_sc_hd__a2bb2oi_1 cells:        4
ABC RESULTS:   sky130_fd_sc_hd__a21bo_1 cells:        1
ABC RESULTS:   sky130_fd_sc_hd__o31a_1 cells:       11
ABC RESULTS:   sky130_fd_sc_hd__o2bb2ai_1 cells:        8
ABC RESULTS:   sky130_fd_sc_hd__o32a_1 cells:        1
ABC RESULTS:   sky130_fd_sc_hd__o41ai_1 cells:        5
ABC RESULTS:   sky130_fd_sc_hd__a32o_1 cells:       37
ABC RESULTS:   sky130_fd_sc_hd__a32oi_1 cells:       40
ABC RESULTS:   sky130_fd_sc_hd__nand4b_1 cells:       11
ABC RESULTS:   sky130_fd_sc_hd__and4_1 cells:       24
ABC RESULTS:   sky130_fd_sc_hd__nor3b_1 cells:       13
ABC RESULTS:   sky130_fd_sc_hd__o221ai_1 cells:       46
ABC RESULTS:   sky130_fd_sc_hd__a2111oi_0 cells:       24
ABC RESULTS:   sky130_fd_sc_hd__o32ai_1 cells:       61
ABC RESULTS:   sky130_fd_sc_hd__xnor3_1 cells:        1
ABC RESULTS:   sky130_fd_sc_hd__a311oi_1 cells:       23
ABC RESULTS:   sky130_fd_sc_hd__maj3_1 cells:       65
ABC RESULTS:   sky130_fd_sc_hd__o21a_1 cells:       24
ABC RESULTS:   sky130_fd_sc_hd__mux2_1 cells:       87
ABC RESULTS:   sky130_fd_sc_hd__o21bai_1 cells:       11
ABC RESULTS:   sky130_fd_sc_hd__o311a_1 cells:        9
ABC RESULTS:   sky130_fd_sc_hd__nor4b_1 cells:       10
ABC RESULTS:   sky130_fd_sc_hd__clkinv_1 cells:      275
ABC RESULTS:   sky130_fd_sc_hd__o311ai_0 cells:       24
ABC RESULTS:   sky130_fd_sc_hd__o211a_1 cells:        4
ABC RESULTS:   sky130_fd_sc_hd__a311o_1 cells:        5
ABC RESULTS:   sky130_fd_sc_hd__o2111ai_1 cells:       35
ABC RESULTS:   sky130_fd_sc_hd__a211oi_1 cells:       89
ABC RESULTS:   sky130_fd_sc_hd__nor3_1 cells:      247
ABC RESULTS:   sky130_fd_sc_hd__a221o_1 cells:       16
ABC RESULTS:   sky130_fd_sc_hd__a211o_1 cells:        5
ABC RESULTS:   sky130_fd_sc_hd__a31o_1 cells:        4
ABC RESULTS:   sky130_fd_sc_hd__a22o_1 cells:       95
ABC RESULTS:   sky130_fd_sc_hd__a31oi_1 cells:      161
ABC RESULTS:   sky130_fd_sc_hd__nand4_1 cells:       87
ABC RESULTS:   sky130_fd_sc_hd__lpflow_isobufsrc_1 cells:      132
ABC RESULTS:   sky130_fd_sc_hd__a22oi_1 cells:      117
ABC RESULTS:   sky130_fd_sc_hd__and3_1 cells:      109
ABC RESULTS:   sky130_fd_sc_hd__a222oi_1 cells:       58
ABC RESULTS:   sky130_fd_sc_hd__a221oi_1 cells:       74
ABC RESULTS:   sky130_fd_sc_hd__nor4_1 cells:      102
ABC RESULTS:   sky130_fd_sc_hd__lpflow_inputiso1p_1 cells:       76
ABC RESULTS:   sky130_fd_sc_hd__or3_1 cells:       57
ABC RESULTS:   sky130_fd_sc_hd__or4_1 cells:       25
ABC RESULTS:   sky130_fd_sc_hd__nor2_1 cells:     1401
ABC RESULTS:   sky130_fd_sc_hd__o31ai_1 cells:       48
ABC RESULTS:   sky130_fd_sc_hd__o22ai_1 cells:      184
ABC RESULTS:   sky130_fd_sc_hd__nand3_1 cells:      193
ABC RESULTS:   sky130_fd_sc_hd__a21o_1 cells:       53
ABC RESULTS:   sky130_fd_sc_hd__a21boi_0 cells:       23
ABC RESULTS:   sky130_fd_sc_hd__a21oi_1 cells:     1130
ABC RESULTS:   sky130_fd_sc_hd__xor2_1 cells:      211
ABC RESULTS:   sky130_fd_sc_hd__xnor2_1 cells:      319
ABC RESULTS:   sky130_fd_sc_hd__mux2i_1 cells:      128
ABC RESULTS:   sky130_fd_sc_hd__o21ai_0 cells:     1055
ABC RESULTS:   sky130_fd_sc_hd__nand2_1 cells:     1383
ABC RESULTS:   sky130_fd_sc_hd__o211ai_1 cells:       86
ABC RESULTS:   sky130_fd_sc_hd__nand2b_1 cells:      127
ABC RESULTS:   sky130_fd_sc_hd__and2_0 cells:      165
ABC RESULTS:        internal signals:    11880
ABC RESULTS:           input signals:     1611
ABC RESULTS:          output signals:     1483
Removing temp directory.
Removed 0 unused cells and 7090 unused wires.

16. Executing OPT_CLEAN pass (remove unused cells and wires).
Finding unused cells or wires in module \picosoc..
Removed 8 unused cells and 162 unused wires.
<suppressed ~170 debug messages>
""

17. Executing Verilog backend.
Dumping module `\picosoc'.

18. Printing statistics.

=== picosoc ===

   Number of wires:               9020
   Number of wire bits:          10731
   Number of public wires:         211
   Number of public wire bits:    1922
   Number of ports:                 27
   Number of port bits:            123
   Number of memories:               1
   Number of memory bits:         1024
   Number of processes:              0
   Number of cells:              10334
     $memrd_v2                       2
     $memwr_v2                       1
     aes                             1
     sky130_fd_sc_hd__a2111o_1       1
     sky130_fd_sc_hd__a2111oi_0     24
     sky130_fd_sc_hd__a211o_1        5
     sky130_fd_sc_hd__a211oi_1      89
     sky130_fd_sc_hd__a21bo_1        1
     sky130_fd_sc_hd__a21boi_0      23
     sky130_fd_sc_hd__a21o_1        53
     sky130_fd_sc_hd__a21oi_1     1130
     sky130_fd_sc_hd__a221o_1       16
     sky130_fd_sc_hd__a221oi_1      74
     sky130_fd_sc_hd__a222oi_1      58
     sky130_fd_sc_hd__a22o_1        95
     sky130_fd_sc_hd__a22oi_1      117
     sky130_fd_sc_hd__a2bb2oi_1      4
     sky130_fd_sc_hd__a311o_1        5
     sky130_fd_sc_hd__a311oi_1      23
     sky130_fd_sc_hd__a31o_1         4
     sky130_fd_sc_hd__a31oi_1      161
     sky130_fd_sc_hd__a32o_1        37
     sky130_fd_sc_hd__a32oi_1       40
     sky130_fd_sc_hd__a41oi_1        5
     sky130_fd_sc_hd__and2_0       165
     sky130_fd_sc_hd__and3_1       109
     sky130_fd_sc_hd__and4_1        24
     sky130_fd_sc_hd__and4b_1        5
     sky130_fd_sc_hd__clkinv_1     275
     sky130_fd_sc_hd__dfxtp_1     1444
     sky130_fd_sc_hd__lpflow_inputiso1p_1     76
     sky130_fd_sc_hd__lpflow_isobufsrc_1    132
     sky130_fd_sc_hd__maj3_1        65
     sky130_fd_sc_hd__mux2_1        87
     sky130_fd_sc_hd__mux2i_1      128
     sky130_fd_sc_hd__nand2_1     1383
     sky130_fd_sc_hd__nand2b_1     127
     sky130_fd_sc_hd__nand3_1      193
     sky130_fd_sc_hd__nand3b_1       6
     sky130_fd_sc_hd__nand4_1       87
     sky130_fd_sc_hd__nand4b_1      11
     sky130_fd_sc_hd__nor2_1      1401
     sky130_fd_sc_hd__nor2b_1        7
     sky130_fd_sc_hd__nor3_1       247
     sky130_fd_sc_hd__nor3b_1       13
     sky130_fd_sc_hd__nor4_1       102
     sky130_fd_sc_hd__nor4b_1       10
     sky130_fd_sc_hd__nor4bb_1       1
     sky130_fd_sc_hd__o2111a_1       1
     sky130_fd_sc_hd__o2111ai_1     35
     sky130_fd_sc_hd__o211a_1        4
     sky130_fd_sc_hd__o211ai_1      86
     sky130_fd_sc_hd__o21a_1        24
     sky130_fd_sc_hd__o21ai_0     1055
     sky130_fd_sc_hd__o21bai_1      11
     sky130_fd_sc_hd__o221a_1        1
     sky130_fd_sc_hd__o221ai_1      46
     sky130_fd_sc_hd__o22a_1        34
     sky130_fd_sc_hd__o22ai_1      184
     sky130_fd_sc_hd__o2bb2ai_1      8
     sky130_fd_sc_hd__o311a_1        9
     sky130_fd_sc_hd__o311ai_0      24
     sky130_fd_sc_hd__o31a_1        11
     sky130_fd_sc_hd__o31ai_1       48
     sky130_fd_sc_hd__o32a_1         1
     sky130_fd_sc_hd__o32ai_1       61
     sky130_fd_sc_hd__o41ai_1        5
     sky130_fd_sc_hd__or3_1         57
     sky130_fd_sc_hd__or3b_1         2
     sky130_fd_sc_hd__or4_1         25
     sky130_fd_sc_hd__or4b_1         3
     sky130_fd_sc_hd__xnor2_1      319
     sky130_fd_sc_hd__xnor3_1        1
     sky130_fd_sc_hd__xor2_1       211
     sky130_sram_1kbyte_1rw1r_32x256_8      1

   Area for cell type $memrd_v2 is unknown!
   Area for cell type $memwr_v2 is unknown!
   Area for cell type \aes is unknown!
   Area for cell type \sky130_sram_1kbyte_1rw1r_32x256_8 is unknown!

   Chip area for module '\picosoc': 78579.113600
     of which used for sequential elements: 28907.724800 (36.79%)

19. Printing statistics.

=== picosoc ===

   Number of wires:               9020
   Number of wire bits:          10731
   Number of public wires:         211
   Number of public wire bits:    1922
   Number of ports:                 27
   Number of port bits:            123
   Number of memories:               1
   Number of memory bits:         1024
   Number of processes:              0
   Number of cells:              10334
     $memrd_v2                       2
     $memwr_v2                       1
     aes                             1
     sky130_fd_sc_hd__a2111o_1       1
     sky130_fd_sc_hd__a2111oi_0     24
     sky130_fd_sc_hd__a211o_1        5
     sky130_fd_sc_hd__a211oi_1      89
     sky130_fd_sc_hd__a21bo_1        1
     sky130_fd_sc_hd__a21boi_0      23
     sky130_fd_sc_hd__a21o_1        53
     sky130_fd_sc_hd__a21oi_1     1130
     sky130_fd_sc_hd__a221o_1       16
     sky130_fd_sc_hd__a221oi_1      74
     sky130_fd_sc_hd__a222oi_1      58
     sky130_fd_sc_hd__a22o_1        95
     sky130_fd_sc_hd__a22oi_1      117
     sky130_fd_sc_hd__a2bb2oi_1      4
     sky130_fd_sc_hd__a311o_1        5
     sky130_fd_sc_hd__a311oi_1      23
     sky130_fd_sc_hd__a31o_1         4
     sky130_fd_sc_hd__a31oi_1      161
     sky130_fd_sc_hd__a32o_1        37
     sky130_fd_sc_hd__a32oi_1       40
     sky130_fd_sc_hd__a41oi_1        5
     sky130_fd_sc_hd__and2_0       165
     sky130_fd_sc_hd__and3_1       109
     sky130_fd_sc_hd__and4_1        24
     sky130_fd_sc_hd__and4b_1        5
     sky130_fd_sc_hd__clkinv_1     275
     sky130_fd_sc_hd__dfxtp_1     1444
     sky130_fd_sc_hd__lpflow_inputiso1p_1     76
     sky130_fd_sc_hd__lpflow_isobufsrc_1    132
     sky130_fd_sc_hd__maj3_1        65
     sky130_fd_sc_hd__mux2_1        87
     sky130_fd_sc_hd__mux2i_1      128
     sky130_fd_sc_hd__nand2_1     1383
     sky130_fd_sc_hd__nand2b_1     127
     sky130_fd_sc_hd__nand3_1      193
     sky130_fd_sc_hd__nand3b_1       6
     sky130_fd_sc_hd__nand4_1       87
     sky130_fd_sc_hd__nand4b_1      11
     sky130_fd_sc_hd__nor2_1      1401
     sky130_fd_sc_hd__nor2b_1        7
     sky130_fd_sc_hd__nor3_1       247
     sky130_fd_sc_hd__nor3b_1       13
     sky130_fd_sc_hd__nor4_1       102
     sky130_fd_sc_hd__nor4b_1       10
     sky130_fd_sc_hd__nor4bb_1       1
     sky130_fd_sc_hd__o2111a_1       1
     sky130_fd_sc_hd__o2111ai_1     35
     sky130_fd_sc_hd__o211a_1        4
     sky130_fd_sc_hd__o211ai_1      86
     sky130_fd_sc_hd__o21a_1        24
     sky130_fd_sc_hd__o21ai_0     1055
     sky130_fd_sc_hd__o21bai_1      11
     sky130_fd_sc_hd__o221a_1        1
     sky130_fd_sc_hd__o221ai_1      46
     sky130_fd_sc_hd__o22a_1        34
     sky130_fd_sc_hd__o22ai_1      184
     sky130_fd_sc_hd__o2bb2ai_1      8
     sky130_fd_sc_hd__o311a_1        9
     sky130_fd_sc_hd__o311ai_0      24
     sky130_fd_sc_hd__o31a_1        11
     sky130_fd_sc_hd__o31ai_1       48
     sky130_fd_sc_hd__o32a_1         1
     sky130_fd_sc_hd__o32ai_1       61
     sky130_fd_sc_hd__o41ai_1        5
     sky130_fd_sc_hd__or3_1         57
     sky130_fd_sc_hd__or3b_1         2
     sky130_fd_sc_hd__or4_1         25
     sky130_fd_sc_hd__or4b_1         3
     sky130_fd_sc_hd__xnor2_1      319
     sky130_fd_sc_hd__xnor3_1        1
     sky130_fd_sc_hd__xor2_1       211
     sky130_sram_1kbyte_1rw1r_32x256_8      1

   Area for cell type $memrd_v2 is unknown!
   Area for cell type $memwr_v2 is unknown!
   Area for cell type \aes is unknown!
   Area for cell type \sky130_sram_1kbyte_1rw1r_32x256_8 is unknown!

   Chip area for module '\picosoc': 78579.113600
     of which used for sequential elements: 28907.724800 (36.79%)

""
"========================================"
"Synthesis Complete!"
"========================================"

Warnings: 26 unique messages, 234 total
End of script. Logfile hash: 0c8e59c12e, CPU: user 3.75s system 0.17s, MEM: 451.31 MB peak
Yosys 0.46 (git sha1 e97731b9dda91fa5fa53ed87df7c34163ba59a41, clang++ 16.0.6 -fPIC -O3)
Time spent: 33% 1x abc (1 sec), 16% 13x read_verilog (0 sec), ...
